ply
format ascii 1.0
comment Generated by scripts/generate_sample_point_cloud.js
element vertex 20000
property float x
property float y
property float z
property uchar red
property uchar green
property uchar blue
end_header
0.000000 1.000000 0.000000 128 255 128
-0.010511 1.007869 0.009629 126 255 129
0.001758 1.005066 -0.020028 128 255 125
0.014511 0.973402 0.018927 129 255 130
-0.028585 1.025979 -0.005056 124 255 127
0.026544 0.994419 -0.016885 131 255 125
-0.008911 0.990410 0.033148 126 255 132
-0.017269 1.000811 -0.033251 125 255 123
0.037828 1.006152 0.013815 132 255 129
-0.039421 1.004500 0.016272 123 255 130
0.018455 0.972885 -0.039438 130 255 122
0.014405 1.025266 0.045924 129 255 133
-0.042169 0.993951 -0.024438 122 255 124
0.049287 0.988683 -0.010836 134 255 126
-0.030515 1.001616 0.043404 124 255 133
-0.007078 1.004455 -0.054623 127 255 121
0.043476 1.003886 0.036642 133 255 132
-0.056728 0.972446 0.002346 120 255 128
0.043631 1.024475 -0.043418 133 255 122
-0.002833 0.993523 0.061268 127 255 135
-0.040054 0.986953 -0.047999 122 255 121
0.064486 1.002407 0.008677 136 255 129
-0.054693 1.002780 0.038054 121 255 132
0.014960 1.003221 -0.066499 129 255 119
0.033546 0.972088 0.058541 132 255 135
-0.069087 1.023608 -0.022041 119 255 125
0.065141 0.993134 -0.030097 136 255 124
-0.028008 0.985223 0.066923 124 255 136
-0.025462 1.003182 -0.070791 124 255 119
0.067639 1.001132 0.035549 136 255 132
-0.075260 1.002504 0.019838 118 255 130
0.041483 0.971808 -0.064515 133 255 119
0.013891 1.022666 0.080827 129 255 138
-0.063927 0.992779 -0.049508 119 255 121
0.081033 0.983500 -0.006713 138 255 127
-0.057191 1.003934 0.061822 120 255 135
0.000415 0.999515 -0.085043 128 255 117
0.058061 1.001734 0.064003 135 255 136
-0.084585 0.971607 -0.007839 116 255 126
0.072086 1.021651 -0.054711 136 255 121
-0.015936 0.992456 0.087600 125 254 139
-0.047498 0.981786 -0.075480 121 254 118
0.089087 1.004659 0.024415 139 254 131
-0.082604 0.997932 0.042391 117 254 133
0.032748 1.000909 -0.088332 132 254 116
0.034868 0.971483 0.085652 132 254 139
-0.088767 1.020567 -0.042068 116 254 122
0.092252 0.992162 -0.028442 139 254 124
-0.048731 0.980087 0.083151 121 254 138
-0.020973 1.005352 -0.097668 125 254 115
0.081538 0.996385 0.057921 138 254 135
-0.100611 1.000030 0.012539 115 254 129
0.064466 0.971435 -0.075737 136 254 118
0.003840 1.019414 0.105307 128 254 141
-0.072650 0.991892 -0.073721 118 254 118
0.102910 0.978407 0.005262 141 254 128
-0.082423 1.006009 0.068102 117 254 136
0.014742 0.994879 -0.105660 129 254 114
0.061294 0.999096 0.089018 135 254 139
-0.103301 0.971461 -0.023769 114 254 124
0.097487 1.018197 -0.055232 140 254 121
-0.033955 0.991643 0.104667 123 254 141
-0.045349 0.976751 -0.099424 122 254 115
0.104516 1.006624 0.044341 141 254 133
-0.106458 0.993416 0.037705 114 254 132
0.053698 0.998106 -0.100972 134 254 115
0.028065 0.971560 0.108615 131 254 142
-0.099205 1.016918 -0.064474 115 254 119
0.114630 0.991412 -0.019125 142 254 125
-0.070950 0.975122 0.090696 118 254 139
-0.009309 1.007195 -0.119444 126 254 112
0.086847 0.991998 0.081131 139 254 138
-0.120295 0.997061 -0.001174 112 254 127
0.087831 0.971728 -0.078898 139 254 117
-0.012069 1.015580 0.123657 126 254 143
-0.073334 0.991194 -0.097608 118 254 115
0.118660 0.973526 0.022185 143 254 130
-0.106785 1.007716 0.066474 114 254 136
0.033482 0.990628 -0.119874 132 254 112
0.056954 0.995962 0.112327 135 254 142
-0.115766 0.971963 -0.043562 112 254 122
0.120530 1.014187 -0.048382 143 254 121
-0.055250 0.990986 0.115127 120 254 142
-0.036540 0.971967 -0.120604 123 254 112
0.113134 1.008184 0.067046 142 254 136
-0.127060 0.989308 0.026637 111 254 131
0.076570 0.994808 -0.106686 137 254 114
0.015341 0.972263 0.128183 129 254 144
-0.102566 1.012743 -0.088168 115 254 116
0.133014 0.990784 -0.004201 144 254 127
-0.093818 0.970448 0.091557 115 254 139
0.007664 1.008595 -0.136793 128 254 110
0.085455 0.988039 0.104459 138 254 141
-0.135064 0.993601 -0.019516 110 254 125
0.110994 0.972625 -0.075630 142 254 118
-0.032149 1.011251 0.136667 123 254 145
-0.067567 0.990584 -0.120626 119 254 112
0.129116 0.968975 0.042584 144 254 133
-0.129759 1.008946 0.058422 111 254 135
0.055268 0.986823 -0.128523 135 254 111
0.046558 0.992342 0.133520 133 254 144
-0.122719 0.973044 -0.066034 112 254 119
0.140889 1.009716 -0.035671 145 254 123
-0.078652 0.990381 0.119737 117 254 143
-0.022468 0.967549 -0.138839 125 254 109
0.115667 1.009233 0.091398 142 254 139
-0.144286 0.985661 0.010538 109 254 129
0.100293 0.991034 -0.106314 140 254 114
-0.002111 0.973518 0.144237 127 254 146
-0.099750 1.008142 -0.112139 115 254 113
0.147322 0.990173 0.015105 146 254 129
-0.116489 0.966177 0.086633 112 254 139
0.028733 1.009455 -0.149634 131 254 109
0.078272 0.984554 0.127117 138 254 144
-0.144977 0.989677 -0.041257 109 254 122
0.133232 0.974042 -0.066738 145 254 119
-0.055176 1.006532 0.144486 121 254 146
-0.056222 0.989954 -0.142061 120 254 109
0.134515 0.964859 0.065364 145 253 136
-0.150633 1.009607 0.044837 109 253 133
0.079032 0.983502 -0.131888 138 253 111
0.031094 0.988274 0.152007 131 253 147
-0.124391 0.974613 -0.090200 111 253 116
0.158050 1.004892 -0.018133 147 253 125
-0.103142 0.989721 0.118807 114 253 143
-0.004105 0.963601 -0.153754 127 253 107
0.112454 1.009688 0.116361 142 253 142
-0.157807 0.982506 -0.009613 107 253 126
0.123890 0.986827 -0.100347 143 253 115
-0.023385 0.975227 0.156445 124 253 148
-0.091331 1.003225 -0.135452 116 253 111
0.157277 0.989471 0.037808 148 253 132
-0.138174 0.962405 0.076513 109 253 138
0.052872 1.009696 -0.157718 134 253 108
0.065921 0.981566 0.148342 136 253 147
-0.149951 0.985339 -0.065350 108 253 119
0.153806 0.975878 -0.052792 147 253 121
-0.080094 1.001537 0.147125 117 253 146
-0.039974 0.989200 -0.161183 122 253 107
0.134944 0.961274 0.089586 145 253 139
-0.168684 1.009629 0.026454 106 253 131
0.103835 0.980682 -0.130097 141 253 111
0.011391 0.983813 0.167202 129 253 149
-0.120881 0.976563 -0.115155 112 253 113
0.171507 0.999831 0.003347 149 253 128
-0.127769 0.988904 0.112541 111 253 142
0.017727 0.960211 -0.164958 130 253 106
0.103765 1.009485 0.140956 140 253 145
-0.167265 0.979852 -0.032965 106 253 123
0.146464 0.982251 -0.089202 146 253 116
-0.047663 0.977277 0.164437 121 253 149
-0.077813 0.998112 -0.157252 118 253 108
0.162585 0.988579 0.062998 148 253 136
-0.158144 0.959217 0.061696 107 253 136
0.079108 1.009264 -0.160800 137 253 107
0.048945 0.979076 0.167415 134 253 149
-0.149911 0.980658 -0.090829 108 253 116
0.171993 0.978015 -0.034308 150 253 123
-0.105938 0.996385 0.144604 114 253 146
-0.019466 0.988223 -0.177299 125 253 105
0.130474 0.958295 0.114391 145 253 142
-0.183234 1.008964 0.003998 105 253 128
0.128801 0.978354 -0.123267 144 253 112
-0.011754 0.979036 0.178583 126 253 150
-0.112286 0.978772 -0.140022 113 253 110
0.180820 0.994654 0.027931 150 253 131
-0.151623 0.987833 0.101163 108 253 140
0.042261 0.957447 -0.172099 133 253 105
0.089909 1.008586 0.164252 139 253 148
-0.172339 0.977683 -0.058710 105 253 120
0.167191 0.977390 -0.073322 149 253 118
-0.074138 0.979544 0.167874 118 253 149
-0.059711 0.992924 -0.176768 120 253 105
0.163009 0.987404 0.089775 148 253 139
-0.175731 0.956674 0.042673 104 253 133
0.106485 1.008128 -0.158714 141 253 108
0.027888 0.977061 0.183674 131 253 151
-0.144856 0.975722 -0.116777 109 253 113
0.187111 0.980325 -0.011831 151 253 126
-0.131798 0.991199 0.137008 111 253 145
0.004630 0.986936 -0.189779 128 253 103
0.121210 0.955978 0.138972 143 253 146
-0.193692 1.007591 -0.021771 103 253 125
0.153096 0.976488 -0.111555 147 253 113
-0.037545 0.974038 0.185726 123 253 151
-0.098756 0.981109 -0.163944 115 253 107
0.185643 0.989484 0.054793 151 253 134
-0.173841 0.986425 0.084969 105 253 138
0.068748 0.955359 -0.174889 137 253 105
0.071281 1.006976 0.185378 136 253 151
-0.172774 0.975961 -0.086049 105 253 116
0.185335 0.972340 -0.053204 151 253 121
-0.101985 0.981894 0.166485 115 253 149
-0.037582 0.987782 -0.193316 123 253 103
0.158410 0.985868 0.117244 148 253 142
-0.190333 0.954818 0.019958 103 253 130
0.134055 1.006283 -0.151406 144 253 109
0.003329 0.975477 0.196519 128 252 153
-0.134882 0.970634 -0.142321 110 252 109
0.198535 0.982672 0.014040 153 252 129
-0.156825 0.986097 0.124508 108 252 143
0.031588 0.985265 -0.198084 132 252 102
0.107319 0.954354 0.162562 142 252 149
-0.199578 1.005513 -0.050042 103 252 121
0.175926 0.975034 -0.095187 150 252 115
-0.065179 0.968924 0.188313 119 252 152
-0.080531 0.983439 -0.186090 117 252 104
0.185734 0.984434 0.083111 151 252 138
-0.193610 0.984612 0.064350 103 252 136
0.096443 0.953969 -0.173112 140 252 105
0.048376 1.004668 0.203541 134 252 153
-0.168396 0.974629 -0.114176 106 252 113
0.200251 0.967213 -0.029406 153 252 124
-0.130355 0.984191 0.160095 111 252 148
-0.012035 0.982797 -0.206309 126 252 101
0.148759 0.983909 0.144507 146 252 146
-0.201413 0.953662 -0.005897 101 252 127
0.160892 1.003750 -0.138953 147 252 110
-0.024105 0.974259 0.205424 124 252 154
-0.120185 0.965507 -0.166643 112 252 106
0.205716 0.984922 0.042632 154 252 133
-0.180224 0.981189 0.107367 105 252 141
0.060628 0.983154 -0.201782 135 252 102
0.089034 0.953432 0.184433 139 252 152
-0.200539 1.002759 -0.079963 103 252 118
0.196532 0.973922 -0.074471 153 252 118
-0.093845 0.963809 0.186147 115 252 152
-0.057954 0.985628 -0.205661 120 252 101
0.180959 0.979613 0.112069 151 252 142
-0.210194 0.982346 0.039800 101 252 133
0.124596 0.953277 -0.166637 144 252 106
0.021788 1.001699 0.218041 130 252 155
-0.159126 0.973613 -0.142282 107 252 109
0.211397 0.962125 -0.002550 155 252 127
-0.158380 0.986303 0.148642 108 252 146
0.016278 0.978073 -0.215255 130 252 100
0.134160 0.981484 0.170685 145 252 149
-0.208505 0.953198 -0.034294 100 252 123
0.186108 1.000572 -0.121564 151 252 112
-0.053731 0.973329 0.209944 121 252 154
-0.101063 0.960458 -0.188983 114 252 103
0.208200 0.986944 0.073201 154 252 137
-0.201265 0.976571 0.085935 102 252 138
0.090923 0.980569 -0.200563 139 252 102
0.066666 0.953192 0.203897 136 252 154
-0.196359 0.999380 -0.110653 103 252 114
0.214206 0.973067 -0.049808 155 252 121
-0.122742 0.958814 0.179141 112 252 151
-0.031482 0.987546 -0.221911 124 252 100
0.171290 0.975111 0.140866 149 252 145
-0.222941 0.979599 0.011914 99 252 129
0.152453 0.953257 -0.155415 147 252 107
-0.007799 0.998127 0.228292 127 252 156
-0.144993 0.972823 -0.169550 109 252 106
0.218333 0.957196 0.026700 156 252 131
-0.185186 0.988104 0.132190 104 252 144
0.046663 0.973695 -0.219765 133 252 99
0.114846 0.978574 0.194933 142 252 152
-0.211217 0.953392 -0.064588 100 252 119
0.208874 0.996816 -0.099579 154 252 115
-0.084814 0.972593 0.209726 117 252 154
-0.077902 0.955608 -0.208652 117 252 100
0.205646 0.988615 0.104936 153 252 141
-0.219288 0.972325 0.060641 100 252 135
0.121616 0.977496 -0.194250 143 252 103
0.040603 0.953593 0.220306 133 252 156
-0.186966 0.995450 -0.141223 104 252 110
0.228296 0.972373 -0.021689 157 252 125
-0.151086 0.954055 0.167324 108 252 149
-0.001682 0.989075 -0.234165 127 252 98
0.156806 0.971003 0.168722 148 252 149
-0.231307 0.976364 -0.018627 98 252 125
0.179263 0.953858 -0.139493 151 252 109
-0.039631 0.994032 0.233827 123 252 157
-0.126133 0.972161 -0.195176 111 252 103
0.220727 0.952542 0.057640 156 251 135
-0.209911 0.989480 0.110941 101 251 141
0.078396 0.969732 -0.219548 138 251 99
0.091175 0.975181 0.216457 139 251 155
-0.209240 0.954184 -0.096090 100 251 115
0.228439 0.992567 -0.073458 156 251 118
-0.116572 0.971951 0.204524 113 251 154
-0.051171 0.951071 -0.225038 121 251 98
0.197840 0.989827 0.136977 152 251 145
-0.233704 0.968512 0.031993 98 251 132
0.151839 0.973946 -0.182808 147 251 104
0.011315 0.954568 0.233066 129 251 158
-0.172429 0.991058 -0.170801 106 251 106
0.238223 0.971740 0.009302 158 251 129
-0.178127 0.949647 0.150829 104 251 147
0.030773 0.990112 -0.241842 131 251 97
0.137683 0.967344 0.194885 145 251 152
-0.234869 0.972661 -0.051068 98 251 121
0.204276 0.955006 -0.119011 154 251 112
-0.072903 0.989510 0.234315 118 251 157
-0.102803 0.971524 -0.218373 114 251 100
0.218355 0.948273 0.089546 156 251 139
-0.231728 0.990333 0.085232 99 251 138
0.110733 0.966231 -0.214415 142 251 100
0.063629 0.971329 0.234542 136 251 157
-0.202355 0.955495 -0.128068 101 251 111
0.244144 0.987926 -0.043766 158 251 122
-0.148186 0.971299 0.194207 109 251 152
-0.021405 0.946953 -0.237612 125 251 96
0.184711 0.990487 0.168429 151 251 149
-0.244003 0.965171 0.000562 96 251 128
0.180739 0.969951 -0.166339 151 251 106
-0.020646 0.956031 0.241641 125 251 159
-0.152950 0.986310 -0.198548 108 251 103
0.243494 0.971061 0.042493 158 251 133
-0.203151 0.945690 0.129886 101 251 144
0.065115 0.990571 -0.244471 136 251 97
0.114194 0.964167 0.218640 142 251 156
-0.233332 0.968529 -0.084604 98 251 117
0.226759 0.956609 -0.094215 157 251 115
-0.106780 0.984668 0.229558 114 251 156
-0.075379 0.970808 -0.238396 118 251 97
0.211093 0.944488 0.121684 155 251 143
-0.249871 0.990585 0.055537 96 251 134
0.142914 0.963217 -0.204278 146 251 101
0.032792 0.967066 0.248561 132 251 159
-0.190437 0.957226 -0.159752 103 251 107
0.255438 0.983003 -0.011153 160 251 126
-0.178816 0.970534 0.178767 105 251 150
0.010804 0.943348 -0.245929 129 251 95
0.166334 0.990525 0.198393 148 251 152
-0.249757 0.962322 -0.033019 95 251 123
0.207497 0.965565 -0.145081 154 251 109
-0.054650 0.957876 0.245566 120 251 159
-0.128860 0.981320 -0.223682 111 251 99
0.243721 0.970237 0.077136 158 251 137
-0.225494 0.942274 0.104815 98 251 141
0.100505 0.990390 -0.241714 140 251 97
0.086700 0.961481 0.239316 139 251 158
-0.226541 0.964029 -0.118398 99 251 112
0.246005 0.958556 -0.065453 159 251 119
-0.140419 0.979624 0.219494 110 251 155
-0.044351 0.969913 -0.254553 122 251 95
0.198917 0.941268 0.153321 154 251 148
-0.263655 0.990179 0.022455 95 251 130
0.174175 0.960693 -0.189151 150 251 103
-0.000664 0.962461 0.257999 127 251 161
-0.173476 0.959262 -0.190349 105 251 103
0.261886 0.977918 0.023663 160 251 130
-0.207621 0.969559 0.158332 101 251 148
0.044819 0.940332 -0.249630 133 251 95
0.142938 0.989892 0.225986 145 251 156
-0.250626 0.959957 -0.068066 95 251 119
0.231351 0.960864 -0.119399 157 251 112
-0.089992 0.959987 0.244463 116 251 159
-0.100596 0.976207 -0.245491 115 251 97
0.238632 0.969171 0.112420 158 251 142
-0.244545 0.939469 0.076013 95 251 137
0.136050 0.989527 -0.233375 144 250 98
0.055654 0.959272 0.256295 135 250 160
-0.214474 0.959241 -0.151610 100 250 108
0.261349 0.960727 -0.033183 161 250 123
-0.172993 0.974496 0.204190 106 250 153
-0.010323 0.968748 -0.266234 126 250 94
0.181899 0.938678 0.183733 151 250 152
-0.272504 0.989085 -0.013304 94 250 126
0.203759 0.958637 -0.169147 154 250 106
-0.036002 0.957597 0.262460 123 250 161
-0.151574 0.961478 -0.219050 108 250 100
0.263170 0.972788 0.059917 161 250 135
-0.233780 0.968285 0.133163 98 250 144
0.079966 0.937962 -0.248445 138 250 95
0.114896 0.988565 0.250370 142 250 159
-0.246362 0.958049 -0.103850 96 250 114
0.251615 0.955935 -0.089769 160 250 116
-0.125897 0.962234 0.238053 111 250 158
-0.068693 0.971089 -0.263349 119 250 94
0.228088 0.967782 0.147490 156 250 146
-0.259753 0.937322 0.043953 93 250 133
0.170831 0.987968 -0.219412 149 250 100
0.021590 0.957507 0.269017 130 250 162
-0.197246 0.954260 -0.183416 102 250 104
0.272185 0.962990 0.002029 162 250 128
-0.203702 0.969402 0.183834 102 250 151
0.026003 0.967234 -0.272923 131 250 93
0.160202 0.936758 0.212212 148 250 155
-0.275965 0.987294 -0.050938 93 250 121
0.230919 0.957008 -0.144486 157 250 109
-0.072438 0.952575 0.261669 118 250 161
-0.124960 0.963742 -0.245052 112 250 96
0.259096 0.967731 0.096816 160 250 140
-0.256511 0.966641 0.103653 95 250 141
0.115542 0.936270 -0.242188 143 250 96
0.082721 0.986545 0.270780 138 250 161
-0.236813 0.956550 -0.139606 97 250 110
0.267693 0.950885 -0.056763 162 250 120
-0.161539 0.964485 0.226171 107 250 156
-0.033764 0.966081 -0.276721 123 250 92
0.212088 0.966000 0.181469 154 250 151
-0.270628 0.935859 0.009171 92 250 129
0.203934 0.985722 -0.199939 153 250 103
-0.014878 0.956130 0.276994 126 250 163
-0.175093 0.949193 -0.213027 105 250 100
0.277985 0.965214 0.039514 163 250 133
-0.231795 0.964455 0.158726 98 250 148
0.063842 0.965310 -0.274223 136 250 93
0.134075 0.935525 0.238074 145 250 159
-0.273726 0.984826 -0.089579 93 250 116
0.254937 0.955746 -0.115489 160 250 113
-0.109166 0.947505 0.255483 113 250 160
-0.093994 0.965923 -0.267573 116 250 94
0.249584 0.962856 0.133558 159 250 144
-0.275101 0.964570 0.070327 93 250 136
0.150823 0.935266 -0.230765 147 250 97
0.047049 0.983859 0.286545 133 250 163
-0.221936 0.955393 -0.174541 99 250 105
0.279091 0.945824 -0.021029 164 250 125
-0.196052 0.966609 0.208783 103 250 154
0.003517 0.961288 -0.285173 128 250 91
0.190776 0.963778 0.213479 152 250 155
-0.276749 0.935083 -0.027731 91 250 124
0.234473 0.982823 -0.175218 157 250 106
-0.053063 0.955070 0.279822 121 250 163
-0.148366 0.944155 -0.239713 108 250 96
0.278320 0.967266 0.078511 163 250 137
-0.256578 0.959754 0.129265 95 250 144
0.102343 0.962933 -0.269864 140 250 93
0.103855 0.934973 0.260665 141 250 162
-0.265624 0.981721 -0.128317 94 250 112
0.275130 0.954772 -0.082585 163 250 117
-0.145379 0.942502 0.243879 109 250 159
-0.059164 0.967890 -0.285879 120 250 91
0.234671 0.958258 0.169345 157 250 149
-0.288924 0.962035 0.033823 91 250 132
0.185069 0.934935 -0.214172 152 250 100
0.008618 0.980554 0.297111 129 250 164
-0.201798 0.954496 -0.207849 102 250 101
0.285424 0.940869 0.016728 165 249 130
-0.228551 0.968477 0.185992 99 249 151
0.042426 0.956801 -0.288369 133 249 91
0.164441 0.961084 0.242671 148 249 158
-0.277767 0.934967 -0.066097 91 249 119
0.261621 0.979327 -0.145659 160 249 109
-0.092211 0.954239 0.277186 116 249 163
-0.117515 0.939262 -0.262811 112 249 93
0.272880 0.969023 0.118177 162 249 142
-0.277423 0.955387 0.095936 92 249 140
0.140616 0.960080 -0.259719 145 249 95
0.069968 0.935069 0.279368 137 249 164
-0.251649 0.978042 -0.166230 96 249 107
0.290872 0.953997 -0.046304 165 249 122
-0.180286 0.937683 0.226953 104 249 157
-0.021084 0.969523 -0.299306 125 249 90
0.214500 0.954018 0.203398 155 249 153
-0.297464 0.959023 -0.005120 90 249 127
0.217532 0.935236 -0.192498 156 249 102
-0.031755 0.976702 0.302050 124 249 165
-0.176585 0.953766 -0.238722 105 249 97
0.286414 0.936138 0.055762 165 249 135
-0.258160 0.969974 0.158046 95 249 147
0.082208 0.952696 -0.286078 138 249 91
0.133509 0.957913 0.268250 144 249 162
-0.273414 0.935466 -0.105217 92 249 114
0.284628 0.975311 -0.111797 163 249 114
-0.131513 0.953542 0.268882 111 249 162
-0.083072 0.934629 -0.281735 117 249 91
0.261489 0.970372 0.157611 160 249 147
-0.293775 0.951422 0.059305 90 249 135
0.177756 0.956752 -0.243811 150 249 97
0.032921 0.935758 0.293611 132 249 166
-0.231941 0.973872 -0.202408 99 249 102
0.301605 0.953323 -0.007276 166 249 127
-0.213125 0.933162 0.204910 100 249 154
0.019514 0.970714 -0.307285 130 249 89
0.189314 0.950199 0.234966 152 249 158
-0.300331 0.955540 -0.045684 89 249 122
0.247465 0.936106 -0.165933 160 249 106
-0.073198 0.972389 0.301079 118 249 165
-0.146605 0.953103 -0.266370 109 249 94
0.281896 0.931740 0.095308 164 249 140
-0.284032 0.970996 0.125345 92 249 143
0.122083 0.949027 -0.278169 143 249 92
0.098533 0.954279 0.289497 140 249 164
-0.263510 0.936509 -0.144335 93 249 109
0.302846 0.970867 -0.074280 165 249 118
-0.170117 0.952879 0.254822 106 249 160
-0.045639 0.930366 -0.295987 122 249 89
0.244118 0.971216 0.195871 158 249 152
-0.305159 0.947907 0.020001 88 249 130
0.212871 0.952971 -0.222308 155 249 99
-0.006691 0.936963 0.302883 127 249 167
-0.206782 0.969308 -0.235984 102 249 98
0.306859 0.952648 0.033775 167 249 132
-0.243180 0.929044 0.178053 96 249 151
0.061798 0.971370 -0.309363 135 249 89
0.159453 0.946841 0.263334 148 249 161
-0.297272 0.951618 -0.086997 90 249 116
0.274131 0.937463 -0.134771 163 249 110
-0.114810 0.967718 0.294053 113 249 164
-0.112292 0.952405 -0.290037 113 249 91
0.271807 0.927778 0.134591 163 249 145
-0.305385 0.971457 0.088428 89 249 139
0.161259 0.945828 -0.264614 148 249 94
0.060179 0.950221 0.305791 135 249 166
-0.247976 0.938006 -0.182652 95 249 104
0.315742 0.966100 -0.033843 167 249 123
-0.207148 0.952147 0.235048 101 249 157
-0.005872 0.926570 -0.305158 127 249 88
0.220898 0.971475 0.232009 155 249 156
-0.311184 0.944869 -0.021286 88 249 125
0.245108 0.948783 -0.195521 159 249 103
-0.048191 0.938588 0.306739 121 249 167
-0.176585 0.964459 -0.266147 105 249 94
0.306268 0.951871 0.076044 166 249 137
-0.269784 0.925422 0.146774 92 249 147
0.104857 0.971421 -0.305225 141 248 89
0.125348 0.943964 0.287834 144 248 164
-0.288178 0.947307 -0.128156 91 248 111
0.296816 0.939205 -0.099412 166 248 115
-0.155687 0.962799 0.280974 108 248 163
-0.074200 0.951572 -0.309029 118 248 88
0.256187 0.924339 0.172841 161 248 150
-0.321521 0.971295 0.047971 87 248 133
0.198945 0.943112 -0.245485 153 248 96
0.019202 0.945796 0.316627 130 248 168
-0.226840 0.939851 -0.219342 98 248 99
0.322904 0.961124 0.008710 168 248 129
-0.241726 0.951248 0.209738 97 248 154
0.035529 0.923322 -0.308925 132 248 87
0.192118 0.971094 0.265092 151 248 160
-0.311545 0.942312 -0.063816 88 248 119
0.273674 0.944253 -0.163895 163 248 107
-0.090823 0.940523 0.304822 116 248 167
-0.141874 0.959440 -0.292171 110 248 91
0.299590 0.950895 0.118660 166 248 143
-0.292331 0.922372 0.111543 89 248 142
0.147725 0.970818 -0.294707 146 248 91
0.087517 0.941564 0.307853 139 248 167
-0.273086 0.942680 -0.168255 93 248 106
0.314850 0.941216 -0.060368 168 248 120
-0.194942 0.957749 0.261976 103 248 161
-0.033000 0.950510 -0.322726 123 248 87
0.235171 0.921493 0.209304 158 248 155
-0.331856 0.970466 0.004767 86 248 128
0.234351 0.940866 -0.220958 158 248 99
-0.023577 0.941081 0.321627 124 248 169
-0.200251 0.941925 -0.253565 102 248 95
0.324050 0.956057 0.052532 168 248 134
-0.272990 0.950091 0.179213 93 248 150
0.077832 0.920686 -0.307058 138 248 87
0.158223 0.970039 0.294239 147 248 164
-0.306032 0.940217 -0.106806 88 248 114
0.297862 0.939461 -0.127990 166 248 111
-0.133762 0.942646 0.296876 110 248 165
-0.103274 0.954368 -0.313418 114 248 88
0.286718 0.949634 0.160703 164 248 148
-0.310275 0.919951 0.072900 87 248 137
0.189408 0.969535 -0.277810 151 248 93
0.046559 0.939615 0.322840 133 248 169
-0.252173 0.937822 -0.206410 95 248 101
0.327620 0.943373 -0.018265 169 248 125
-0.231729 0.952685 0.237322 98 248 157
0.010532 0.949138 -0.330613 129 248 86
0.208986 0.919291 0.243246 155 248 159
-0.335939 0.968955 -0.040297 86 248 122
0.266708 0.939058 -0.191311 162 248 103
-0.067291 0.936169 0.320549 119 248 169
-0.168487 0.944102 -0.284481 106 248 91
0.319027 0.951014 0.096752 168 248 140
-0.300123 0.948599 0.143930 89 248 146
0.120283 0.918705 -0.299415 143 248 88
0.119805 0.968301 0.318642 142 248 167
-0.294535 0.938545 -0.149440 90 248 108
0.317062 0.934505 -0.088466 168 248 116
-0.176125 0.944827 0.282761 105 248 163
-0.061485 0.949357 -0.329355 120 248 86
0.267691 0.948015 0.201231 161 248 153
-0.323140 0.918194 0.031451 85 248 132
0.228919 0.967571 -0.254697 156 248 96
0.003152 0.938072 0.332314 128 248 170
-0.225748 0.932835 -0.241783 98 248 96
0.334592 0.945545 0.026169 170 248 131
-0.265254 0.947720 0.207389 94 248 154
0.055533 0.947386 -0.332296 135 248 85
0.177943 0.917758 0.273960 151 248 163
-0.333471 0.966769 -0.086261 86 248 117
0.295272 0.937637 -0.156927 165 248 107
-0.111055 0.931163 0.313285 113 248 168
-0.131958 0.946249 -0.311273 111 248 88
0.307805 0.946105 0.140497 167 248 145
-0.322377 0.946708 0.104486 87 248 141
0.162109 0.917397 -0.285946 149 248 90
0.077585 0.965895 0.337601 137 248 169
-0.277049 0.937237 -0.190876 92 248 103
0.330776 0.929493 -0.046058 170 247 122
-0.216987 0.946937 0.262472 100 247 161
-0.017269 0.944516 -0.339557 125 247 84
0.242701 0.945982 0.239305 158 247 158
-0.330519 0.917111 -0.012143 84 247 126
0.265303 0.964951 -0.225696 160 247 99
-0.041953 0.936870 0.335882 122 247 170
-0.194238 0.927829 -0.273596 102 247 92
0.335335 0.947602 0.072105 170 247 137
-0.294791 0.942957 0.172656 90 247 149
0.101075 0.945204 -0.327518 140 247 86
0.142442 0.916898 0.300774 146 247 167
-0.324311 0.963939 -0.132126 87 247 111
0.319341 0.936532 -0.118293 168 247 112
-0.153986 0.926175 0.299860 108 247 166
-0.091211 0.948240 -0.333172 116 247 85
0.290475 0.941430 0.182902 164 247 151
-0.339100 0.944376 0.061594 84 247 135
0.202523 0.916758 -0.266691 154 247 93
0.032392 0.962861 0.350537 132 247 171
-0.253686 0.936220 -0.230257 95 247 98
0.338626 0.924537 -0.001560 171 247 127
-0.255406 0.948847 0.236146 95 247 157
0.028569 0.939939 -0.343705 131 247 84
0.212092 0.943496 0.274013 154 247 162
-0.332079 0.916689 -0.057164 84 247 120
0.297669 0.961719 -0.191285 165 247 104
-0.087939 0.935931 0.333243 116 247 170
-0.158172 0.922917 -0.301151 107 247 88
0.329540 0.949419 0.118630 169 247 142
-0.319689 0.938487 0.133690 87 247 145
0.146184 0.942563 -0.316172 146 247 87
0.102967 0.916690 0.323058 141 247 170
-0.308484 0.960518 -0.176879 89 247 105
0.338267 0.935661 -0.076002 171 247 118
-0.195225 0.921321 0.280424 102 247 164
-0.046925 0.949951 -0.349480 122 247 84
0.267238 0.937076 0.223131 162 247 156
-0.349755 0.941579 0.016078 83 247 130
0.240737 0.916758 -0.241783 159 247 96
-0.014861 0.959258 0.357015 126 247 172
-0.224675 0.935406 -0.266728 99 247 93
0.340350 0.919752 0.044198 172 247 133
-0.290442 0.950440 0.204074 91 247 153
0.075196 0.935708 -0.341593 137 247 84
0.176355 0.940542 0.304503 150 247 166
-0.327570 0.916892 -0.102844 85 247 114
0.325217 0.957944 -0.152080 168 247 109
-0.133932 0.935164 0.324210 110 247 169
-0.118166 0.918214 -0.323840 112 247 85
0.317039 0.950881 0.164767 167 247 148
-0.339380 0.934386 0.091133 84 247 139
0.189875 0.939454 -0.298311 152 247 90
0.060086 0.917089 0.340227 135 247 172
-0.286175 0.956579 -0.219529 92 247 100
0.351476 0.934929 -0.030750 172 247 124
-0.233951 0.916712 0.255243 97 247 161
0.000098 0.951271 -0.359601 128 247 82
0.238402 0.933111 0.260383 158 247 161
-0.353940 0.938314 -0.031159 83 247 124
0.275965 0.917346 -0.211458 163 247 100
-0.063204 0.955166 0.356751 120 247 172
-0.190374 0.934700 -0.299454 103 247 89
0.335808 0.915249 0.090370 171 247 139
-0.321192 0.951607 0.166704 87 247 148
0.121758 0.931884 -0.333122 143 247 85
0.136116 0.937126 0.330004 145 247 169
-0.316834 0.917660 -0.148370 86 247 108
0.347253 0.953710 -0.108816 171 247 114
-0.179018 0.934471 0.308713 105 247 167
-0.074903 0.913829 -0.341148 118 247 83
0.297820 0.951885 0.209500 165 247 154
-0.353380 0.930708 0.045695 82 247 133
0.231177 0.935888 -0.274145 157 247 93
0.014451 0.918028 0.351759 129 247 173
-0.257725 0.952213 -0.259126 95 247 95
0.358484 0.934239 0.016674 173 247 130
-0.269396 0.912456 0.224685 92 247 157
0.048949 0.952103 -0.363058 134 246 82
0.204371 0.929584 0.293902 154 246 165
-0.351402 0.934604 -0.079154 83 246 117
0.307431 0.918446 -0.176054 167 246 105
-0.111642 0.950680 0.349617 114 246 171
-0.151267 0.934001 -0.327634 108 246 86
0.324972 0.911133 0.136107 170 246 145
-0.346814 0.952258 0.124635 84 246 143
0.167400 0.928511 -0.318300 149 246 87
0.092118 0.933275 0.349853 139 246 172
-0.299811 0.918911 -0.192891 89 246 103
0.363213 0.949114 -0.062320 173 246 120
-0.222254 0.933752 0.286820 99 246 164
-0.029121 0.909864 -0.352659 124 246 81
0.272038 0.952347 0.251798 161 246 159
-0.361299 0.927491 -0.001861 81 246 127
0.269160 0.931903 -0.244035 162 246 96
-0.033203 0.919420 0.357203 123 246 174
-0.223612 0.947521 -0.294794 99 246 91
0.358915 0.933490 0.065395 173 246 136
-0.300853 0.908650 0.189208 88 246 152
0.098635 0.952368 -0.359520 140 246 83
0.165639 0.926523 0.322984 149 246 169
-0.342043 0.930490 -0.126914 84 246 111
0.334388 0.919967 -0.136019 171 246 110
-0.159177 0.945904 0.335638 108 246 170
-0.107968 0.933210 -0.350529 114 246 83
0.307920 0.907496 0.180571 168 246 151
-0.366557 0.952320 0.078610 82 246 137
0.211265 0.925608 -0.297237 155 246 89
0.045204 0.929039 0.363513 133 246 174
-0.276553 0.920549 -0.235526 92 246 97
0.372667 0.944267 -0.013489 174 246 126
-0.262695 0.932910 0.258738 94 246 160
0.018405 0.906404 -0.358056 130 246 81
0.240017 0.952200 0.290651 157 246 164
-0.362837 0.924745 -0.050723 81 246 121
0.302964 0.927552 -0.208487 166 246 101
-0.082061 0.921162 0.356193 117 246 173
-0.184436 0.942615 -0.325742 104 246 87
0.352523 0.932585 0.114468 172 246 142
-0.327680 0.905376 0.149353 85 246 147
0.148099 0.952009 -0.348820 146 246 84
0.122789 0.923934 0.346987 143 246 172
-0.325921 0.926033 -0.173443 86 246 105
0.356129 0.921801 -0.091916 173 246 116
-0.204836 0.940951 0.314990 102 246 167
-0.061208 0.932233 -0.367482 120 246 81
0.284832 0.904415 0.222946 165 246 157
-0.379792 0.951743 0.029496 80 246 131
0.252511 0.923174 -0.270152 160 246 93
-0.003717 0.924485 0.370584 127 246 175
-0.247236 0.922462 -0.275378 96 246 92
0.375326 0.939281 0.036736 175 246 132
-0.299415 0.931850 0.224825 89 246 156
0.066869 0.903521 -0.357119 136 246 81
0.202250 0.951404 0.325098 153 246 168
-0.357794 0.922463 -0.100040 82 246 115
0.331819 0.922911 -0.168131 170 246 106
-0.131236 0.923139 0.348470 111 246 172
-0.140900 0.937608 -0.351287 110 246 83
0.339200 0.931435 0.162898 171 246 148
-0.349308 0.902698 0.105729 82 246 141
0.196260 0.950990 -0.330963 152 246 86
0.076485 0.921801 0.365334 137 246 174
-0.303249 0.921314 -0.217772 89 246 100
0.372006 0.923829 -0.044418 175 246 122
-0.247693 0.935937 0.287981 96 246 164
-0.011834 0.930983 -0.377941 126 246 80
0.255981 0.901945 0.262445 161 246 162
-0.386031 0.950502 -0.021732 80 246 125
0.290315 0.921185 -0.237368 165 246 97
-0.053684 0.919698 0.370815 121 246 175
-0.212165 0.924527 -0.311552 100 246 88
0.371043 0.934272 0.087391 174 246 139
-0.331532 0.930493 0.185584 85 246 151
0.115447 0.901265 -0.349722 143 246 82
0.159387 0.949939 0.354263 147 246 172
-0.346074 0.920614 -0.148930 83 246 108
0.355068 0.918067 -0.123703 173 245 112
-0.179781 0.925227 0.333893 105 245 170
-0.093789 0.932616 -0.370857 116 245 81
0.318997 0.929962 0.209663 168 245 154
-0.365243 0.900658 0.059006 80 245 135
0.242035 0.949302 -0.306131 158 245 89
0.027468 0.920086 0.377527 131 245 176
-0.274380 0.916425 -0.258982 92 245 94
0.381454 0.925926 0.005687 176 245 128
-0.286882 0.930975 0.255047 91 245 160
0.039218 0.929387 -0.381483 132 245 79
0.221731 0.900125 0.298315 157 245 167
-0.384946 0.948592 -0.074026 80 245 118
0.323887 0.919599 -0.199312 169 245 102
-0.103721 0.914776 0.364100 114 245 174
-0.171786 0.926618 -0.343175 106 245 84
0.359804 0.929350 0.137512 173 245 145
-0.358237 0.928768 0.141663 82 245 145
0.163302 0.899665 -0.335834 149 245 84
0.112217 0.947810 0.377376 141 245 174
-0.327690 0.919149 -0.196486 86 245 102
0.372172 0.913123 -0.076023 175 245 118
-0.226704 0.927298 0.312458 99 245 167
-0.043951 0.927747 -0.384000 122 245 79
0.292122 0.928103 0.253744 165 245 160
-0.375064 0.899278 0.009913 78 245 129
0.284381 0.946957 -0.274682 163 245 93
-0.023446 0.918735 0.383156 124 245 177
-0.239795 0.911471 -0.296222 97 245 89
0.384012 0.927963 0.057508 176 245 135
-0.321616 0.926169 0.216729 87 245 155
0.090937 0.927389 -0.377829 139 245 80
0.182531 0.898965 0.329843 151 245 171
-0.376385 0.946036 -0.126289 81 245 112
0.352479 0.918353 -0.156522 173 245 107
-0.152857 0.909825 0.350481 108 245 173
-0.126686 0.928607 -0.369421 111 245 81
0.341728 0.924619 0.186156 171 245 151
-0.378819 0.926627 0.093839 79 245 139
0.209590 0.898724 -0.315521 155 245 86
0.061650 0.945046 0.393804 135 245 176
-0.302773 0.918000 -0.241790 89 245 97
0.382724 0.908187 -0.025970 177 245 124
-0.270991 0.929226 0.284312 93 245 163
0.007725 0.923100 -0.390385 128 245 78
0.258949 0.925814 0.294148 160 245 165
-0.378433 0.898555 -0.040771 78 245 122
0.322318 0.943992 -0.237140 168 245 98
-0.075375 0.917674 0.381910 118 245 176
-0.200089 0.906563 -0.328731 102 245 85
0.379343 0.929816 0.110067 175 245 141
-0.351192 0.921615 0.173662 83 245 150
0.142265 0.924951 -0.366862 146 245 81
0.138915 0.898455 0.356362 146 245 174
-0.360371 0.942876 -0.177412 83 245 105
0.375403 0.917371 -0.109640 175 245 113
-0.200147 0.904957 0.330134 102 245 170
-0.077593 0.930371 -0.389536 118 245 78
0.317052 0.920168 0.232407 168 245 157
-0.392692 0.924036 0.043006 78 245 133
0.253467 0.898425 -0.288944 161 245 90
0.008685 0.941699 0.403064 129 245 178
-0.271578 0.917088 -0.283926 93 245 91
0.386450 0.903372 0.025540 178 245 131
-0.311632 0.930889 0.249763 88 245 159
0.060321 0.918760 -0.389802 135 245 78
0.220009 0.923070 0.329944 155 245 169
-0.375097 0.898461 -0.092217 79 245 115
0.354967 0.940465 -0.194178 172 245 103
-0.127382 0.916821 0.373590 111 245 175
-0.155944 0.901813 -0.355848 107 245 81
0.367261 0.931366 0.162312 174 245 148
-0.375000 0.917394 0.126559 80 245 144
0.192128 0.922054 -0.348632 152 245 83
0.091501 0.898562 0.377256 139 245 177
-0.337104 0.939176 -0.226305 85 245 99
0.392044 0.916567 -0.059417 178 245 120
-0.244692 0.900284 0.303360 96 245 167
-0.025363 0.931796 -0.402869 124 244 77
0.286125 0.916072 0.275396 164 244 163
-0.399412 0.920986 -0.009853 77 244 126
0.294092 0.898725 -0.256364 166 244 94
-0.045615 0.937837 0.404842 122 244 178
-0.234490 0.916321 -0.321996 98 244 86
0.383203 0.898789 0.077575 177 244 138
-0.347645 0.932178 0.209283 84 244 154
0.112907 0.914797 -0.382155 142 244 79
0.175978 0.919869 0.360288 150 244 173
-0.364895 0.898948 -0.143554 80 244 109
0.381561 0.936450 -0.146598 175 244 109
-0.178482 0.916081 0.358124 105 244 173
-0.108118 0.897331 -0.377016 113 244 78
0.347739 0.932507 0.213147 171 244 154
-0.392525 0.913568 0.076199 77 244 137
0.239464 0.918702 -0.323359 158 244 86
0.040994 0.899227 0.391973 133 244 178
-0.306951 0.935019 -0.271924 89 244 94
0.401881 0.915843 -0.006698 179 244 127
-0.285653 0.895914 0.270574 90 244 163
0.029027 0.932781 -0.408895 131 244 76
0.249398 0.912389 0.314306 159 244 168
-0.398692 0.917488 -0.063690 77 244 119
0.330643 0.899561 -0.218152 170 244 99
-0.100157 0.933548 0.398988 115 244 177
-0.192028 0.915603 -0.355140 103 244 82
0.372964 0.894543 0.129203 176 244 144
-0.378114 0.932996 0.163507 80 244 148
0.164550 0.911259 -0.367465 149 244 80
0.127662 0.916228 0.384449 144 244 176
-0.347770 0.899944 -0.193870 82 244 102
0.401476 0.932040 -0.095304 178 244 116
-0.227664 0.915358 0.335580 99 244 170
-0.057424 0.893219 -0.391788 120 244 76
0.320929 0.933149 0.261457 168 244 160
-0.403351 0.910181 0.023419 76 244 130
0.283254 0.914922 -0.291431 164 244 90
-0.011821 0.900375 0.400034 126 244 179
-0.270431 0.930500 -0.313302 94 244 88
0.404507 0.915103 0.047577 179 244 134
-0.322261 0.891948 0.232286 85 244 158
0.084511 0.933239 -0.407240 138 244 77
0.207417 0.909153 0.348379 154 244 172
-0.390415 0.913575 -0.117421 78 244 113
0.362320 0.900848 -0.174786 174 244 105
-0.153846 0.928931 0.385527 108 244 176
-0.144843 0.914836 -0.382559 109 244 79
0.355828 0.890730 0.179510 174 244 151
-0.402216 0.933263 0.113224 77 244 142
0.214324 0.908178 -0.345861 155 244 83
0.075973 0.912186 0.401829 137 244 179
-0.323778 0.901361 -0.242228 86 244 96
0.414233 0.927337 -0.041280 179 244 122
-0.273911 0.914553 0.306171 93 244 166
-0.004713 0.889570 -0.399825 127 244 75
0.287163 0.933220 0.306144 163 244 166
-0.407162 0.907253 -0.030901 75 244 124
0.322553 0.910760 -0.253388 169 244 95
-0.066074 0.901910 0.401050 119 244 179
-0.228199 0.925724 -0.349568 99 244 84
0.399643 0.914250 0.102397 178 244 141
-0.353822 0.888470 0.189090 81 244 152
0.139950 0.933107 -0.397703 145 244 78
0.160815 0.906381 0.376925 148 244 176
-0.374632 0.909298 -0.169958 80 244 106
0.388370 0.902489 -0.126864 177 244 111
-0.205613 0.924094 0.364640 102 244 173
-0.093716 0.913924 -0.403536 116 244 76
0.331998 0.887432 0.227607 171 244 157
-0.419251 0.932923 0.059362 75 244 135
0.261321 0.905559 -0.317585 161 244 87
0.021904 0.907803 0.411979 130 244 180
-0.293100 0.903095 -0.287670 90 244 91
0.419508 0.922452 0.014445 180 244 129
-0.316220 0.913572 0.270269 87 244 162
0.049136 0.886459 -0.400894 134 244 75
0.246954 0.932668 0.346158 158 244 171
-0.403747 0.904787 -0.085842 76 243 116
0.356510 0.906280 -0.209909 173 243 101
-0.120823 0.903723 0.394735 112 243 178
-0.181019 0.920803 -0.379966 105 243 80
0.387162 0.913191 0.156693 177 243 147
-0.379723 0.885552 0.141655 78 243 146
0.194170 0.932340 -0.380263 152 243 80
0.110311 0.904064 0.399326 142 243 179
-0.351562 0.904729 -0.220238 82 243 99
0.408095 0.904369 -0.075098 180 243 118
-0.254439 0.919150 0.336662 95 243 170
-0.039546 0.912779 -0.417467 122 243 75
0.301778 0.884714 0.272643 167 243 163
-0.428668 0.931939 0.002962 74 243 128
0.304655 0.903388 -0.282986 167 243 91
-0.033502 0.903156 0.414611 123 243 181
-0.256053 0.905028 -0.329239 95 243 85
0.417131 0.917497 0.070816 180 243 136
-0.353635 0.912331 0.228401 83 243 156
0.103228 0.883944 -0.394868 141 243 76
0.200985 0.931465 0.380533 152 243 175
-0.393003 0.902759 -0.140454 77 243 109
0.384395 0.901563 -0.161790 177 243 107
-0.175061 0.905696 0.380929 105 243 176
-0.129748 0.915849 -0.403864 111 243 76
0.367097 0.911847 0.209365 174 243 154
-0.399432 0.883245 0.090712 75 243 139
0.245997 0.930918 -0.355095 158 243 83
0.056703 0.902174 0.415047 135 243 181
-0.321578 0.899955 -0.267248 86 243 93
0.420882 0.906368 -0.020319 181 243 125
-0.299372 0.914210 0.302061 90 243 166
0.016666 0.911323 -0.423874 130 243 74
0.265567 0.882618 0.313804 162 243 169
-0.430088 0.930299 -0.054845 74 243 121
0.343479 0.901632 -0.242523 172 243 96
-0.089177 0.898334 0.409596 116 243 180
-0.213097 0.907039 -0.365997 100 243 81
0.407081 0.912583 0.126778 179 243 144
-0.385271 0.910757 0.181246 79 243 150
0.156660 0.882062 -0.381717 148 243 78
0.150094 0.929607 0.408415 146 243 178
-0.374943 0.901130 -0.193765 79 243 103
0.405607 0.896706 -0.109920 180 243 113
-0.227730 0.907705 0.359610 99 243 173
-0.075308 0.910973 -0.420761 118 243 74
0.339650 0.910148 0.259310 171 243 160
-0.412501 0.881579 0.037046 74 243 132
0.294287 0.928845 -0.322558 164 243 87
0.000861 0.900666 0.423644 128 243 182
-0.285195 0.895073 -0.310053 91 243 88
0.426223 0.908361 0.036534 182 243 132
-0.339549 0.909382 0.261423 84 243 161
0.073838 0.909494 -0.422436 137 243 74
0.223850 0.881168 0.350326 157 243 173
-0.423314 0.928013 -0.112874 75 243 113
0.376988 0.900237 -0.196767 176 243 102
-0.144057 0.893440 0.396964 109 243 179
-0.164842 0.909002 -0.397052 107 243 77
0.389481 0.907815 0.181297 177 243 151
-0.410345 0.908793 0.129625 75 243 144
0.208524 0.880828 -0.361513 155 243 80
0.095249 0.927113 0.429093 139 243 181
-0.349700 0.899841 -0.244793 83 243 96
0.419689 0.891811 -0.055253 182 243 120
-0.277746 0.909625 0.330913 92 243 169
-0.018669 0.906274 -0.430289 125 243 73
0.305200 0.908045 0.305449 166 243 166
-0.418567 0.880560 -0.018503 73 243 125
0.337965 0.926147 -0.283195 170 243 92
-0.056275 0.899474 0.424777 120 243 182
-0.243050 0.890190 -0.347814 96 243 83
0.423736 0.910224 0.094423 181 243 139
-0.374198 0.904764 0.215435 80 243 155
0.130834 0.907247 -0.412998 144 243 75
0.177201 0.880362 0.381493 151 243 177
-0.408343 0.925116 -0.169920 77 243 106
0.404440 0.899134 -0.146397 179 243 109
-0.197109 0.888581 0.376895 102 243 176
-0.112044 0.910795 -0.421583 113 242 74
0.364580 0.903286 0.233377 174 242 157
-0.428198 0.906400 0.074486 73 242 137
0.257916 0.880233 -0.334430 161 242 84
0.037524 0.924023 0.442015 132 242 182
-0.317534 0.898818 -0.292555 87 242 90
0.426327 0.886988 0.001214 183 242 128
-0.324023 0.911334 0.295139 87 242 165
0.039172 0.901844 -0.432210 132 242 72
0.264293 0.905503 0.346764 161 242 171
-0.417359 0.880172 -0.075051 73 242 118
0.376054 0.922871 -0.237713 174 242 98
-0.113704 0.898521 0.418222 113 242 181
-0.195880 0.885416 -0.379795 102 242 78
0.413193 0.911838 0.152232 180 242 147
-0.402649 0.900440 0.164868 76 242 149
0.186492 0.904556 -0.395585 151 242 77
0.126279 0.880176 0.406647 144 242 181
-0.385361 0.921661 -0.224792 80 242 100
0.425168 0.898242 -0.092204 182 242 116
-0.247347 0.883867 0.349706 95 242 173
-0.055601 0.912301 -0.438869 121 242 72
0.332753 0.899077 0.282069 170 242 163
-0.438325 0.903558 0.016876 72 242 130
0.303939 0.880245 -0.300742 167 242 88
-0.021936 0.920398 0.446807 125 242 183
-0.278843 0.897975 -0.336087 92 242 85
0.425351 0.882347 0.058464 183 242 135
-0.365500 0.912720 0.252764 82 242 159
0.097206 0.897756 -0.426416 140 242 73
0.217636 0.902511 0.382322 155 242 176
-0.408699 0.880375 -0.131669 74 242 110
0.407701 0.919084 -0.186961 178 242 104
-0.170381 0.897719 0.403884 106 242 179
-0.144505 0.880860 -0.405382 109 242 75
0.394532 0.913093 0.208791 177 242 154
-0.424338 0.896480 0.110563 73 242 142
0.239659 0.901415 -0.370402 158 242 80
0.071828 0.880564 0.425192 137 242 183
-0.354736 0.917723 -0.276347 83 242 93
0.438600 0.897468 -0.035080 183 242 123
-0.293851 0.879408 0.315836 89 242 169
0.003463 0.913414 -0.448320 128 242 71
0.294479 0.895250 0.326483 165 242 169
-0.440383 0.900271 -0.042079 72 242 122
0.345713 0.880810 -0.260836 172 242 94
-0.081946 0.916318 0.443279 117 242 183
-0.234159 0.897221 -0.374463 98 242 80
0.416725 0.877995 0.115484 182 242 143
-0.401178 0.913682 0.204437 77 242 153
0.154423 0.894068 -0.412919 147 242 75
0.166076 0.899079 0.411311 149 242 180
-0.392518 0.881109 -0.187392 77 242 103
0.432199 0.914872 -0.131905 182 242 111
-0.225225 0.896972 0.381811 99 242 176
-0.089803 0.876626 -0.424077 116 242 72
0.367880 0.913894 0.262904 174 242 160
-0.438807 0.892934 0.053419 71 242 134
0.289222 0.897842 -0.337837 164 242 85
0.014678 0.881458 0.436613 129 242 184
-0.317006 0.913389 -0.323517 88 242 87
0.444280 0.896719 0.023985 184 242 131
-0.335778 0.875303 0.275832 84 242 163
0.064019 0.914046 -0.449500 135 242 71
0.250342 0.891850 0.365799 160 242 174
-0.434212 0.896560 -0.101214 72 242 115
0.382385 0.881854 -0.215209 177 242 100
-0.141317 0.911874 0.431424 110 242 182
-0.184158 0.896458 -0.406814 104 242 76
0.400543 0.874029 0.171278 180 242 150
-0.430148 0.914136 0.150973 74 242 146
0.209825 0.890816 -0.391851 154 242 77
0.110581 0.895236 0.433053 142 242 183
-0.368860 0.882293 -0.241222 80 242 96
0.449001 0.910329 -0.073599 184 242 118
-0.277148 0.896186 0.352206 92 242 172
-0.032695 0.872808 -0.435502 123 242 71
0.333552 0.914162 0.313384 169 242 167
-0.445708 0.889833 -0.005618 70 241 127
0.334141 0.893872 -0.298443 170 241 89
-0.044258 0.882771 0.440481 122 241 184
-0.272857 0.908760 -0.365338 93 241 82
0.441884 0.895898 0.083920 184 241 138
-0.372369 0.871643 0.230331 79 241 158
0.124855 0.914122 -0.442151 143 241 72
0.201015 0.888900 0.399266 153 241 179
-0.419834 0.892470 -0.159348 74 241 107
0.413145 0.883285 -0.164477 181 241 106
-0.198881 0.907170 0.411409 103 241 179
-0.129651 0.895592 -0.432356 111 241 73
0.377015 0.870536 0.224883 177 241 157
-0.451626 0.914015 0.093338 71 241 139
0.262433 0.888018 -0.363460 161 241 81
0.052209 0.891033 0.447033 134 241 185
-0.337898 0.883831 -0.292143 84 241 90
0.457726 0.905562 -0.013152 185 241 126
-0.325070 0.895265 0.315435 86 241 168
0.025871 0.869489 -0.439396 131 241 70
0.292057 0.913838 0.359087 164 241 172
-0.444803 0.887185 -0.065565 70 241 119
0.373475 0.889563 -0.252928 175 241 95
-0.103988 0.884404 0.436474 114 241 184
-0.223098 0.903943 -0.400968 99 241 77
0.431242 0.894913 0.143591 182 241 146
-0.402954 0.868505 0.180047 75 241 151
0.184717 0.913592 -0.426208 150 241 74
0.147260 0.886402 0.426213 146 241 182
-0.397448 0.888063 -0.215323 77 241 100
0.437240 0.884999 -0.109381 184 241 113
-0.253522 0.902314 0.383570 96 241 176
-0.071576 0.894533 -0.450414 118 241 70
0.346461 0.867586 0.275374 173 241 164
-0.464984 0.913275 0.032628 70 241 132
0.311295 0.885667 -0.328107 167 241 85
-0.007918 0.886537 0.452903 126 241 186
-0.299943 0.885614 -0.339136 89 241 84
0.458160 0.900681 0.048293 185 241 134
-0.367956 0.894123 0.272026 81 241 162
0.084932 0.866733 -0.435611 139 241 70
0.244091 0.912886 0.398952 158 241 177
-0.435968 0.884980 -0.125409 72 241 111
0.406405 0.884987 -0.202130 180 241 102
-0.163453 0.886242 0.424397 107 241 182
-0.168643 0.899047 -0.429696 106 241 73
0.412354 0.893680 0.201825 180 241 153
-0.426952 0.865947 0.125764 72 241 144
0.242337 0.912426 -0.401809 158 241 78
0.089920 0.884337 0.446057 139 241 185
-0.367426 0.883418 -0.268033 80 241 93
0.453998 0.886880 -0.050779 186 241 121
-0.304196 0.897417 0.348389 89 241 171
-0.010983 0.893200 -0.460447 126 241 69
0.309298 0.865231 0.321873 168 241 170
-0.469767 0.911894 -0.029960 69 241 124
0.355499 0.883739 -0.286269 173 241 91
-0.068650 0.881832 0.450489 119 241 185
-0.255454 0.887523 -0.381196 95 241 79
0.450253 0.895795 0.109595 184 241 141
-0.404839 0.892683 0.222673 76 241 156
0.143517 0.864584 -0.424106 146 241 72
0.190516 0.911291 0.432028 151 241 181
-0.419200 0.883183 -0.184114 74 241 104
0.432254 0.880233 -0.146991 183 241 109
-0.221535 0.888167 0.404193 99 241 179
-0.110477 0.894183 -0.450956 114 241 70
0.385395 0.892126 0.257438 176 241 160
-0.443872 0.864007 0.068318 69 241 136
0.296474 0.910618 -0.369295 164 241 82
0.029914 0.882667 0.458309 131 241 186
-0.330297 0.878625 -0.316449 85 241 87
0.462852 0.888806 0.010351 186 241 129
-0.349951 0.892587 0.306479 83 241 166
0.050986 0.891526 -0.462071 134 241 69
0.266040 0.863501 0.363556 162 241 175
-0.465717 0.909875 -0.093163 70 241 116
0.394179 0.882188 -0.238536 178 241 97
-0.128835 0.877013 0.439790 111 241 184
-0.205046 0.889437 -0.417360 101 240 74
0.434111 0.891009 0.169630 183 240 149
-0.434850 0.890883 0.168222 72 240 149
0.200654 0.863066 -0.404946 154 240 75
0.132343 0.909063 0.457512 144 240 184
-0.394618 0.881745 -0.240633 77 240 97
0.450496 0.875399 -0.088530 186 240 116
-0.277086 0.890055 0.375970 92 240 175
-0.049642 0.889453 -0.464326 121 240 69
0.350727 0.890194 0.309266 172 240 167
-0.453318 0.862701 0.008600 68 240 129
0.345951 0.908184 -0.329204 170 240 87
-0.031768 0.881335 0.462587 123 240 187
-0.286722 0.873788 -0.359639 90 240 81
0.463365 0.890655 0.072927 186 240 137
-0.389936 0.887923 0.258564 78 240 160
0.113123 0.889458 -0.455076 142 240 70
0.217286 0.862406 0.399650 156 240 180
-0.452779 0.907239 -0.155685 71 240 108
0.426530 0.880954 -0.185611 182 240 104
-0.187346 0.872183 0.420968 103 240 182
-0.149488 0.891234 -0.446735 109 240 71
0.409980 0.886421 0.227315 180 240 156
-0.457252 0.888675 0.109658 70 240 141
0.255378 0.862179 -0.378303 161 240 78
0.070704 0.906231 0.474766 136 240 187
-0.362477 0.880600 -0.293919 81 240 90
0.460761 0.870590 -0.027817 187 240 124
-0.328945 0.891786 0.340004 86 240 170
0.012792 0.884951 -0.469524 129 240 68
0.308892 0.887844 0.356197 167 240 173
-0.454986 0.862021 -0.052452 68 240 121
0.389687 0.905162 -0.282253 176 240 92
-0.094073 0.880270 0.458627 115 240 186
-0.237478 0.869011 -0.396789 97 240 76
0.455250 0.892308 0.135778 185 240 145
-0.423409 0.883514 0.205459 74 240 154
0.174189 0.886964 -0.439441 150 240 72
0.163728 0.861930 0.429447 149 240 184
-0.431103 0.904034 -0.216241 74 240 101
0.451827 0.879960 -0.128314 185 240 111
-0.243109 0.867452 0.394337 96 240 179
-0.089701 0.892796 -0.468522 116 240 68
0.378241 0.882115 0.281617 176 240 163
-0.471457 0.886035 0.048079 68 240 134
0.306734 0.861904 -0.344454 168 240 83
0.006811 0.902849 0.483340 128 240 188
-0.323167 0.879668 -0.342941 86 240 84
0.462834 0.865915 0.034055 188 240 132
-0.375972 0.893245 0.296755 80 240 165
0.075740 0.880755 -0.466409 137 240 68
0.260605 0.885056 0.397208 161 240 178
-0.448673 0.861940 -0.113859 69 240 113
0.426731 0.901611 -0.229320 181 240 99
-0.155896 0.879389 0.446300 108 240 184
-0.183433 0.864404 -0.427208 104 240 72
0.438395 0.893653 0.197669 183 240 152
-0.449743 0.879436 0.148059 70 240 146
0.232942 0.884029 -0.415338 157 240 75
0.106140 0.862038 0.452303 141 240 186
-0.401037 0.900322 -0.273583 78 240 93
0.469437 0.879121 -0.067571 187 240 119
-0.295117 0.862924 0.360346 89 240 174
-0.026743 0.894015 -0.482055 124 240 67
0.339389 0.878160 0.331571 171 240 170
-0.477056 0.882954 -0.015327 67 240 126
0.353783 0.862194 -0.303787 174 240 88
-0.058068 0.898986 0.482979 120 240 188
-0.277224 0.878860 -0.386701 92 240 78
0.456650 0.861479 0.095992 187 240 140
-0.417082 0.894329 0.246868 75 240 158
0.138116 0.876930 -0.454973 145 240 69
0.206739 0.881831 0.431391 154 240 182
-0.434284 0.862406 -0.174601 71 240 105
0.456281 0.897606 -0.171414 184 240 106
-0.216096 0.878603 0.425620 100 240 182
-0.125519 0.860071 -0.450336 111 240 69
0.412881 0.894591 0.257329 179 240 160
-0.468428 0.875745 0.087316 68 239 139
0.288174 0.880661 -0.383131 164 239 79
0.045387 0.862671 0.467653 133 239 188
-0.363115 0.896185 -0.326542 82 239 87
0.478843 0.878346 -0.004412 189 239 127
-0.342445 0.858704 0.319560 83 239 169
0.038208 0.894797 -0.486821 132 239 67
0.294031 0.874608 0.376281 165 239 176
-0.473824 0.879447 -0.079318 67 239 117
0.395615 0.862986 -0.256808 179 239 94
-0.122653 0.894728 0.473625 112 239 187
-0.225332 0.878085 -0.424260 99 239 73
0.442281 0.857382 0.156917 185 239 148
-0.451276 0.894947 0.191165 71 239 151
0.198850 0.873519 -0.435333 153 239 72
0.148299 0.878188 0.457982 146 239 186
-0.411840 0.863347 -0.233628 74 239 97
0.477705 0.893237 -0.109645 187 239 114
-0.273513 0.877817 0.396763 93 239 178
-0.064721 0.856108 -0.465741 119 239 67
0.378989 0.895036 0.313486 175 239 167
-0.479067 0.872479 0.024234 66 239 131
0.338748 0.876888 -0.343369 171 239 84
-0.017582 0.863752 0.475023 125 239 189
-0.318035 0.891717 -0.374052 88 239 81
0.479667 0.877539 0.060045 189 239 135
-0.384262 0.854885 0.272647 77 239 163
0.103884 0.895063 -0.482491 140 239 67
0.242869 0.871489 0.414931 159 239 181
-0.461731 0.875548 -0.142632 69 239 109
0.431360 0.864197 -0.204143 183 239 101
-0.185682 0.890172 0.455413 104 239 185
-0.168315 0.877247 -0.454759 106 239 70
0.419931 0.853715 0.215790 182 239 156
-0.477678 0.895027 0.130633 68 239 144
0.256889 0.870548 -0.407731 160 239 75
0.086396 0.874170 0.476379 139 239 188
-0.381494 0.864677 -0.289868 78 239 90
0.490546 0.888605 -0.045195 189 239 122
-0.326996 0.876938 0.360071 86 239 173
-0.002051 0.852602 -0.473120 127 239 66
0.337203 0.894924 0.364904 170 239 173
-0.481386 0.869657 -0.040145 66 239 122
0.383625 0.872757 -0.296767 176 239 90
-0.081735 0.865189 0.474047 117 239 189
-0.266634 0.887020 -0.415173 94 239 75
0.471681 0.876608 0.124608 187 239 143
-0.419828 0.851547 0.220359 73 239 156
0.168954 0.894754 -0.468936 149 239 69
0.186699 0.868815 0.446789 151 239 185
-0.440943 0.871311 -0.204018 71 239 101
0.460205 0.865728 -0.146542 187 239 109
-0.245939 0.885422 0.428656 97 239 181
-0.107137 0.876256 -0.477445 114 239 67
0.389920 0.850553 0.271611 179 239 163
-0.495567 0.894516 0.066404 66 239 136
0.311216 0.868021 -0.372529 167 239 80
0.022216 0.869836 0.486162 130 239 190
-0.343539 0.866291 -0.342239 83 239 84
0.494532 0.883815 0.020720 190 239 130
-0.375428 0.875877 0.316062 80 239 168
0.061463 0.849622 -0.472291 136 239 66
0.288209 0.894209 0.410421 163 239 179
-0.475228 0.867274 -0.104748 67 239 114
0.421891 0.868333 -0.244188 182 239 96
-0.145967 0.866874 0.464480 109 239 187
-0.209866 0.882202 -0.449107 101 239 71
0.454836 0.875468 0.188039 185 239 151
-0.448506 0.848755 0.163517 69 239 149
0.232068 0.893832 -0.446240 156 239 72
0.126397 0.866574 0.471214 144 239 188
-0.411809 0.866807 -0.262274 75 239 94
0.481416 0.867471 -0.084886 189 239 117
-0.302286 0.880588 0.393834 89 239 177
-0.042883 0.875028 -0.491704 122 239 65
0.352675 0.847954 0.323432 174 239 170
-0.504404 0.893384 -0.000274 65 239 127
0.360848 0.865919 -0.330206 174 239 85
-0.043015 0.865261 0.487094 122 239 190
-0.298419 0.868079 -0.389673 89 238 78
0.489564 0.878976 0.086871 189 238 138
-0.417756 0.874554 0.265423 74 238 161
0.124785 0.847221 -0.463188 144 238 67
0.232877 0.892867 0.448987 156 238 183
-0.460559 0.865308 -0.168479 68 238 106
0.452778 0.863697 -0.186612 186 238 104
-0.209110 0.868693 0.446225 101 238 184
-0.148770 0.877370 -0.475206 109 238 67
0.429264 0.874043 0.249079 182 238 159
-0.469753 0.846555 0.103006 66 238 141
0.291890 0.892280 -0.414704 164 238 76
0.062924 0.864738 0.487663 136 238 190
-0.374849 0.862121 -0.316272 79 238 87
0.494359 0.869309 -0.020174 191 238 125
-0.353674 0.875774 0.351570 83 238 172
0.023256 0.873493 -0.497075 130 238 64
0.308723 0.845958 0.370362 168 238 176
-0.503848 0.891624 -0.068071 65 238 119
0.404856 0.864208 -0.281361 179 238 91
-0.108061 0.860534 0.479123 114 238 189
-0.246740 0.869922 -0.431137 96 238 73
0.475712 0.874192 0.152050 188 238 147
-0.453026 0.872902 0.209011 70 238 154
0.186880 0.845430 -0.445860 152 238 69
0.172241 0.890899 0.479694 149 238 187
-0.437477 0.863716 -0.230229 71 238 98
0.475679 0.858942 -0.125111 189 238 111
-0.269956 0.870527 0.419343 93 238 181
-0.084447 0.872628 -0.492979 117 238 65
0.395293 0.872268 0.306481 178 238 166
-0.483126 0.844971 0.039762 64 238 133
0.347140 0.890106 -0.374839 171 238 81
-0.002688 0.863258 0.495705 127 238 191
-0.330736 0.857347 -0.364987 85 238 80
0.498530 0.871121 0.046477 191 238 133
-0.399164 0.871084 0.302609 77 238 166
0.090016 0.871591 -0.493282 139 238 65
0.258684 0.844582 0.411570 161 238 181
-0.493776 0.889248 -0.135612 66 238 111
0.442369 0.862834 -0.226713 184 238 98
-0.171707 0.855755 0.462378 105 238 187
-0.189268 0.871699 -0.465658 104 238 68
0.453206 0.869564 0.215084 185 238 155
-0.480408 0.870868 0.147829 67 238 146
0.246723 0.844261 -0.420464 160 238 73
0.107472 0.888325 0.501808 141 238 190
-0.406214 0.862439 -0.288888 76 238 91
0.490152 0.854168 -0.060816 191 238 120
-0.327277 0.872256 0.384075 86 238 176
-0.018037 0.868072 -0.502089 125 238 64
0.353442 0.870099 0.359043 172 238 173
-0.488283 0.844007 -0.025232 64 238 124
0.396631 0.887339 -0.327354 177 238 87
-0.069340 0.862071 0.495026 119 238 191
-0.280270 0.852590 -0.407513 91 238 75
0.493577 0.872789 0.113854 190 238 142
-0.437935 0.866609 0.247802 72 238 159
0.156083 0.869283 -0.480239 147 238 67
0.203268 0.843821 0.446290 154 238 186
-0.474283 0.886292 -0.201519 69 238 102
0.472596 0.861727 -0.167095 188 238 106
-0.232787 0.851026 0.437150 97 238 184
-0.126933 0.873293 -0.492359 111 238 65
0.422414 0.865180 0.274857 181 238 163
-0.499228 0.868419 0.083013 64 238 138
0.303297 0.843700 -0.387270 167 238 77
0.039840 0.885188 0.514787 132 238 192
-0.367145 0.861404 -0.343357 81 238 84
0.495923 0.849480 0.005108 192 238 128
-0.379855 0.873765 0.340849 80 238 170
0.049306 0.863785 -0.502347 134 238 63
0.304418 0.867507 0.405645 166 238 179
-0.484985 0.843643 -0.090948 64 238 116
0.439307 0.884027 -0.273136 182 238 93
-0.135876 0.861099 0.485450 110 238 190
-0.224352 0.847954 -0.443074 98 238 70
0.479323 0.874200 0.180665 188 238 150
-0.469286 0.862429 0.188081 68 237 151
0.220136 0.866547 -0.458067 155 237 69
0.143276 0.843648 0.473823 146 237 189
-0.445675 0.882814 -0.264447 72 237 95
0.494838 0.860809 -0.103457 191 237 114
-0.290206 0.846454 0.403881 90 237 180
-0.060812 0.874595 -0.510489 120 237 63
0.383838 0.861112 0.330320 176 237 170
-0.508990 0.865540 0.015799 63 237 130
0.355607 0.843714 -0.346660 174 237 82
-0.029319 0.881550 0.518294 124 237 192
-0.320796 0.860529 -0.392571 87 237 77
0.492880 0.844983 0.071492 192 237 137
-0.426519 0.874946 0.290287 74 237 164
0.116423 0.859838 -0.493709 142 237 64
0.249099 0.864484 0.445281 159 237 184
-0.473102 0.843837 -0.156319 66 237 107
0.474260 0.880239 -0.213220 187 237 101
-0.201098 0.860258 0.466948 102 237 187
-0.163962 0.843544 -0.471036 106 237 66
0.455789 0.875251 0.245574 185 237 158
-0.492643 0.858607 0.124447 65 237 143
0.280876 0.863383 -0.427091 163 237 73
0.079597 0.844016 0.493553 138 237 192
-0.408463 0.878884 -0.323122 77 237 87
0.508514 0.859990 -0.036860 192 237 123
-0.342952 0.842142 0.363145 83 237 175
0.007885 0.875506 -0.519451 128 237 62
0.338093 0.857420 0.380501 171 237 176
-0.509394 0.862235 -0.052508 63 237 121
0.402684 0.844247 -0.299136 180 237 89
-0.098642 0.877488 0.512205 115 237 191
-0.267842 0.859724 -0.435515 93 237 72
0.481063 0.840779 0.137182 190 237 145
-0.466179 0.875707 0.233201 69 237 157
0.182171 0.856280 -0.476266 151 237 67
0.188512 0.861043 0.477088 151 237 188
-0.452625 0.844529 -0.220245 69 237 99
0.500761 0.876056 -0.148759 190 237 109
-0.263784 0.859455 0.439656 94 237 184
-0.100137 0.839459 -0.490902 114 237 63
0.423203 0.875853 0.307231 180 237 166
-0.507553 0.855187 0.057953 63 237 135
0.337067 0.859807 -0.387834 170 237 78
0.013208 0.844856 0.504954 129 237 193
-0.363338 0.874590 -0.376372 82 237 80
0.513177 0.859180 0.031542 193 237 132
-0.390111 0.838185 0.315625 77 237 169
0.077843 0.875941 -0.518831 137 237 63
0.285900 0.854142 0.424510 164 237 182
-0.500343 0.858530 -0.120567 64 237 112
0.443596 0.845227 -0.245323 185 237 96
-0.166775 0.873094 0.496600 107 237 190
-0.209111 0.858896 -0.471253 101 237 68
0.460653 0.836959 0.201056 188 237 154
-0.497863 0.875969 0.170582 65 237 149
0.245427 0.853146 -0.450243 159 237 70
0.123806 0.857214 0.500372 143 237 191
-0.423676 0.845637 -0.281600 73 237 91
0.518266 0.871572 -0.080990 192 237 117
-0.322712 0.858599 0.403880 86 237 179
-0.033948 0.835786 -0.502314 123 237 62
0.382009 0.875934 0.364309 175 237 173
-0.513692 0.852197 -0.010304 62 237 126
0.387569 0.855860 -0.341004 177 237 84
-0.054827 0.846084 0.507604 120 237 193
-0.311150 0.870029 -0.423153 88 237 74
0.508535 0.858286 0.100510 192 237 140
-0.430873 0.834667 0.262098 71 237 162
0.147670 0.875835 -0.508423 146 237 64
0.228076 0.851297 0.461549 157 237 187
-0.481947 0.854471 -0.187044 66 237 104
0.477469 0.846562 -0.185974 189 237 104
-0.232407 0.868467 0.471757 98 237 187
-0.145577 0.857954 -0.498954 109 237 64
0.431959 0.833605 0.262040 184 237 162
-0.520751 0.875671 0.103583 63 237 140
0.305103 0.850446 -0.415988 167 237 74
0.056218 0.853049 0.514624 135 236 193
-0.386518 0.847069 -0.339246 78 236 84
0.526424 0.866891 -0.011200 194 236 126
-0.376688 0.857600 0.360110 80 236 173
0.033516 0.832602 -0.505045 132 236 61
0.332865 0.875440 0.415549 169 236 179
-0.510860 0.849641 -0.079197 62 236 117
0.431366 0.851598 -0.287468 183 236 91
-0.123366 0.847599 0.501207 112 236 192
-0.252876 0.865305 -0.462568 96 236 69
0.494476 0.857221 0.168750 190 236 149
-0.464530 0.831660 0.203421 67 236 154
0.215939 0.875142 -0.488241 154 236 67
0.165529 0.848884 0.490911 149 236 190
-0.454518 0.850119 -0.250642 69 236 95
0.503502 0.848150 -0.121976 192 236 112
-0.294300 0.863713 0.438132 90 236 183
-0.078350 0.856815 -0.517917 118 236 62
0.395405 0.830780 0.319113 179 236 169
-0.534203 0.874776 0.033486 61 236 132
0.360149 0.848172 -0.373976 174 236 80
-0.012957 0.848617 0.519531 126 236 194
-0.341570 0.848716 -0.392053 84 236 77
0.525076 0.862118 0.059307 194 236 135
-0.424573 0.856377 0.309015 74 236 167
0.101156 0.829965 -0.498994 141 236 62
0.276628 0.874341 0.459796 162 236 185
-0.498986 0.847505 -0.147572 64 236 109
0.467593 0.847093 -0.228232 187 236 98
-0.191197 0.849294 0.485611 103 236 190
-0.189597 0.860524 -0.493881 104 236 65
0.471076 0.855907 0.234935 187 236 157
-0.490481 0.829215 0.140513 63 236 146
0.281225 0.873837 -0.458525 162 236 71
0.099247 0.846881 0.511996 140 236 193
-0.418552 0.845553 -0.310135 74 236 88
0.520993 0.849878 -0.054344 194 236 121
-0.351308 0.858936 0.396344 83 236 178
-0.008650 0.855401 -0.527603 126 236 61
0.351524 0.828532 0.371316 174 236 176
-0.537789 0.873265 -0.038325 61 236 123
0.409566 0.846298 -0.324804 180 236 86
-0.082409 0.843998 0.514975 117 236 194
-0.289418 0.850466 -0.438916 91 236 72
0.514241 0.857356 0.129238 193 236 144
-0.465322 0.854858 0.251441 68 236 159
0.167878 0.827915 -0.484181 149 236 64
0.214340 0.872625 0.496035 154 236 189
-0.478133 0.845754 -0.214263 66 236 100
0.495550 0.842433 -0.164405 191 236 106
-0.257060 0.851051 0.460826 95 236 186
-0.122465 0.855789 -0.516518 112 236 62
0.438613 0.854275 0.297739 183 236 165
-0.508232 0.827366 0.074350 61 236 137
0.342151 0.871918 -0.419745 170 236 75
0.030299 0.845248 0.524312 131 236 195
-0.374713 0.840861 -0.364398 79 236 81
0.529365 0.851631 0.015787 195 236 130
-0.402399 0.854239 0.347146 77 236 171
0.062206 0.853652 -0.527651 135 236 61
0.300943 0.826885 0.417752 167 236 182
-0.531299 0.871144 -0.110406 61 236 114
0.452418 0.844777 -0.269192 185 236 93
-0.150839 0.839286 0.501032 108 236 192
-0.230812 0.852200 -0.478790 98 236 67
0.494113 0.852707 0.197334 190 236 153
-0.498012 0.852985 0.188401 64 236 151
0.232595 0.826471 -0.460742 158 236 67
0.147191 0.870305 0.523424 146 236 193
-0.448503 0.844338 -0.278098 70 236 92
0.514711 0.837712 -0.097171 194 236 115
-0.319665 0.852755 0.427042 87 236 182
-0.052678 0.851199 -0.530071 121 236 60
0.397569 0.852275 0.355873 178 236 173
-0.517390 0.826125 0.005959 60 236 128
0.397424 0.869403 -0.372581 177 236 81
-0.040178 0.843929 0.527491 122 236 195
-0.323810 0.836142 -0.412428 86 236 74
0.528190 0.853291 0.087169 194 236 139
-0.446661 0.849716 0.291408 71 235 165
0.132847 0.851519 -0.517902 144 235 62
0.244388 0.825845 0.457593 159 235 187
-0.514755 0.868439 -0.181297 64 235 105
0.487843 0.843548 -0.207982 190 235 101
-0.216991 0.834581 0.477959 99 235 189
-0.166675 0.853804 -0.510714 106 235 63
0.465039 0.848262 0.262393 187 235 161
-0.521872 0.850717 0.121049 61 235 143
0.294231 0.825631 -0.428928 166 235 71
0.076495 0.867415 0.541319 137 235 195
-0.410444 0.843190 -0.337916 75 235 84
0.524730 0.833032 -0.027756 195 235 124
-0.377723 0.854289 0.384643 80 235 176
0.018543 0.846839 -0.534295 130 235 59
0.348625 0.849869 0.408122 172 235 179
-0.517674 0.825481 -0.063592 60 235 119
0.445874 0.866333 -0.317910 183 235 88
-0.110984 0.842854 0.521301 113 235 194
-0.266766 0.831499 -0.453359 93 235 69
0.517219 0.854744 0.158468 193 235 147
-0.483314 0.845451 0.230094 66 235 157
0.201876 0.848974 -0.498412 153 235 64
0.182674 0.825394 0.490086 151 235 191
-0.488408 0.865197 -0.249558 67 235 96
0.515076 0.842537 -0.142136 193 235 109
-0.279678 0.829986 0.446176 91 235 185
-0.098089 0.855164 -0.533847 115 235 60
0.427510 0.844098 0.323281 182 235 169
-0.536314 0.848032 0.050657 59 235 134
0.351733 0.825369 -0.389108 173 235 77
0.003646 0.864007 0.549289 128 235 196
-0.364460 0.842234 -0.392582 81 235 77
0.525435 0.828497 0.042600 196 235 133
-0.429981 0.855546 0.334213 73 235 170
0.089972 0.842785 -0.529096 139 235 60
0.292647 0.847043 0.453378 165 235 185
-0.508914 0.825403 -0.133191 61 235 110
0.486486 0.862768 -0.256777 188 235 96
-0.180872 0.841943 0.505661 104 235 192
-0.204597 0.827035 -0.486470 101 235 64
0.496399 0.855886 0.228290 190 235 156
-0.511709 0.841512 0.164242 62 235 148
0.267908 0.846008 -0.469447 162 235 68
0.116709 0.825494 0.514554 143 235 194
-0.452723 0.861481 -0.313812 71 235 88
0.533461 0.841660 -0.072732 196 235 118
-0.337799 0.825604 0.406247 84 235 180
-0.026282 0.856181 -0.547503 124 235 59
0.382141 0.840281 0.378945 176 235 176
-0.540946 0.844926 -0.021416 59 235 125
0.404073 0.825640 -0.341771 180 235 83
-0.069921 0.860151 0.547125 119 235 196
-0.311208 0.841383 -0.441010 88 235 71
0.516818 0.824207 0.112668 195 235 142
-0.475258 0.856428 0.276540 68 235 162
0.160394 0.839094 -0.514529 148 235 62
0.230670 0.843800 0.490677 157 235 190
-0.491060 0.825838 -0.201692 64 235 101
0.518422 0.858780 -0.190361 192 235 104
-0.248561 0.841107 0.480655 96 235 189
-0.138384 0.822849 -0.511190 109 235 61
0.465895 0.856623 0.295214 186 235 164
-0.531331 0.837951 0.094949 60 235 140
0.329613 0.842630 -0.431491 169 235 73
0.047491 0.826086 0.530415 134 235 196
-0.408370 0.857373 -0.372781 76 235 81
0.542480 0.840829 -0.000954 197 235 127
-0.390355 0.821531 0.358862 77 235 174
0.047395 0.856765 -0.551176 133 235 59
0.329659 0.836855 0.428419 170 235 182
-0.535593 0.841417 -0.093767 59 235 116
0.450261 0.826380 -0.287533 186 235 90
-0.142767 0.855931 0.534839 110 235 194
-0.251506 0.840547 -0.482184 95 235 66
0.499026 0.820258 0.181249 193 235 151
-0.512483 0.856851 0.212602 63 235 154
0.228616 0.835805 -0.490788 157 235 65
0.163863 0.840163 0.519221 148 234 194
-0.464196 0.826717 -0.267921 67 234 93
0.541040 0.854460 -0.119944 195 234 112
-0.312766 0.840256 0.446545 88 234 184
-0.069247 0.819031 -0.527097 118 234 59
0.426092 0.856878 0.357831 181 234 172
-0.541795 0.834802 0.023360 58 234 130
0.385748 0.838870 -0.385224 177 234 78
-0.023893 0.827093 0.537191 124 234 197
-0.356191 0.852962 -0.425312 83 234 74
0.541769 0.839954 0.071924 196 234 137
-0.436454 0.817855 0.304814 70 234 167
0.121504 0.856844 -0.544569 143 234 60
0.270898 0.833847 0.470831 162 234 188
-0.520295 0.837540 -0.164980 61 234 106
0.489356 0.827506 -0.227141 191 234 98
-0.213490 0.851442 0.512653 101 234 192
-0.186328 0.839637 -0.515191 104 234 62
0.472345 0.816732 0.247192 189 234 160
-0.540731 0.856749 0.143553 60 234 145
0.293481 0.832939 -0.458200 165 234 69
0.093505 0.836175 0.538404 139 234 196
-0.428550 0.827951 -0.330689 72 234 85
0.553899 0.849903 -0.046871 197 234 122
-0.372216 0.839303 0.403778 80 234 179
0.001665 0.815663 -0.533907 128 234 58
0.377605 0.856589 0.414786 175 234 179
-0.542850 0.832078 -0.049348 58 234 121
0.435194 0.834777 -0.331505 183 234 85
-0.096270 0.828424 0.534526 115 234 196
-0.297176 0.848350 -0.470404 90 234 68
0.531142 0.838947 0.144560 195 234 146
-0.475315 0.814652 0.244982 65 234 160
0.194550 0.856365 -0.527612 152 234 62
0.206782 0.831264 0.505407 154 234 192
-0.495307 0.833349 -0.233669 64 234 98
0.520493 0.828922 -0.161477 194 234 107
-0.280751 0.846785 0.480989 92 234 188
-0.116789 0.838568 -0.539243 113 234 59
0.437187 0.813699 0.309401 185 234 168
-0.559259 0.856075 0.070699 58 234 136
0.353869 0.830496 -0.417225 173 234 74
0.020943 0.831894 0.547821 130 234 198
-0.384506 0.829441 -0.388804 78 234 78
0.556761 0.845213 0.027485 198 234 131
-0.425693 0.838162 0.352991 73 234 172
0.073197 0.812808 -0.531474 137 234 58
0.321262 0.855719 0.464819 167 234 185
-0.534378 0.829774 -0.121970 59 234 112
0.476980 0.830415 -0.271347 189 234 93
-0.168395 0.829976 0.522208 106 234 194
-0.232431 0.843638 -0.507219 98 234 64
0.510609 0.837727 0.215567 192 234 155
-0.506273 0.811979 0.180315 61 234 151
0.265030 0.855295 -0.500474 160 234 65
0.138325 0.829094 0.531479 145 234 196
-0.461087 0.828915 -0.298512 68 234 89
0.542898 0.830523 -0.091560 197 234 116
-0.343306 0.842063 0.440442 84 234 183
-0.044135 0.837260 -0.553710 122 234 57
0.394077 0.811214 0.366846 179 234 176
-0.567533 0.854804 -0.004539 57 234 127
0.408714 0.828458 -0.368448 180 234 80
-0.052444 0.827397 0.547278 121 234 198
-0.332614 0.831078 -0.441097 85 234 71
0.549584 0.840492 0.101753 197 234 140
-0.472059 0.836759 0.295009 68 234 165
0.144195 0.810513 -0.519780 146 234 59
0.258091 0.854247 0.506806 160 234 190
-0.516401 0.827862 -0.193283 61 234 103
0.510305 0.825864 -0.205886 193 234 101
-0.238960 0.831637 0.500186 97 234 191
-0.163150 0.838929 -0.535095 107 234 60
0.480386 0.836222 0.283549 188 234 163
-0.528769 0.809878 0.111823 58 234 142
0.331472 0.853622 -0.463560 169 234 70
0.066621 0.827305 0.548494 136 234 198
-0.418276 0.824321 -0.358283 74 234 81
0.555915 0.832196 -0.018537 198 234 125
-0.400024 0.837378 0.391760 77 233 177
0.030284 0.835647 -0.558146 131 233 57
0.343646 0.809309 0.418562 172 233 182
-0.565246 0.852932 -0.080660 57 233 117
0.457011 0.826785 -0.312582 186 233 87
-0.125277 0.822770 0.536784 111 233 197
-0.273601 0.832749 -0.486448 93 233 66
0.532512 0.835841 0.174590 195 233 150
-0.510295 0.835033 0.230835 63 233 157
0.213511 0.808806 -0.498932 155 233 62
0.189291 0.852176 0.539792 151 233 195
-0.489081 0.826300 -0.262060 65 233 94
0.534550 0.821214 -0.136343 196 233 110
-0.306624 0.833293 0.468590 89 233 187
-0.090580 0.834323 -0.553542 116 233 57
0.440902 0.834376 0.347135 183 233 172
-0.542361 0.808369 0.040569 57 233 133
0.392478 0.851357 -0.417509 176 233 76
-0.007159 0.825848 0.556020 127 233 199
-0.367674 0.819659 -0.411878 80 233 74
0.559041 0.833825 0.056324 198 233 135
-0.449900 0.832826 0.335822 70 233 170
0.105046 0.833677 -0.552305 141 233 57
0.286624 0.807998 0.463658 165 233 188
-0.552333 0.850475 -0.156131 59 233 108
0.497828 0.825425 -0.250468 191 233 95
-0.196215 0.818107 0.516545 102 233 194
-0.208370 0.834338 -0.523814 101 233 61
0.505856 0.831353 0.244708 192 233 159
-0.539532 0.832935 0.161630 59 233 148
0.280014 0.807692 -0.469153 164 233 66
0.116200 0.849532 0.563020 142 233 197
-0.452731 0.825030 -0.327078 70 233 86
0.549285 0.816563 -0.064000 199 233 119
-0.370030 0.834830 0.427749 81 233 182
-0.016002 0.829908 -0.562243 125 233 56
0.392796 0.832147 0.405016 177 233 179
-0.546715 0.807451 -0.032339 56 233 123
0.446767 0.848530 -0.363169 183 233 82
-0.081780 0.824659 0.553765 117 233 198
-0.310216 0.815029 -0.458333 87 233 68
0.551942 0.835297 0.131657 197 233 144
-0.492066 0.828493 0.273610 65 233 162
0.178688 0.831314 -0.536161 150 233 59
0.223835 0.807273 0.501318 157 233 193
-0.528968 0.847471 -0.229424 62 233 99
0.530326 0.824310 -0.183071 195 233 104
-0.263981 0.813511 0.486945 93 233 191
-0.137996 0.835735 -0.552266 110 233 58
0.470084 0.827111 0.310887 187 233 167
-0.559077 0.830435 0.088688 57 233 139
0.342592 0.807157 -0.430792 172 233 71
0.040258 0.846357 0.575956 133 233 199
-0.407821 0.823979 -0.387136 75 233 78
0.554266 0.812011 0.009841 199 233 129
-0.427851 0.836139 0.378198 74 233 175
0.059293 0.825763 -0.561047 135 233 56
0.336911 0.829511 0.455983 170 233 185
-0.541613 0.807101 -0.105753 57 233 114
0.493210 0.845191 -0.301576 189 233 90
-0.155951 0.823664 0.541588 108 233 197
-0.246939 0.810533 -0.496836 95 233 63
0.534486 0.836507 0.206019 195 233 153
-0.525792 0.824453 0.206192 60 233 154
0.249748 0.828540 -0.509915 159 233 63
0.156199 0.807104 0.530807 148 233 197
-0.495561 0.843976 -0.299064 66 233 90
0.553776 0.823361 -0.111478 198 233 113
-0.327382 0.809080 0.448527 85 233 186
-0.063710 0.836835 -0.571021 119 233 56
0.425799 0.823182 0.371991 182 233 175
-0.568443 0.827524 0.013404 55 233 129
0.400160 0.807164 -0.384317 180 233 77
-0.037039 0.842714 0.578292 123 233 200
-0.354983 0.823068 -0.441076 82 233 71
0.549425 0.807658 0.083880 199 233 138
-0.478815 0.837119 0.320684 67 233 168
0.134023 0.821952 -0.549960 145 233 57
0.274268 0.826462 0.498965 162 232 191
-0.526963 0.807278 -0.178483 59 232 104
0.530855 0.841408 -0.233924 194 232 98
-0.228341 0.822780 0.519514 98 232 194
-0.178959 0.806268 -0.526731 104 232 59
0.506759 0.837357 0.277930 191 232 162
-0.550490 0.820764 0.134703 57 232 145
0.316805 0.825357 -0.473991 168 232 67
0.084727 0.807443 0.551482 139 232 199
-0.452739 0.840062 -0.363666 71 232 82
0.567583 0.822494 -0.036891 200 232 123
-0.385330 0.804914 0.401973 77 232 180
0.013117 0.837546 -0.579476 129 232 55
0.373728 0.819620 0.426973 175 232 182
-0.567362 0.824208 -0.062760 55 232 120
0.451666 0.807658 -0.330327 186 232 85
-0.114176 0.838679 0.569957 113 232 199
-0.295013 0.822208 -0.487808 90 232 65
0.534862 0.803599 0.156844 197 232 148
-0.521753 0.837683 0.256157 62 232 160
0.206928 0.818521 -0.529137 154 232 60
0.206047 0.823017 0.533058 154 232 195
-0.502803 0.807918 -0.249313 62 232 95
0.558951 0.837262 -0.161522 197 232 107
-0.297604 0.821918 0.487748 90 232 190
-0.107442 0.802327 -0.547519 113 232 56
0.469079 0.837765 0.345903 186 232 171
-0.565708 0.817467 0.060325 55 232 135
0.378516 0.821786 -0.429026 176 232 73
0.010524 0.808221 0.562802 129 232 200
-0.401322 0.835815 -0.421967 77 232 75
0.571304 0.821621 0.039391 200 232 133
-0.436847 0.801101 0.348082 70 232 173
0.091010 0.837791 -0.577235 139 232 55
0.314707 0.816459 0.474885 168 232 188
-0.555790 0.820516 -0.138319 57 232 110
0.496110 0.808564 -0.269556 192 232 93
-0.189662 0.834341 0.551104 104 232 197
-0.228871 0.821313 -0.526331 98 232 61
0.510829 0.799923 0.227504 194 232 157
-0.555637 0.837758 0.185761 58 232 151
0.276780 0.815497 -0.498875 163 232 64
0.133551 0.819209 0.557549 145 232 199
-0.469316 0.808944 -0.317003 67 232 87
0.576957 0.832845 -0.085762 200 232 117
-0.362403 0.820992 0.446686 81 232 184
-0.033587 0.798795 -0.558856 123 232 54
0.421998 0.837665 0.408495 180 232 178
-0.571136 0.814582 -0.015716 54 232 125
0.433656 0.817868 -0.375857 183 232 80
-0.065215 0.809355 0.564351 119 232 200
-0.342297 0.831329 -0.472856 85 232 68
0.564675 0.820654 0.115986 199 232 142
-0.481074 0.797721 0.287746 65 232 165
0.168421 0.837509 -0.564135 148 232 57
0.249673 0.813713 0.514881 160 232 193
-0.533913 0.816494 -0.211805 59 232 100
0.532556 0.809796 -0.202873 196 232 101
-0.262063 0.829797 0.522101 95 232 193
-0.157670 0.820296 -0.555773 107 232 57
0.477714 0.796702 0.294690 190 232 166
-0.579612 0.837291 0.110806 55 232 141
0.342391 0.812890 -0.459606 171 232 69
0.058169 0.815090 0.571935 135 232 201
-0.426843 0.810261 -0.380309 73 232 79
0.584545 0.828254 -0.008079 201 232 126
-0.421439 0.819916 0.396922 74 232 178
0.041397 0.795740 -0.560538 133 232 54
0.366302 0.837008 0.464343 173 232 185
-0.566603 0.812111 -0.092168 55 232 116
0.481146 0.813659 -0.315489 189 232 87
-0.141217 0.810748 0.555850 109 232 199
-0.276783 0.826703 -0.515390 93 232 63
0.547629 0.819511 0.191459 197 232 152
-0.517272 0.794838 0.221937 60 232 157
0.243774 0.836661 -0.540256 158 232 60
0.179656 0.811378 0.546221 151 232 198
-0.502134 0.812203 -0.281800 63 232 91
0.560160 0.811252 -0.131290 199 232 111
-0.330036 0.825147 0.483508 86 231 188
-0.082665 0.819077 -0.575408 117 231 54
0.436028 0.793996 0.357297 185 231 174
-0.593033 0.836248 0.032738 54 231 132
0.402627 0.810687 -0.411897 179 231 75
-0.018660 0.810726 0.575929 125 231 201
-0.375895 0.811768 -0.437999 79 231 71
0.581596 0.823592 0.070085 201 231 136
-0.473487 0.818613 0.339246 67 231 171
0.116298 0.793216 -0.552503 143 231 55
0.302988 0.835769 0.512213 165 231 191
-0.552079 0.810038 -0.167759 57 231 106
0.520076 0.809231 -0.249066 194 231 96
-0.216140 0.812294 0.537181 100 231 196
-0.206002 0.822039 -0.548805 101 231 58
0.520308 0.818117 0.264348 194 231 161
-0.544817 0.792499 0.151694 56 231 147
0.315512 0.835225 -0.505929 167 231 65
0.105770 0.809430 0.568285 141 231 200
-0.461054 0.807720 -0.346981 68 231 83
0.578189 0.812824 -0.055956 201 231 120
-0.392349 0.820493 0.436054 78 231 183
-0.005228 0.817586 -0.584695 127 231 53
0.386395 0.791846 0.414293 178 231 182
-0.595487 0.834615 -0.046900 54 231 122
0.456412 0.808860 -0.356447 186 231 82
-0.095487 0.806198 0.569462 115 231 201
-0.317161 0.813354 -0.488881 87 231 65
0.568191 0.818957 0.147307 199 231 146
-0.517431 0.817018 0.274636 62 231 162
0.189912 0.791258 -0.534816 152 231 57
0.233246 0.833941 0.551033 156 231 196
-0.527682 0.808327 -0.241206 60 231 97
0.549728 0.804668 -0.177842 198 231 105
-0.288592 0.813881 0.508409 91 231 192
-0.131244 0.817435 -0.572521 111 231 55
0.483077 0.816412 0.333208 189 231 170
-0.563206 0.790734 0.078109 54 231 138
0.382137 0.833203 -0.461729 175 231 70
0.029210 0.807829 0.580574 131 231 202
-0.411455 0.803133 -0.406139 74 231 75
0.586054 0.814400 0.021850 202 231 130
-0.447898 0.815930 0.380612 71 231 176
0.073178 0.815765 -0.583295 137 231 54
0.329544 0.790274 0.464718 171 231 188
-0.586807 0.832402 -0.126511 55 231 112
0.502745 0.807362 -0.294086 192 231 90
-0.170889 0.801597 0.552674 105 231 199
-0.251515 0.814907 -0.531834 96 231 60
0.544595 0.814445 0.222216 197 231 156
-0.552298 0.815077 0.204245 57 231 153
0.261051 0.789879 -0.507670 162 231 61
0.158426 0.831540 0.579930 147 231 200
-0.493680 0.806926 -0.311229 64 231 88
0.569577 0.800063 -0.103138 201 231 114
-0.357162 0.815398 0.469796 82 231 187
-0.053841 0.812983 -0.586142 121 231 53
0.436521 0.814346 0.396640 183 231 178
-0.572048 0.789548 0.002324 53 231 128
0.442259 0.830617 -0.408462 182 231 77
-0.048757 0.806517 0.582731 121 231 202
-0.354264 0.798535 -0.458208 82 231 68
0.583337 0.815869 0.100742 201 231 140
-0.495723 0.811548 0.318175 64 231 168
0.151037 0.813572 -0.571093 147 231 55
0.266301 0.789281 0.507692 162 231 194
-0.567081 0.829637 -0.204490 57 231 102
0.540712 0.806133 -0.225774 197 231 99
-0.243500 0.797018 0.525900 96 231 196
-0.180010 0.816317 -0.565839 105 231 56
0.511239 0.810141 0.293505 193 231 165
-0.577293 0.812754 0.129377 54 231 144
0.328547 0.789075 -0.471383 170 231 66
0.079997 0.828600 0.598253 137 231 202
-0.450504 0.805771 -0.376565 70 231 79
0.579293 0.795514 -0.026314 203 231 124
-0.420449 0.816736 0.421817 74 231 181
0.024857 0.808765 -0.589447 131 231 52
0.381441 0.811891 0.453337 176 230 185
-0.571076 0.788931 -0.074477 53 230 118
0.494630 0.827509 -0.347141 189 230 84
-0.126804 0.805428 0.574547 111 230 201
-0.290533 0.794027 -0.502278 90 230 62
0.569817 0.817124 0.179240 199 230 150
-0.535005 0.807423 0.249829 59 230 159
0.226815 0.810983 -0.548207 156 230 58
0.197589 0.788846 0.542418 153 230 198
-0.536642 0.826366 -0.279268 61 230 93
0.569510 0.805100 -0.152598 200 230 108
-0.312036 0.792561 0.489649 87 230 191
-0.103869 0.817477 -0.590016 114 230 53
0.468704 0.806117 0.359954 187 230 173
-0.591821 0.810030 0.051453 52 230 134
0.391255 0.788818 -0.426398 178 230 72
-0.000494 0.825175 0.605589 127 230 203
-0.398748 0.804785 -0.435988 77 230 72
0.578741 0.791119 0.051267 203 230 134
-0.477100 0.817792 0.365166 68 230 173
0.103505 0.804849 -0.582383 141 230 53
0.318833 0.809033 0.502121 168 230 191
-0.560145 0.788847 -0.151069 55 230 108
0.538181 0.823937 -0.278954 195 230 93
-0.203558 0.804481 0.555983 102 230 198
-0.221401 0.789705 -0.537601 99 230 58
0.545496 0.818065 0.255812 196 230 160
-0.565076 0.803620 0.176736 55 230 150
0.299008 0.807991 -0.514989 165 230 62
0.124429 0.788929 0.568191 144 230 201
-0.496063 0.822655 -0.349356 66 230 84
0.588462 0.804182 -0.075768 203 230 118
-0.375317 0.788322 0.444585 79 230 185
-0.024470 0.818294 -0.603662 124 230 52
0.417705 0.802433 0.420433 181 230 181
-0.595510 0.806906 -0.028024 52 230 124
0.448069 0.789062 -0.373290 186 230 79
-0.081467 0.821334 0.601767 117 230 203
-0.339178 0.803887 -0.488331 84 230 65
0.567960 0.786974 0.128259 201 230 144
-0.525850 0.818475 0.300754 62 230 165
0.180776 0.801287 -0.565056 151 230 55
0.249871 0.805778 0.541977 159 230 196
-0.539243 0.789244 -0.226194 58 230 98
0.572046 0.819975 -0.205226 199 230 102
-0.277620 0.803592 0.527180 92 230 195
-0.148071 0.785663 -0.563597 108 230 54
0.510607 0.818606 0.328905 191 230 169
-0.585411 0.800186 0.100117 53 230 140
0.366177 0.804609 -0.472022 174 230 67
0.047937 0.789471 0.584406 134 230 203
-0.446124 0.818582 -0.413383 72 230 76
0.597044 0.803294 0.003400 204 230 128
-0.432277 0.784394 0.391498 71 230 179
0.056688 0.818685 -0.606275 135 230 52
0.359074 0.799128 0.473913 173 230 188
-0.588226 0.803400 -0.107506 53 230 114
0.497924 0.789741 -0.312771 192 230 87
-0.161349 0.817159 0.586860 107 230 201
-0.272729 0.802990 -0.532514 93 230 60
0.547157 0.783168 0.203359 199 230 154
-0.565564 0.818708 0.229697 57 230 156
0.255374 0.798115 -0.537722 160 230 59
0.175868 0.802153 0.572080 150 230 200
-0.508505 0.790051 -0.298569 62 230 89
0.595572 0.815709 -0.127384 202 230 112
-0.347588 0.802676 0.488473 83 230 190
-0.071785 0.781988 -0.579845 118 230 52
0.465633 0.818675 0.396992 186 230 177
-0.595635 0.797148 0.021235 51 230 130
0.426991 0.800869 -0.420101 182 230 74
-0.030680 0.790396 0.590581 124 230 204
-0.387794 0.814236 -0.470123 79 230 69
0.594908 0.802350 0.083495 203 230 138
-0.481973 0.780857 0.331287 65 230 171
0.138017 0.818583 -0.597588 145 230 53
0.293752 0.796226 0.519471 165 230 194
-0.570070 0.799551 -0.185451 55 230 104
0.539820 0.790775 -0.245691 197 229 96
-0.238615 0.812743 0.561166 98 229 198
-0.200501 0.802008 -0.567571 102 229 55
0.516686 0.779778 0.275322 195 229 163
-0.595276 0.818431 0.153293 53 229 147
0.326044 0.795349 -0.500782 169 229 63
0.098244 0.798200 0.591820 140 229 203
-0.468221 0.791183 -0.366900 67 229 80
0.608331 0.811234 -0.046913 204 229 122
-0.412091 0.801648 0.440402 75 229 183
0.006196 0.778752 -0.586080 128 229 51
0.411296 0.818218 0.458614 179 229 185
-0.595514 0.794517 -0.058614 51 229 120
0.480260 0.796820 -0.360209 189 229 81
-0.110126 0.791616 0.586367 113 229 203
-0.322192 0.809713 -0.518522 87 229 62
0.581900 0.801266 0.163042 201 229 148
-0.523586 0.777782 0.264940 59 229 162
0.217881 0.817942 -0.577584 155 229 56
0.222777 0.793729 0.556297 156 229 199
-0.541374 0.795412 -0.260352 58 229 94
0.572839 0.792070 -0.173047 201 229 105
-0.311824 0.808182 0.525195 88 229 194
-0.123746 0.800861 -0.592684 112 229 52
0.477037 0.776870 0.342968 190 229 172
-0.614225 0.817602 0.073001 51 229 137
0.391582 0.792985 -0.454775 178 229 69
0.018485 0.793980 0.600807 130 229 204
-0.418854 0.792542 -0.429898 74 229 72
0.610116 0.806647 0.034680 204 229 132
-0.469819 0.800429 0.383708 68 229 176
0.084608 0.776016 -0.582184 139 229 51
0.348552 0.817199 0.512428 171 229 191
-0.584962 0.792283 -0.138110 53 229 110
0.524966 0.792526 -0.293489 195 229 90
-0.189029 0.793028 0.571578 103 229 201
-0.250555 0.805110 -0.557709 96 229 57
0.558084 0.799967 0.240526 198 229 158
-0.556423 0.775222 0.193515 55 229 153
0.294642 0.816732 -0.546504 164 229 60
0.147278 0.791622 0.583695 146 229 202
-0.502690 0.791053 -0.330789 63 229 85
0.596172 0.793524 -0.095980 204 229 115
-0.379642 0.803576 0.479643 80 229 188
-0.043848 0.799475 -0.607213 122 229 50
0.428817 0.774490 0.405193 184 229 181
-0.621882 0.816201 -0.009609 50 229 126
0.450844 0.791002 -0.400377 185 229 76
-0.061897 0.789565 0.598882 120 229 204
-0.361049 0.794025 -0.486304 81 229 65
0.600934 0.802047 0.115899 203 229 142
-0.519562 0.798949 0.319336 62 229 168
0.162191 0.773820 -0.568177 149 229 53
0.278565 0.815605 0.557244 162 229 197
-0.564044 0.790419 -0.215922 55 229 100
0.560279 0.788065 -0.221207 200 229 99
-0.265963 0.794527 0.546202 94 229 197
-0.174206 0.800527 -0.587006 105 229 53
0.523746 0.798387 0.314430 194 229 167
-0.579912 0.773212 0.118130 52 229 143
0.366711 0.814947 -0.504847 173 229 65
0.068468 0.789873 0.601099 136 229 205
-0.454760 0.786556 -0.395449 69 229 77
0.609144 0.795028 -0.015768 205 229 125
-0.440865 0.799020 0.425367 72 229 181
0.037704 0.797789 -0.610718 132 229 50
0.372745 0.772668 0.460968 176 229 188
-0.617970 0.814225 -0.092889 51 229 116
0.502758 0.789362 -0.338399 192 229 84
-0.141403 0.785041 0.586107 109 229 203
-0.295638 0.795521 -0.534920 90 229 60
0.580987 0.797529 0.195291 201 229 152
-0.560243 0.797151 0.248416 56 229 159
0.237702 0.772187 -0.544210 159 229 56
0.202680 0.813442 0.592067 153 229 201
-0.532979 0.788882 -0.290715 59 229 90
0.585573 0.783524 -0.144718 203 229 109
-0.339463 0.796004 0.510432 84 229 192
-0.094520 0.796057 -0.605926 116 229 51
0.479407 0.796474 0.383274 188 228 176
-0.593604 0.771769 0.039956 50 228 133
0.432590 0.812599 -0.453361 181 228 71
-0.012363 0.788433 0.608079 126 228 205
-0.398497 0.782009 -0.453162 76 228 69
0.611248 0.796472 0.066190 205 228 136
-0.494433 0.794606 0.363356 65 228 174
0.119349 0.795755 -0.602986 143 228 51
0.309645 0.771414 0.509348 168 228 194
-0.602475 0.811696 -0.175164 53 228 106
0.546337 0.788010 -0.269790 197 228 93
-0.218582 0.780499 0.562755 99 228 200
-0.223643 0.796921 -0.574640 99 228 55
0.550661 0.793180 0.271465 197 228 162
-0.590959 0.794993 0.172247 53 228 149
0.309917 0.771120 -0.510568 168 228 61
0.122380 0.810736 0.616126 143 228 204
-0.492148 0.787613 -0.361168 65 228 81
0.600424 0.778997 -0.065426 205 228 119
-0.408065 0.797348 0.464671 76 228 186
-0.012900 0.791782 -0.614169 126 228 49
0.425811 0.794189 0.445656 182 228 184
-0.597173 0.770888 -0.039793 49 228 122
0.490917 0.809721 -0.393017 189 228 79
-0.093860 0.787238 0.604357 115 228 205
-0.334951 0.777508 -0.502913 84 228 62
0.602171 0.797749 0.148390 203 228 146
-0.539435 0.790414 0.294707 59 228 165
0.199494 0.793341 -0.584042 153 228 53
0.240439 0.770716 0.549470 159 228 199
-0.575644 0.808652 -0.254782 56 228 96
0.580698 0.786881 -0.195628 202 228 102
-0.292061 0.776035 0.529289 90 228 196
-0.146267 0.798120 -0.604490 109 228 51
0.510504 0.789078 0.343115 193 228 171
-0.611003 0.792449 0.092262 50 228 139
0.377637 0.770602 -0.467660 177 228 66
0.039250 0.807533 0.628890 132 228 206
-0.442104 0.786542 -0.425989 71 228 73
0.604615 0.774581 0.015244 206 228 129
-0.470339 0.798458 0.409551 68 228 179
0.069250 0.787777 -0.611615 136 228 49
0.363917 0.791514 0.500292 174 228 191
-0.590419 0.770544 -0.119857 51 228 112
0.540501 0.806364 -0.324983 195 228 87
-0.174611 0.786215 0.589822 105 228 203
-0.265274 0.773150 -0.543859 93 228 57
0.581818 0.798759 0.229259 201 228 156
-0.575116 0.786512 0.220604 54 228 156
0.276556 0.790535 -0.554156 163 228 57
0.166149 0.770542 0.580564 149 228 203
-0.537974 0.805150 -0.330155 60 228 86
0.605086 0.785899 -0.117122 205 228 113
-0.360567 0.771746 0.486338 81 228 191
-0.064881 0.799020 -0.623660 119 228 49
0.461207 0.785285 0.409025 186 228 180
-0.619897 0.789512 0.009995 49 228 129
0.439696 0.770593 -0.416032 185 228 73
-0.045074 0.803893 0.630081 122 228 206
-0.383572 0.785590 -0.483939 79 228 66
0.598117 0.770371 0.095881 205 228 140
-0.524928 0.799239 0.345928 62 228 171
0.150539 0.784098 -0.598310 147 228 51
0.294874 0.788447 0.546055 165 228 197
-0.573276 0.770694 -0.198945 53 228 102
0.580354 0.802595 -0.250587 200 228 96
-0.253171 0.785285 0.564545 95 228 199
-0.190698 0.769029 -0.575326 103 228 53
0.550335 0.799412 0.307186 196 228 166
-0.600873 0.782952 0.142293 51 228 146
0.349008 0.787340 -0.513840 172 228 62
0.087895 0.770844 0.601963 139 228 206
-0.490196 0.801261 -0.399801 66 228 78
0.618891 0.784981 -0.035596 206 228 123
-0.422942 0.767723 0.434678 72 228 184
0.019006 0.799536 -0.631542 130 228 48
0.403592 0.781849 0.468087 179 228 187
-0.617399 0.786192 -0.072957 49 228 118
0.494972 0.771038 -0.356367 192 227 81
-0.128947 0.799892 0.619673 111 227 205
-0.317453 0.784674 -0.533857 87 227 59
0.581080 0.766456 0.175110 203 227 150
-0.570595 0.799610 0.274877 56 227 162
0.229605 0.780788 -0.574464 157 227 54
0.219995 0.785005 0.582005 156 227 202
-0.545824 0.771275 -0.275732 57 227 92
0.609705 0.798493 -0.171275 204 227 106
-0.328083 0.784363 0.528795 86 227 195
-0.112503 0.765231 -0.596814 113 227 50
0.508118 0.799631 0.380570 191 227 175
-0.616255 0.779771 0.061074 49 227 135
0.415414 0.783780 -0.463833 180 227 68
0.006894 0.771552 0.613113 128 227 207
-0.433242 0.797067 -0.462382 73 227 70
0.621675 0.784043 0.047522 207 227 134
-0.478155 0.764051 0.375204 65 227 176
0.103776 0.799596 -0.627757 140 227 49
0.338595 0.778798 0.519296 171 227 194
-0.603517 0.782519 -0.154983 51 227 108
0.542398 0.771864 -0.289491 198 227 90
-0.210759 0.795617 0.597886 101 227 202
-0.244822 0.783711 -0.574689 96 227 54
0.553814 0.762918 0.251611 200 227 160
-0.606260 0.799505 0.197675 52 227 152
0.305127 0.777870 -0.540433 167 227 58
0.140717 0.781224 0.607416 145 227 205
-0.508299 0.772210 -0.348880 62 227 82
0.628018 0.794147 -0.088573 206 227 116
-0.397907 0.783365 0.483043 77 227 189
-0.031994 0.761834 -0.607986 123 227 48
0.455818 0.799356 0.447861 184 227 183
-0.620963 0.776986 -0.021720 48 227 125
0.474477 0.779897 -0.405084 188 227 76
-0.075545 0.772585 0.613597 118 227 207
-0.368218 0.792660 -0.516729 81 227 63
0.613197 0.783002 0.130723 205 227 144
-0.525305 0.760803 0.308909 59 227 168
0.187745 0.799146 -0.612181 151 227 51
0.267255 0.776145 0.561765 162 227 200
-0.578501 0.778540 -0.234498 54 227 98
0.580986 0.772985 -0.216377 202 227 100
-0.288972 0.791161 0.565164 91 227 199
-0.166918 0.782619 -0.605524 106 227 51
0.516777 0.759825 0.324129 195 227 170
-0.631044 0.798876 0.115770 49 227 142
0.375833 0.775348 -0.496724 176 227 64
0.058560 0.777155 0.621789 135 227 207
-0.461110 0.773408 -0.417047 68 227 74
0.634985 0.789651 -0.004042 207 227 127
-0.461253 0.782212 0.427978 69 227 182
0.049515 0.758903 -0.608659 134 227 48
0.394331 0.798544 0.507609 177 227 191
-0.614849 0.774594 -0.104726 49 227 114
0.525063 0.775746 -0.338716 195 227 84
-0.158030 0.773849 0.603151 107 227 205
-0.296364 0.788136 -0.561858 90 227 57
0.593430 0.781781 0.212448 203 227 154
-0.563620 0.758038 0.236864 54 227 159
0.269209 0.798150 -0.584955 161 227 55
0.190709 0.773882 0.594725 152 227 204
-0.542835 0.774315 -0.309984 58 227 88
0.609850 0.774304 -0.138150 206 227 110
-0.362152 0.786619 0.522157 82 227 193
-0.085123 0.781322 -0.625616 117 227 48
0.470553 0.757231 0.391486 189 227 179
-0.644296 0.797693 0.030753 47 227 131
0.440510 0.773210 -0.443983 184 227 71
-0.024909 0.772865 0.624864 124 227 208
-0.404848 0.774769 -0.478913 76 227 66
0.630525 0.785103 0.080753 207 227 138
-0.516820 0.780833 0.364494 62 227 174
0.130711 0.756485 -0.598801 145 227 49
0.324780 0.797174 0.558511 168 227 197
-0.597916 0.772578 -0.186566 51 227 104
0.566228 0.771400 -0.265999 200 227 93
-0.239101 0.775241 0.581691 97 227 202
-0.219025 0.783592 -0.596985 100 227 52
0.562578 0.780311 0.291120 199 226 164
-0.592459 0.755798 0.160211 50 226 148
0.346490 0.796592 -0.546488 171 226 60
0.110181 0.771983 0.617535 142 226 207
-0.497213 0.769921 -0.380031 64 226 79
0.628231 0.775715 -0.056077 208 226 120
-0.428992 0.782089 0.469691 73 226 187
-0.000944 0.779756 -0.634424 127 226 47
0.415845 0.755173 0.452585 182 226 187
-0.645621 0.795948 -0.055693 47 226 121
0.498015 0.771424 -0.382996 191 226 78
-0.108124 0.768433 0.616613 114 226 207
-0.340298 0.776188 -0.533207 84 226 60
0.614771 0.780597 0.164283 205 226 148
-0.563431 0.779164 0.293690 56 226 165
0.210299 0.754609 -0.578518 155 226 52
0.248488 0.795243 0.599449 158 226 202
-0.570329 0.770900 -0.265857 54 226 93
0.597236 0.766938 -0.188306 204 226 103
-0.317255 0.776656 0.549326 87 226 197
-0.137610 0.779120 -0.621524 110 226 49
0.521080 0.778535 0.365182 194 226 174
-0.611306 0.754107 0.080141 47 226 138
0.417991 0.794477 -0.497454 179 226 66
0.026978 0.770407 0.629691 131 226 208
-0.442516 0.765441 -0.443359 70 226 70
0.635529 0.777113 0.028440 208 226 131
-0.488331 0.777660 0.408742 66 226 179
0.084028 0.777867 -0.631628 138 226 47
0.353466 0.753667 0.506411 174 226 194
-0.634891 0.793652 -0.141837 49 226 110
0.547288 0.769944 -0.314691 198 226 87
-0.189556 0.763945 0.597234 103 226 205
-0.268438 0.777558 -0.578740 93 226 54
0.588048 0.776222 0.245075 202 226 159
-0.600071 0.777159 0.216842 51 226 155
0.286999 0.753288 -0.548048 165 226 56
0.166942 0.792768 0.629522 148 226 206
-0.532416 0.769509 -0.341221 59 226 84
0.617563 0.762452 -0.107080 207 226 114
-0.390969 0.777985 0.506385 78 226 192
-0.053567 0.774806 -0.635088 121 226 47
0.469615 0.776410 0.433143 187 226 182
-0.619774 0.752970 -0.002101 46 226 127
0.482235 0.791829 -0.438768 187 226 73
-0.057520 0.769098 0.630842 120 226 208
-0.379780 0.760967 -0.498849 78 226 63
0.631336 0.778392 0.113883 207 226 142
-0.539161 0.773417 0.340408 59 226 171
0.168149 0.775619 -0.617153 149 226 49
0.284333 0.752711 0.552034 165 226 200
-0.612253 0.790835 -0.225950 51 226 99
0.587371 0.768710 -0.240130 203 226 97
-0.267741 0.759494 0.567130 93 226 201
-0.190441 0.778773 -0.614443 103 226 50
0.550861 0.772057 0.321735 198 226 168
-0.625921 0.774786 0.135384 48 226 145
0.359559 0.752511 -0.507768 174 226 61
0.081748 0.789788 0.648077 138 226 208
-0.484678 0.768341 -0.411306 66 226 75
0.626899 0.758035 -0.023795 209 226 124
-0.458744 0.779127 0.453426 70 226 185
0.031644 0.770728 -0.637478 132 226 46
0.409089 0.773910 0.493618 179 226 190
-0.617604 0.752369 -0.085231 47 226 116
0.537910 0.788690 -0.371564 194 226 81
-0.141873 0.767988 0.620802 109 226 207
-0.310162 0.756594 -0.545554 87 226 57
0.615457 0.779449 0.198649 205 226 153
-0.580632 0.769431 0.265882 53 226 161
0.249769 0.772991 -0.591174 159 226 52
0.209463 0.752283 0.588619 155 226 204
-0.578119 0.787545 -0.306349 56 226 89
0.617423 0.767650 -0.160514 206 226 107
-0.341315 0.755174 0.526887 83 226 196
-0.107657 0.779736 -0.639403 114 226 47
0.503870 0.768170 0.392966 192 226 178
-0.640387 0.772030 0.050869 46 226 134
0.426758 0.752250 -0.458186 183 225 68
-0.005414 0.786354 0.654717 127 225 209
-0.427792 0.767322 -0.474803 73 225 67
0.625136 0.753780 0.060076 209 225 135
-0.519137 0.779984 0.391239 62 225 177
0.116573 0.766946 -0.628675 142 225 47
0.340617 0.771026 0.545367 171 225 197
-0.604671 0.752270 -0.167922 49 225 106
0.583904 0.785120 -0.297153 200 225 90
-0.224596 0.767002 0.599564 99 225 204
-0.234911 0.752413 -0.582702 97 225 52
0.587939 0.780192 0.281081 201 225 163
-0.612058 0.765761 0.186434 49 225 151
0.327275 0.769980 -0.554121 169 225 57
0.129976 0.752340 0.615432 144 225 208
-0.533151 0.783847 -0.381452 61 225 80
0.636750 0.766687 -0.077165 209 225 118
-0.409027 0.751078 0.477254 74 225 190
-0.021593 0.780356 -0.652901 125 225 46
0.447875 0.764615 0.457571 185 225 186
-0.643114 0.768894 -0.035070 46 225 123
0.487412 0.752457 -0.399951 191 225 76
-0.092836 0.782536 0.649309 116 225 209
-0.362617 0.766374 -0.530474 81 225 60
0.612356 0.749777 0.143090 207 225 146
-0.570811 0.780473 0.320847 56 225 168
0.199795 0.763510 -0.608830 153 225 50
0.265492 0.767767 0.587333 161 225 202
-0.580997 0.752620 -0.248816 52 225 95
0.619322 0.781191 -0.216991 205 225 100
-0.304183 0.766059 0.567324 89 225 200
-0.155336 0.748514 -0.609705 107 225 48
0.549086 0.780541 0.359510 196 225 172
-0.632909 0.762447 0.103391 47 225 141
0.399136 0.766601 -0.506665 178 225 63
0.047090 0.752824 0.631851 134 225 209
-0.478231 0.779816 -0.449804 68 225 71
0.644824 0.765740 0.008478 210 225 129
-0.469755 0.747291 0.419110 66 225 182
0.066116 0.780558 -0.654443 136 225 46
0.383798 0.761426 0.514466 177 225 193
-0.634006 0.765398 -0.120764 47 225 112
0.540396 0.753068 -0.333858 197 225 84
-0.178830 0.778414 0.631979 105 225 207
-0.290195 0.765413 -0.577181 91 225 54
0.588818 0.746111 0.223852 204 225 157
-0.612577 0.780522 0.243487 51 225 158
0.279923 0.760449 -0.578252 163 225 53
0.185154 0.764160 0.618669 151 225 206
-0.546759 0.753348 -0.326535 57 225 85
0.643508 0.776987 -0.132629 208 225 111
-0.379132 0.765076 0.524482 79 225 194
-0.072783 0.744976 -0.626145 118 225 46
0.499462 0.780431 0.432305 190 225 181
-0.642811 0.759514 0.018121 45 225 130
0.463944 0.762887 -0.449703 187 225 70
-0.037877 0.753660 0.637385 123 225 210
-0.414437 0.775540 -0.510120 76 225 64
0.641309 0.764725 0.094887 209 225 140
-0.522510 0.743890 0.353445 59 225 174
0.153750 0.780282 -0.643789 147 225 47
0.312676 0.758623 0.562683 168 225 200
-0.613219 0.761583 -0.204554 49 225 101
0.584650 0.754002 -0.260852 203 225 94
-0.261768 0.774076 0.603093 95 225 203
-0.211739 0.764359 -0.613914 101 225 49
0.554936 0.742853 0.301035 200 225 167
-0.643433 0.780076 0.160591 47 225 147
0.355619 0.757775 -0.537405 173 225 59
0.101150 0.760249 0.638761 140 225 209
-0.502305 0.754371 -0.399688 63 225 76
0.656047 0.772598 -0.045677 210 225 122
-0.447979 0.763973 0.471659 71 225 187
0.011389 0.741868 -0.631771 129 225 45
0.439891 0.779811 0.497916 182 225 189
-0.641547 0.756970 -0.067976 45 225 119
0.520452 0.758888 -0.384327 194 225 78
-0.123520 0.754761 0.631695 112 225 209
-0.343001 0.771110 -0.561301 84 225 57
0.626083 0.763566 0.180465 207 224 150
-0.566440 0.740938 0.281342 53 224 164
0.239549 0.779486 -0.620970 157 224 50
0.235645 0.756206 0.601377 158 224 205
-0.581157 0.757502 -0.284837 53 224 91
0.619213 0.755170 -0.182031 207 224 104
-0.340116 0.769615 0.563240 85 224 198
-0.128620 0.763135 -0.639829 111 224 46
0.511263 0.740062 0.373387 194 224 176
-0.662605 0.779100 0.073746 45 224 137
0.425602 0.755483 -0.486898 182 224 65
0.015086 0.756094 0.647237 129 224 210
-0.448169 0.755594 -0.466899 70 224 68
0.656761 0.768118 0.042244 210 224 133
-0.509336 0.762677 0.409692 63 224 180
0.095819 0.739244 -0.626487 140 224 45
0.371441 0.778653 0.554927 174 224 196
-0.629060 0.754801 -0.153480 47 224 108
0.567599 0.754667 -0.311794 200 224 88
-0.208357 0.756030 0.614613 101 224 206
-0.265276 0.766621 -0.602447 94 224 51
0.599257 0.762191 0.263585 204 224 161
-0.600827 0.738483 0.203951 49 224 154
0.321759 0.778145 -0.586296 167 224 55
0.153935 0.754157 0.629830 147 224 208
-0.538451 0.753223 -0.360100 58 224 81
0.643242 0.756472 -0.098646 210 224 115
-0.412465 0.765127 0.513205 75 224 192
-0.042347 0.761673 -0.654274 122 224 44
0.458481 0.737781 0.439737 188 224 185
-0.669571 0.777576 -0.015338 44 224 126
0.488658 0.753550 -0.427486 190 224 73
-0.071412 0.751766 0.643971 118 224 210
-0.385079 0.756918 -0.526829 78 224 60
0.645696 0.763641 0.129531 209 224 144
-0.561928 0.761123 0.339631 56 224 171
0.179159 0.737139 -0.610347 151 224 48
0.295399 0.776946 0.602096 164 224 202
-0.605450 0.752979 -0.236961 50 224 97
0.604534 0.750300 -0.233486 205 224 97
-0.290848 0.757363 0.586169 90 224 202
-0.182696 0.762165 -0.632869 104 224 47
0.561185 0.760538 0.342622 199 224 171
-0.625086 0.736557 0.122487 46 224 144
0.398686 0.776256 -0.540350 177 224 60
0.068865 0.752442 0.647461 136 224 210
-0.485937 0.748826 -0.428962 65 224 72
0.656047 0.757804 -0.012090 211 224 126
-0.477548 0.760702 0.453937 67 224 185
0.045467 0.759917 -0.656823 133 224 44
0.397384 0.736034 0.499000 180 224 193
-0.664084 0.775506 -0.104888 45 224 114
0.543657 0.751936 -0.360069 197 224 81
-0.156739 0.747348 0.629072 107 224 209
-0.313962 0.758237 -0.578212 88 224 54
0.623110 0.759256 0.214632 207 224 155
-0.604632 0.759259 0.262724 51 224 161
0.260078 0.735573 -0.583543 162 224 51
0.213236 0.774699 0.638395 154 224 207
-0.570987 0.751461 -0.316992 54 224 87
0.630622 0.745871 -0.150873 209 224 108
-0.369427 0.758657 0.546606 81 224 197
-0.096748 0.757830 -0.652083 115 224 45
0.512466 0.758561 0.416003 192 224 180
-0.638762 0.735171 0.038215 44 224 132
0.468747 0.773834 -0.483979 186 224 67
-0.018170 0.751012 0.653842 125 224 211
-0.424624 0.744396 -0.490192 73 224 64
0.657119 0.759062 0.076116 211 224 137
-0.534257 0.756425 0.386523 60 224 177
0.133138 0.757824 -0.647289 144 224 45
0.328877 0.734828 0.550181 171 224 199
-0.646176 0.772914 -0.193105 47 224 103
0.589560 0.750588 -0.285689 203 224 91
-0.239350 0.742928 0.602871 97 224 205
-0.235947 0.759447 -0.619887 98 224 49
0.589453 0.755046 0.296070 202 224 165
-0.636513 0.757046 0.180389 47 224 150
0.337269 0.734544 -0.546406 172 223 56
0.126569 0.771941 0.663039 143 223 210
-0.526114 0.750187 -0.392160 60 223 77
0.645453 0.741470 -0.065469 211 223 119
-0.442527 0.759809 0.496402 72 223 190
-0.008939 0.753694 -0.659804 126 223 44
0.453941 0.756227 0.482243 185 223 189
-0.641534 0.734317 -0.047554 44 223 121
0.530509 0.770915 -0.418263 193 223 75
-0.105705 0.749805 0.648709 114 223 210
-0.355663 0.740026 -0.542736 81 223 57
0.646162 0.760145 0.164349 209 223 148
-0.581647 0.752372 0.312162 53 223 167
0.218960 0.755366 -0.625746 155 223 48
0.253970 0.734147 0.592377 161 223 205
-0.616161 0.769840 -0.278226 51 223 93
0.625450 0.749441 -0.205526 207 223 101
-0.317790 0.738598 0.565902 86 223 201
-0.152356 0.760450 -0.650837 108 223 46
0.545343 0.751081 0.372461 197 223 175
-0.656857 0.754463 0.094184 44 223 139
0.409458 0.734032 -0.499405 181 223 62
0.037107 0.768717 0.675506 132 223 212
-0.471455 0.749090 -0.461095 67 223 69
0.648829 0.737191 0.021199 212 223 130
-0.508630 0.760722 0.436271 64 223 182
0.079224 0.749825 -0.655937 138 223 44
0.386674 0.753519 0.539994 177 223 196
-0.633216 0.733971 -0.133467 45 223 110
0.582732 0.767549 -0.344488 200 223 85
-0.192224 0.748751 0.631976 103 223 208
-0.280309 0.735807 -0.585722 91 223 51
0.623119 0.760958 0.250915 206 223 159
-0.618937 0.748604 0.232135 48 223 157
0.301243 0.752533 -0.592528 166 223 52
0.173776 0.733960 0.624784 150 223 209
-0.574618 0.766338 -0.358566 56 223 83
0.650541 0.748420 -0.120897 211 223 112
-0.390713 0.734449 0.518870 77 223 195
-0.064681 0.761154 -0.670233 119 223 43
0.491550 0.747420 0.442524 190 223 184
-0.665192 0.751506 0.005767 43 223 128
0.475405 0.733999 -0.443151 189 223 70
-0.053390 0.765088 0.675544 121 223 212
-0.407819 0.748095 -0.522484 75 223 61
0.640757 0.733122 0.107621 211 223 142
-0.566303 0.761308 0.367170 57 223 174
0.166257 0.746275 -0.640567 149 223 46
0.311929 0.750439 0.588080 167 223 202
-0.613766 0.734085 -0.218135 48 223 99
0.624395 0.763801 -0.264099 205 223 95
-0.276178 0.747772 0.603756 92 223 204
-0.199893 0.731827 -0.618463 101 223 47
0.588190 0.761417 0.334091 201 223 169
-0.645513 0.745169 0.147792 45 223 146
0.378366 0.749333 -0.548227 176 223 58
0.089511 0.734215 0.646712 139 223 211
-0.522367 0.762480 -0.432562 62 223 73
0.664216 0.747448 -0.033238 212 223 123
-0.456905 0.730568 0.462634 68 223 188
0.025443 0.761479 -0.677464 131 223 43
0.428976 0.744104 0.505090 182 223 192
-0.661306 0.748189 -0.083148 43 223 117
0.533922 0.734387 -0.378401 197 223 78
-0.143164 0.761129 0.663174 110 223 210
-0.336203 0.747121 -0.575104 85 223 54
0.621432 0.729347 0.192334 209 223 153
-0.614251 0.761491 0.290287 51 223 164
0.250709 0.743081 -0.613948 160 223 49
0.231135 0.747007 0.625534 157 223 207
-0.583300 0.734598 -0.300142 52 223 89
0.654716 0.759750 -0.178665 209 223 105
-0.356011 0.746787 0.564374 82 223 199
-0.115793 0.728168 -0.640455 112 223 44
0.541845 0.761452 0.412170 195 223 179
-0.660925 0.742099 0.060530 43 223 135
0.448815 0.745791 -0.493673 185 223 65
0.002493 0.734846 0.657596 128 223 213
-0.460441 0.758346 -0.498811 70 222 65
0.666041 0.746444 0.055909 212 222 135
-0.515286 0.727033 0.398171 60 222 180
0.116271 0.761360 -0.672168 142 222 44
0.358645 0.741159 0.559110 173 222 199
-0.645251 0.744541 -0.170837 45 222 106
0.583887 0.735126 -0.306065 203 222 88
-0.230501 0.756922 0.638671 99 222 208
-0.257787 0.746089 -0.617855 95 222 49
0.591215 0.725943 0.273937 205 222 163
-0.651351 0.761212 0.207019 46 222 153
0.331177 0.740262 -0.576494 170 222 54
0.145848 0.743260 0.651619 146 222 211
-0.542103 0.735435 -0.378057 58 222 79
0.673162 0.755480 -0.089828 212 222 116
-0.430191 0.745719 0.514374 73 222 193
-0.029410 0.724902 -0.651370 124 222 42
0.484821 0.761009 0.483513 188 222 188
-0.664881 0.739407 -0.028219 42 222 124
0.511229 0.741949 -0.429915 193 222 73
-0.085866 0.735771 0.657019 116 222 212
-0.390051 0.754024 -0.556092 78 222 58
0.655796 0.745330 0.144923 211 222 146
-0.564918 0.723912 0.326561 54 222 170
0.205997 0.760747 -0.654259 153 222 46
0.281687 0.738593 0.603659 164 222 205
-0.617340 0.740610 -0.255615 49 222 95
0.624261 0.736130 -0.227210 208 222 98
-0.313774 0.752558 0.602550 88 222 203
-0.173919 0.744922 -0.649789 105 222 45
0.550623 0.722973 0.351103 200 222 173
-0.676703 0.760428 0.118940 43 222 142
0.406312 0.737820 -0.528770 180 222 60
0.057706 0.739247 0.665843 135 222 213
-0.490644 0.736507 -0.450452 65 222 70
0.679447 0.751084 0.000739 213 222 128
-0.497249 0.744490 0.454527 64 222 185
0.057850 0.722088 -0.651044 135 222 42
0.418119 0.760049 0.546592 179 222 195
-0.657254 0.737088 -0.116996 43 222 113
0.564430 0.737862 -0.358182 200 222 82
-0.174069 0.736900 0.644731 105 222 210
-0.312546 0.749606 -0.603391 88 222 51
0.633493 0.744033 0.232132 208 222 157
-0.605003 0.721258 0.248967 48 222 160
0.292803 0.759612 -0.623934 164 222 50
0.199335 0.736395 0.637939 153 222 209
-0.578127 0.736458 -0.335877 53 222 84
0.654122 0.737305 -0.143061 211 222 109
-0.391471 0.748128 0.555542 78 222 198
-0.086100 0.743549 -0.670149 117 222 42
0.500305 0.720485 0.422589 193 222 183
-0.689654 0.759114 0.027768 42 222 131
0.474833 0.735740 -0.471496 188 222 67
-0.031616 0.735036 0.667972 123 222 213
-0.429586 0.737718 -0.515927 73 222 62
0.673525 0.746653 0.091368 213 222 139
-0.555815 0.743035 0.385825 57 222 176
0.144590 0.719768 -0.639469 146 222 44
0.342974 0.758557 0.600046 170 222 202
-0.638079 0.735122 -0.204329 46 222 101
0.607444 0.733601 -0.279853 206 222 92
-0.260550 0.738135 0.620674 94 222 207
-0.229375 0.745183 -0.639906 99 222 47
0.599389 0.742490 0.315855 204 222 168
-0.634881 0.719110 0.166615 44 222 149
0.374908 0.757940 -0.581677 174 222 55
0.112909 0.734539 0.661293 142 222 212
-0.528391 0.732156 -0.410135 60 222 75
0.672687 0.738553 -0.054994 213 222 120
-0.462220 0.743723 0.498558 69 222 191
0.004047 0.741911 -0.678391 128 222 41
0.441034 0.718510 0.487239 185 222 191
-0.689828 0.757265 -0.064690 42 222 119
0.535537 0.733989 -0.405536 196 222 76
-0.120447 0.730703 0.658017 112 222 212
-0.359800 0.738967 -0.573140 82 222 55
0.655572 0.742276 0.180432 211 222 150
-0.604661 0.741298 0.309472 51 222 167
0.229428 0.717968 -0.616785 158 221 47
0.260828 0.756531 0.642717 160 221 207
-0.607560 0.733471 -0.288743 50 221 91
0.639524 0.729245 -0.196411 210 221 102
-0.343701 0.739374 0.585005 84 221 202
-0.142055 0.740844 -0.665047 109 221 43
0.553998 0.740648 0.394441 198 221 178
-0.654029 0.717485 0.080788 42 221 138
0.450626 0.755741 -0.528249 183 221 62
0.023817 0.732982 0.673211 131 221 214
-0.469101 0.727787 -0.477054 67 221 66
0.679349 0.739770 0.035476 214 221 132
-0.524808 0.739430 0.432663 61 221 182
0.094813 0.739960 -0.674218 140 221 42
0.373696 0.717061 0.543988 176 221 199
-0.677137 0.754894 -0.156583 43 221 108
0.587311 0.732520 -0.331904 203 221 85
-0.207163 0.726331 0.636226 101 221 210
-0.282364 0.740152 -0.620844 92 221 49
0.625972 0.738037 0.266373 207 221 161
-0.642735 0.739234 0.226857 46 221 156
0.311007 0.716695 -0.583274 168 221 51
0.173290 0.753993 0.673686 149 221 211
-0.566078 0.732084 -0.368775 55 221 80
0.660149 0.724880 -0.109402 213 221 113
-0.421904 0.740516 0.538112 74 221 196
-0.052134 0.736668 -0.678437 121 221 41
0.498081 0.738468 0.466317 191 221 187
-0.662056 0.716386 -0.007180 41 221 127
0.518408 0.753039 -0.464666 192 221 70
-0.066460 0.731670 0.673348 119 221 214
-0.401388 0.723438 -0.535466 76 221 58
0.673708 0.740857 0.126718 213 221 144
-0.578190 0.735325 0.359050 54 221 173
0.184443 0.737662 -0.657591 151 221 44
0.299288 0.716134 0.591864 167 221 205
-0.651782 0.752034 -0.246072 46 221 97
0.629154 0.731275 -0.251756 208 221 95
-0.290222 0.722009 0.603065 90 221 206
-0.198555 0.741174 -0.657925 102 221 45
0.585292 0.734010 0.347721 202 221 172
-0.669203 0.736816 0.139533 43 221 145
0.387999 0.715937 -0.539361 178 221 57
0.082089 0.750980 0.692298 138 221 214
-0.514198 0.730898 -0.442991 62 221 71
0.669023 0.720595 -0.020402 214 221 125
-0.493568 0.741462 0.480627 65 221 188
0.038831 0.732726 -0.679896 132 221 41
0.432640 0.735929 0.530027 182 221 195
-0.658713 0.715794 -0.095912 42 221 115
0.576887 0.749880 -0.392168 199 221 79
-0.156379 0.730536 0.661537 108 221 212
-0.326504 0.719200 -0.584393 85 221 52
0.655596 0.741719 0.217014 210 221 155
-0.621488 0.731474 0.279006 48 221 163
0.271181 0.735001 -0.628741 162 221 48
0.218911 0.715703 0.629997 156 221 210
-0.614246 0.748734 -0.331380 51 221 86
0.660198 0.730185 -0.166391 212 221 106
-0.368185 0.717827 0.559188 80 221 200
-0.109839 0.741940 -0.683440 114 221 42
0.534261 0.730257 0.423109 196 221 182
-0.683470 0.734033 0.049168 41 221 134
0.459110 0.715663 -0.485613 187 221 64
-0.010978 0.747547 0.698175 126 221 215
-0.452672 0.729843 -0.510010 70 221 62
0.666068 0.716479 0.069024 214 221 136
-0.557174 0.742124 0.413431 58 221 179
0.129299 0.729076 -0.669436 144 221 42
0.358894 0.733025 0.584280 173 221 202
-0.643893 0.715671 -0.183994 44 221 104
0.624911 0.746320 -0.312180 205 221 89
-0.244357 0.729508 0.637806 96 221 209
-0.245792 0.715159 -0.623045 96 221 46
0.625107 0.742268 0.304594 206 221 166
-0.654000 0.727932 0.193895 44 221 152
0.353321 0.731977 -0.588165 172 221 53
0.133774 0.715726 0.657624 145 221 213
-0.565272 0.745056 -0.410837 57 220 76
0.679730 0.729175 -0.077238 214 220 118
-0.439742 0.713871 0.505419 70 220 193
-0.017843 0.742368 -0.696661 125 220 40
0.473756 0.726826 0.491285 188 220 190
-0.685201 0.730891 -0.042489 40 220 122
0.523093 0.715825 -0.422745 195 220 73
-0.104091 0.743759 0.691219 114 220 214
-0.382445 0.728842 -0.568530 79 220 55
0.651403 0.712617 0.157343 212 220 148
-0.611322 0.742423 0.337647 51 220 170
0.217759 0.725760 -0.647246 155 220 45
0.278249 0.729767 0.627984 163 220 207
-0.617646 0.715965 -0.269977 47 220 92
0.661570 0.742431 -0.226271 210 220 99
-0.328791 0.728507 0.602395 86 220 204
-0.160657 0.711400 -0.650827 107 220 43
0.582603 0.742430 0.387689 200 220 176
-0.675190 0.724734 0.105137 41 220 141
0.429252 0.728607 -0.536618 182 220 59
0.045190 0.716144 0.674109 133 220 215
-0.505836 0.741075 -0.482924 64 220 67
0.687219 0.728166 0.014159 215 220 129
-0.503722 0.710222 0.442716 62 220 185
0.075679 0.742387 -0.697102 137 220 40
0.404780 0.723749 0.551114 179 220 198
-0.674337 0.727413 -0.133661 42 220 110
0.578762 0.716359 -0.351628 202 220 82
-0.195462 0.739695 0.671606 103 220 212
-0.304654 0.727817 -0.617361 89 220 49
0.625333 0.709087 0.243084 209 220 159
-0.654775 0.742293 0.254625 46 220 159
0.302742 0.722804 -0.613684 166 220 49
0.192256 0.726185 0.660276 152 220 212
-0.580190 0.716606 -0.352393 53 220 82
0.686204 0.738294 -0.136105 214 220 110
-0.408088 0.727456 0.555768 76 220 198
-0.072532 0.707996 -0.667323 118 220 40
0.528729 0.742145 0.464575 193 220 185
-0.684688 0.721901 0.014195 40 220 129
0.497499 0.724926 -0.475087 191 220 67
-0.045427 0.716883 0.678953 122 220 215
-0.437112 0.736874 -0.546300 73 220 59
0.682344 0.727081 0.106161 214 220 141
-0.559097 0.706951 0.372151 54 220 176
0.168889 0.741943 -0.684552 149 220 42
0.328451 0.721039 0.601589 170 220 205
-0.651084 0.723638 -0.222591 44 220 99
0.625009 0.717187 -0.273291 208 220 92
-0.283370 0.735440 0.639764 92 220 208
-0.220614 0.726690 -0.655455 99 220 44
0.588324 0.705955 0.324846 204 220 170
-0.686504 0.741686 0.165915 42 220 148
0.382836 0.720218 -0.569268 177 220 55
0.102573 0.722322 0.680542 141 220 214
-0.531924 0.717514 -0.429769 59 220 72
0.698410 0.733995 -0.043398 215 220 122
-0.480705 0.726279 0.498619 66 220 191
0.017133 0.705009 -0.672295 130 220 40
0.464401 0.741371 0.533622 185 220 194
-0.682293 0.719436 -0.077440 40 220 118
0.556767 0.720982 -0.404765 199 220 76
-0.136573 0.717860 0.671825 110 220 214
-0.360433 0.732542 -0.599830 82 220 52
0.665012 0.725847 0.197067 212 220 153
-0.604984 0.704116 0.294885 48 220 166
0.259913 0.740999 -0.659088 160 220 46
0.245995 0.718695 0.641833 159 220 210
-0.615910 0.719620 -0.307585 49 220 88
0.660829 0.718222 -0.188925 212 220 103
-0.366205 0.731085 0.596353 81 220 203
-0.131807 0.725391 -0.681946 111 220 41
0.540987 0.703275 0.401312 198 220 180
-0.705723 0.740569 0.073224 40 220 137
0.456691 0.717992 -0.514672 186 220 62
0.010913 0.718238 0.688428 129 220 216
-0.473446 0.718596 -0.500648 67 220 63
0.698038 0.729626 0.050126 216 220 134
-0.545182 0.724908 0.431872 58 220 182
0.106896 0.702489 -0.665669 141 219 40
0.390789 0.740081 0.593352 176 219 201
-0.667969 0.717326 -0.168258 42 219 106
0.605959 0.716839 -0.327010 205 219 86
-0.226664 0.718979 0.652578 99 219 211
-0.277253 0.728169 -0.642592 92 219 46
0.635379 0.724398 0.285144 208 219 164
-0.640645 0.701759 0.212156 44 219 155
0.346898 0.739535 -0.621082 171 219 50
0.158732 0.716697 0.671107 148 219 214
-0.569523 0.715426 -0.387055 54 219 78
0.685353 0.719368 -0.099881 215 219 115
-0.442490 0.726717 0.542237 72 219 196
-0.039851 0.723856 -0.696177 122 219 39
0.484068 0.701085 0.471254 191 219 189
-0.711922 0.738931 -0.021619 39 219 125
0.523033 0.716102 -0.450720 195 219 70
-0.080996 0.714001 0.683837 117 219 215
-0.405560 0.719757 -0.563621 76 219 56
0.685175 0.725273 0.142771 214 219 146
-0.600189 0.723283 0.356676 51 219 173
0.195326 0.700468 -0.647526 153 219 43
0.309291 0.738270 0.642478 166 219 207
-0.641851 0.715540 -0.256741 45 219 95
0.644208 0.712569 -0.243307 210 219 96
-0.314060 0.720144 0.621276 88 219 207
-0.189107 0.723841 -0.673888 104 219 42
0.593861 0.722676 0.368676 203 219 174
-0.665481 0.699908 0.125260 40 219 144
0.428058 0.737552 -0.571198 181 219 57
0.068076 0.715010 0.688820 136 219 216
-0.512840 0.711132 -0.459557 61 219 68
0.697875 0.720526 -0.007658 216 219 127
-0.510907 0.722423 0.478448 63 219 188
0.053526 0.722034 -0.697731 134 219 39
0.418428 0.699405 0.533538 182 219 197
-0.704882 0.736777 -0.116723 40 219 113
0.580677 0.714508 -0.378392 202 219 79
-0.171459 0.709693 0.666924 105 219 213
-0.329283 0.720897 -0.617357 86 219 49
0.660126 0.721022 0.232900 211 219 157
-0.644562 0.721356 0.274381 46 219 162
0.281017 0.698960 -0.618093 164 219 47
0.221496 0.735948 0.679946 155 219 212
-0.604255 0.714034 -0.341377 50 219 84
0.670875 0.708255 -0.155226 214 219 107
-0.397098 0.721255 0.578213 77 219 201
-0.097579 0.719641 -0.693237 115 219 39
0.541132 0.720640 0.446004 196 219 184
-0.679034 0.698571 0.035547 39 219 132
0.501734 0.735066 -0.510370 190 219 64
-0.024483 0.713585 0.694545 124 219 216
-0.446958 0.706822 -0.523814 70 219 60
0.697889 0.721597 0.086115 216 219 138
-0.570305 0.718282 0.406162 55 219 179
0.146535 0.719886 -0.686452 146 219 40
0.345045 0.698238 0.587121 173 219 204
-0.684683 0.734131 -0.210184 42 219 101
0.628541 0.713158 -0.298814 208 219 89
-0.258848 0.705397 0.638074 94 219 210
-0.245841 0.721918 -0.660649 96 219 44
0.623397 0.716949 0.318960 207 219 168
-0.677341 0.719093 0.186517 42 219 151
0.362588 0.697960 -0.577746 175 219 52
0.129133 0.733146 0.704963 144 219 215
-0.555677 0.712751 -0.420675 56 219 74
0.685561 0.703983 -0.064378 216 219 119
-0.474126 0.722215 0.523933 68 219 194
-0.004268 0.715642 -0.700369 127 219 38
0.478119 0.718261 0.515574 188 219 193
-0.680984 0.697737 -0.055585 39 219 120
0.566435 0.732113 -0.439782 198 219 73
-0.117383 0.712362 0.688028 112 219 215
-0.373116 0.702583 -0.578734 79 219 52
0.685117 0.722485 0.179704 214 219 150
-0.619707 0.714365 0.326663 49 219 169
0.237363 0.717389 -0.662458 158 219 43
0.265007 0.697566 0.631065 162 219 210
-0.651699 0.731034 -0.300141 46 218 90
0.665672 0.711987 -0.213260 213 218 100
-0.341635 0.701201 0.597882 83 218 205
-0.156662 0.722725 -0.692445 108 218 40
0.575670 0.713119 0.399498 201 218 178
-0.697807 0.716478 0.094753 39 218 140
0.438695 0.697447 -0.527004 185 218 59
0.034029 0.729911 0.717016 132 218 217
-0.496809 0.711625 -0.493191 64 218 65
0.688089 0.699839 0.027617 217 218 131
-0.543543 0.722932 0.459230 59 218 185
0.089230 0.711906 -0.695213 139 218 39
0.405984 0.715527 0.575980 179 218 201
-0.671158 0.697377 -0.146697 40 218 108
0.620878 0.728746 -0.360821 205 218 83
-0.209012 0.711272 0.669210 101 218 213
-0.292661 0.698502 -0.623423 89 218 46
0.659536 0.723103 0.271309 210 218 162
-0.658315 0.710728 0.241323 43 218 158
0.324230 0.714536 -0.626145 169 218 48
0.179508 0.697356 0.664536 151 218 214
-0.606583 0.727542 -0.384823 52 218 80
0.691265 0.710925 -0.123142 216 218 112
-0.418415 0.697191 0.547124 73 218 199
-0.063350 0.723235 -0.711899 120 218 38
0.517783 0.709586 0.473175 194 218 188
-0.705500 0.713508 0.000858 38 218 128
0.508033 0.697380 -0.466537 194 218 67
-0.061950 0.726301 0.715883 120 218 217
-0.428537 0.710583 -0.557546 73 218 56
0.678498 0.695910 0.119166 216 218 143
-0.603852 0.723326 0.385153 52 218 176
0.181347 0.708481 -0.677888 151 218 41
0.326092 0.712441 0.626009 169 218 207
-0.649538 0.697448 -0.236316 43 218 97
0.664018 0.725027 -0.275042 210 218 93
-0.297726 0.710241 0.638244 90 218 209
-0.207011 0.694661 -0.657184 101 218 42
0.621398 0.723373 0.359105 205 218 172
-0.685505 0.707414 0.151580 40 218 147
0.405430 0.711338 -0.578175 179 218 54
0.089851 0.697556 0.686822 139 218 217
-0.550239 0.723722 -0.462599 59 218 70
0.704691 0.709897 -0.029999 217 218 124
-0.487921 0.693448 0.486728 64 218 191
0.032344 0.723374 -0.718400 132 218 38
0.450714 0.706386 0.538773 185 218 196
-0.700235 0.710199 -0.093349 38 218 116
0.569356 0.697703 -0.397171 201 218 76
-0.156946 0.722390 0.701625 108 218 215
-0.351946 0.709549 -0.612465 83 218 50
0.657022 0.692273 0.208728 213 218 155
-0.653704 0.723327 0.302993 46 218 165
0.270554 0.705397 -0.648688 162 218 44
0.239980 0.709025 0.664668 158 218 212
-0.616271 0.697886 -0.322939 48 218 86
0.695065 0.721033 -0.184121 215 218 104
-0.381882 0.709193 0.595504 79 218 203
-0.117631 0.691138 -0.679510 112 218 39
0.571243 0.723230 0.441292 199 218 183
-0.700824 0.704449 0.058920 38 218 135
0.479384 0.707819 -0.519465 189 218 61
-0.002554 0.698101 0.697349 127 218 218
-0.483791 0.719654 -0.532008 67 218 61
0.705524 0.708827 0.064523 217 218 136
-0.549033 0.690046 0.417749 56 218 182
0.128563 0.723082 -0.711606 144 218 39
0.375562 0.703540 0.595199 176 218 204
-0.682108 0.706583 -0.186046 40 218 104
0.621486 0.698346 -0.319891 208 218 86
-0.249156 0.718258 0.674571 96 218 212
-0.268308 0.708447 -0.656803 93 218 44
0.624071 0.688998 0.294830 209 218 166
-0.691945 0.722881 0.214255 41 218 154
0.355374 0.702672 -0.608076 173 218 50
0.149310 0.705317 0.691214 147 218 216
-0.571686 0.698618 -0.405054 54 218 75
0.713492 0.716846 -0.089802 217 218 116
-0.459867 0.708053 0.541603 69 218 196
-0.026006 0.687998 -0.690082 124 217 37
0.509890 0.722626 0.516151 191 217 192
-0.703991 0.701844 -0.035137 37 217 123
0.544676 0.704024 -0.451154 197 217 70
-0.096201 0.698913 0.695700 115 217 217
-0.408544 0.715422 -0.591790 76 217 53
0.693566 0.707640 0.158700 216 217 148
-0.600781 0.687046 0.341344 49 217 172
0.223390 0.722315 -0.691466 155 217 41
0.293541 0.701054 0.641496 165 217 210
-0.651487 0.702706 -0.275460 44 217 92
0.663344 0.699227 -0.235851 213 217 97
-0.336872 0.713990 0.635303 85 217 207
-0.179075 0.707206 -0.689588 105 217 40
0.580212 0.686144 0.376082 203 217 177
-0.717654 0.721949 0.120631 38 217 143
0.434391 0.700304 -0.556674 183 217 56
0.055822 0.701367 0.705168 135 217 218
-0.516307 0.699558 -0.481154 61 217 66
0.719034 0.712553 0.006141 218 217 128
-0.530140 0.706750 0.477388 60 217 188
0.066378 0.685294 -0.688751 136 217 37
0.438433 0.721527 0.582088 182 217 200
-0.694895 0.699591 -0.129047 38 217 111
0.600089 0.700007 -0.374567 204 217 80
-0.189496 0.699902 0.681639 103 217 215
-0.325941 0.711113 -0.640903 86 217 47
0.668864 0.706269 0.250763 212 217 159
-0.642343 0.684497 0.258751 43 217 161
0.314907 0.721048 -0.658234 167 217 46
0.205966 0.698915 0.676841 154 217 214
-0.608995 0.698630 -0.359908 49 217 81
0.693973 0.700256 -0.146366 216 217 109
-0.418516 0.709675 0.584619 75 217 201
-0.085852 0.705760 -0.710046 117 217 37
0.526152 0.683754 0.451183 196 217 187
-0.730185 0.720512 0.023950 37 217 130
0.506262 0.698275 -0.495265 192 217 64
-0.038709 0.697239 0.706317 123 217 218
-0.450866 0.700615 -0.549766 70 217 57
0.711676 0.708240 0.101951 217 217 140
-0.591271 0.705223 0.403941 52 217 179
0.158046 0.683065 -0.675534 148 217 39
0.358211 0.719920 0.637691 172 217 207
-0.673600 0.697669 -0.221253 41 217 99
0.644629 0.695836 -0.291180 210 217 90
-0.280777 0.700976 0.655134 92 217 211
-0.237528 0.706814 -0.678530 97 217 42
0.631729 0.704654 0.338936 208 217 170
-0.673043 0.682432 0.171278 39 217 150
0.401242 0.719271 -0.612461 177 217 51
0.114247 0.697096 0.700561 142 217 217
-0.555485 0.694425 -0.437839 56 217 71
0.712572 0.701336 -0.052912 218 217 121
-0.492661 0.705397 0.523511 65 217 194
0.009631 0.704054 -0.717641 129 217 36
0.462726 0.681854 0.518926 188 217 195
-0.729179 0.718568 -0.073867 37 217 118
0.569728 0.696553 -0.424784 200 217 73
-0.132522 0.693008 0.694711 110 217 217
-0.376313 0.701691 -0.609486 80 217 50
0.691639 0.703994 0.195915 215 217 152
-0.641987 0.703419 0.322560 46 217 168
0.247542 0.681332 -0.650599 160 217 42
0.270776 0.717809 0.681771 161 217 212
-0.640348 0.696039 -0.310198 45 217 88
0.677539 0.691589 -0.202572 215 217 101
-0.368344 0.702037 0.616385 81 217 206
-0.144914 0.702606 -0.704083 109 217 38
0.582738 0.702750 0.421484 201 217 181
-0.692349 0.680866 0.080287 37 217 138
0.480631 0.716997 -0.554991 187 217 59
0.019881 0.695552 0.712144 130 217 219
-0.492007 0.690170 -0.507865 64 217 62
0.718529 0.702372 0.042895 219 217 133
-0.558049 0.701238 0.453124 57 217 185
0.105558 0.702044 -0.712093 141 217 37
0.390888 0.680455 0.578200 179 217 203
-0.714587 0.716132 -0.170864 39 216 106
0.623632 0.695090 -0.346323 207 216 83
-0.223913 0.688755 0.670645 99 216 214
-0.293815 0.702690 -0.659014 90 216 44
0.659355 0.699890 0.286401 211 216 164
-0.681209 0.701301 0.234742 41 216 157
0.333437 0.680098 -0.614268 171 216 47
0.177845 0.715216 0.713393 150 216 216
-0.595567 0.694651 -0.394340 51 216 77
0.698301 0.687346 -0.110384 218 216 113
-0.450490 0.702990 0.565835 71 216 199
-0.049738 0.698566 -0.717191 121 216 36
0.522734 0.700521 0.496761 194 216 190
-0.699870 0.679796 -0.012807 36 216 126
0.551462 0.714251 -0.486930 196 216 67
-0.075557 0.694232 0.711248 118 216 218
-0.419777 0.685948 -0.568782 73 216 54
0.711452 0.703267 0.139316 217 216 145
-0.613602 0.697269 0.374733 49 216 175
0.200074 0.699702 -0.693402 153 216 40
0.311703 0.679547 0.627996 168 216 210
-0.686664 0.713238 -0.265106 42 216 95
0.666936 0.693830 -0.261124 213 216 94
-0.311265 0.684563 0.634641 87 216 210
-0.204750 0.703519 -0.697196 102 216 40
0.615448 0.695999 0.371871 206 216 175
-0.708087 0.698844 0.142142 38 216 146
0.414335 0.679349 -0.567008 182 216 54
0.081258 0.712180 0.731908 138 216 219
-0.539881 0.693444 -0.472174 59 216 67
0.706638 0.683194 -0.016278 219 216 125
-0.525545 0.703743 0.504189 61 216 191
0.046359 0.694759 -0.717695 133 216 36
0.452807 0.697948 0.563251 185 216 199
-0.695363 0.679202 -0.106547 37 216 114
0.612323 0.711078 -0.409618 204 216 76
-0.170435 0.693070 0.697726 106 216 217
-0.340131 0.681844 -0.619584 83 216 47
0.691201 0.703934 0.234530 214 216 157
-0.658421 0.693551 0.289709 43 216 164
0.291331 0.697014 -0.661851 164 216 43
0.226350 0.679104 0.667409 157 216 214
-0.645956 0.709936 -0.354729 47 216 83
0.698743 0.692705 -0.170577 217 216 106
-0.393079 0.680517 0.587418 76 216 204
-0.110686 0.704092 -0.723069 114 216 37
0.560713 0.692376 0.450899 199 216 185
-0.722031 0.696041 0.046535 36 216 133
0.488878 0.679053 -0.509439 191 216 61
-0.017083 0.708754 0.736955 125 216 219
-0.474111 0.692348 -0.542252 67 216 58
0.702497 0.679216 0.078095 219 216 138
-0.591920 0.704212 0.432409 53 216 182
0.141755 0.691236 -0.705635 146 216 37
0.374271 0.695031 0.619621 175 216 206
-0.678740 0.679047 -0.199435 39 216 102
0.662031 0.707536 -0.324581 210 216 87
-0.263077 0.691996 0.671638 94 216 213
-0.254497 0.677942 -0.659467 94 216 42
0.657912 0.704292 0.326669 210 216 168
-0.691788 0.690132 0.199501 39 216 153
0.377541 0.693983 -0.618001 175 216 49
0.136119 0.679084 0.695655 145 216 218
-0.593285 0.706285 -0.437992 53 216 73
0.718327 0.691645 -0.076205 219 216 118
-0.467994 0.676700 0.529863 67 216 197
-0.013361 0.704331 -0.735894 126 216 35
0.496091 0.689065 0.522180 191 216 194
-0.722728 0.692900 -0.050226 36 216 121
0.555760 0.679162 -0.442338 200 216 70
-0.115260 0.705004 0.728474 113 216 219
-0.399281 0.691292 -0.603217 77 216 51
0.686031 0.675492 0.171129 217 216 150
-0.648160 0.704325 0.351714 46 216 171
0.234860 0.688036 -0.681234 158 216 40
0.288631 0.691781 0.664748 164 216 212
-0.650075 0.679277 -0.289942 43 216 90
0.699662 0.703694 -0.233489 215 216 98
-0.351793 0.690936 0.633268 83 215 208
-0.164362 0.674319 -0.687830 106 215 38
0.612009 0.704273 0.413872 204 215 179
-0.713162 0.687045 0.105612 36 215 141
0.457021 0.690629 -0.562684 186 215 56
0.042407 0.679428 0.712080 133 215 220
-0.529710 0.702360 -0.513317 61 215 63
0.725159 0.690573 0.020349 220 215 130
-0.534794 0.673186 0.463006 58 215 188
0.085363 0.704173 -0.735200 138 215 36
0.422658 0.686093 0.584538 182 215 202
-0.710153 0.689444 -0.146270 37 215 109
0.613740 0.679612 -0.366644 207 215 80
-0.211396 0.701005 0.706683 101 215 216
-0.316614 0.690201 -0.653832 87 215 44
0.657588 0.672093 0.261280 213 215 162
-0.692988 0.704023 0.263557 41 215 160
0.324136 0.685180 -0.644894 169 215 45
0.197541 0.688230 0.697759 153 215 216
-0.609623 0.679825 -0.376519 49 215 79
0.724558 0.699630 -0.138108 218 215 110
-0.434910 0.689817 0.583136 72 215 202
-0.071240 0.671044 -0.704262 118 215 35
0.554208 0.703821 0.494330 197 215 189
-0.722180 0.684306 0.009588 35 215 129
0.528242 0.686986 -0.496971 195 215 64
-0.053283 0.680064 0.716184 121 215 220
-0.456492 0.698241 -0.579320 70 215 55
0.718928 0.689418 0.117348 219 215 142
-0.592418 0.670040 0.387989 50 215 178
0.183542 0.703568 -0.720802 150 215 38
0.341609 0.683471 0.636930 171 215 209
-0.684561 0.685715 -0.239750 40 215 97
0.661666 0.680327 -0.283464 213 215 91
-0.303692 0.696838 0.672072 89 215 212
-0.227520 0.689002 -0.693017 99 215 39
0.617679 0.669083 0.347086 208 215 173
-0.725353 0.703261 0.169592 37 215 149
0.408104 0.682674 -0.597181 180 215 51
0.102757 0.684420 0.718043 141 215 219
-0.557833 0.680610 -0.457616 56 215 69
0.736330 0.695427 -0.040247 220 215 122
-0.510813 0.688567 0.522006 63 215 194
0.023342 0.668174 -0.708536 131 215 35
0.485510 0.702900 0.566347 188 215 198
-0.718651 0.681915 -0.086997 35 215 116
0.589865 0.683103 -0.422143 203 215 73
-0.149354 0.680910 0.707639 108 215 218
-0.375055 0.694010 -0.634833 80 215 48
0.699573 0.688110 0.212993 216 215 155
-0.639957 0.667315 0.306050 44 215 168
0.279201 0.702484 -0.692823 162 215 41
0.254246 0.681194 0.678452 160 215 214
-0.646481 0.681766 -0.328895 45 215 85
0.698497 0.681224 -0.194074 217 215 103
-0.390468 0.692590 0.625364 78 215 206
-0.133582 0.687630 -0.719888 111 215 36
0.566969 0.666507 0.427173 202 215 183
-0.744464 0.702013 0.071640 35 215 136
0.485352 0.680508 -0.538828 190 215 58
0.006090 0.680411 0.725262 128 215 220
-0.495360 0.681547 -0.531703 64 215 59
0.734854 0.691171 0.058278 220 215 135
-0.577980 0.687123 0.450883 54 215 185
0.117867 0.665752 -0.700596 143 215 36
0.407183 0.701487 0.628391 178 215 206
-0.702563 0.679857 -0.182552 37 215 104
0.640767 0.679042 -0.339652 210 215 84
-0.244131 0.681877 0.686322 96 215 215
-0.286944 0.689755 -0.678919 91 215 42
0.667294 0.686589 0.305462 212 215 166
-0.676654 0.665049 0.218498 39 215 156
0.370396 0.700906 -0.651695 174 215 47
0.161975 0.679240 0.708345 148 215 218
-0.596689 0.677661 -0.412052 51 215 75
0.723338 0.682210 -0.099917 220 215 115
-0.470192 0.688345 0.567495 68 215 199
-0.036519 0.686025 -0.733784 123 215 34
0.506258 0.664400 0.500261 194 215 193
-0.749823 0.700270 -0.028365 34 214 124
0.554551 0.678655 -0.470724 199 214 67
-0.090645 0.676271 0.719353 116 214 220
-0.423079 0.682542 -0.597308 74 214 51
0.720253 0.686944 0.155691 219 214 147
-0.635031 0.685430 0.371005 47 214 175
0.210834 0.663806 -0.680548 155 214 38
0.320725 0.699580 0.679136 167 214 212
-0.674081 0.678101 -0.275479 41 214 92
0.680066 0.674874 -0.251075 215 214 95
-0.335885 0.682870 0.652328 85 214 210
-0.193782 0.685556 -0.710872 103 214 37
0.622562 0.684802 0.392952 206 214 177
-0.701900 0.663265 0.126705 36 214 144
0.455262 0.698836 -0.598156 184 214 53
0.066291 0.677575 0.726011 136 214 221
-0.536178 0.673474 -0.487724 58 214 65
0.735472 0.683191 -0.002588 221 214 127
-0.541499 0.684182 0.499573 59 214 191
0.061841 0.684141 -0.734303 135 214 34
0.436471 0.662779 0.565169 185 214 201
-0.741242 0.698040 -0.128427 35 214 112
0.614467 0.677076 -0.393918 206 214 77
-0.185671 0.672075 0.700510 104 214 218
-0.342091 0.683501 -0.653046 84 214 45
0.692878 0.682827 0.250278 215 214 159
-0.680769 0.683445 0.283819 41 214 163
0.300765 0.662346 -0.648653 167 214 43
0.227831 0.697192 0.717508 156 214 217
-0.633562 0.676601 -0.364190 46 214 81
0.707125 0.670677 -0.158070 219 214 107
-0.422864 0.683797 0.606002 74 214 204
-0.097239 0.681491 -0.730216 115 214 35
0.566123 0.682712 0.473732 199 214 188
-0.715230 0.661967 0.032099 34 214 132
0.532075 0.696295 -0.533226 194 214 61
-0.031225 0.676149 0.731021 124 214 221
-0.466122 0.669286 -0.554591 67 214 56
0.734397 0.684075 0.096182 220 214 140
-0.603201 0.680177 0.422850 51 214 181
0.159608 0.681944 -0.721317 148 214 36
0.358649 0.661641 0.620815 174 214 209
-0.718844 0.695349 -0.226547 38 214 99
0.663980 0.675718 -0.309616 212 214 88
-0.277289 0.667904 0.669169 92 214 214
-0.253712 0.684332 -0.697664 95 214 39
0.653286 0.678889 0.340420 211 214 171
-0.714216 0.681138 0.190956 37 214 152
0.386215 0.661367 -0.605325 178 214 48
0.130334 0.694356 0.742712 144 214 220
-0.581555 0.675304 -0.447124 53 214 70
0.721554 0.666534 -0.062337 221 214 119
-0.503335 0.684565 0.547946 64 214 197
0.001001 0.677627 -0.736696 128 214 34
0.498985 0.680294 0.546183 191 214 197
-0.716329 0.661143 -0.063848 34 214 119
0.599294 0.693318 -0.458176 202 214 70
-0.128927 0.674906 0.723136 111 214 220
-0.387841 0.665179 -0.611533 77 214 48
0.719853 0.684771 0.194561 218 214 152
-0.654298 0.676394 0.338689 44 214 171
0.254880 0.679413 -0.694988 160 214 39
0.273950 0.660969 0.666228 163 214 214
-0.683064 0.692238 -0.320778 42 214 88
0.702106 0.674520 -0.219175 217 214 99
-0.363908 0.663842 0.625983 80 214 209
-0.159467 0.684947 -0.730085 107 214 36
0.602216 0.675191 0.424606 204 214 182
-0.734649 0.678495 0.094184 34 214 139
0.465776 0.660843 -0.551130 188 214 56
0.030164 0.691117 0.754248 131 214 221
-0.518812 0.674144 -0.522769 61 214 61
0.723199 0.662526 0.034427 221 214 132
-0.575629 0.685090 0.479032 55 214 188
0.099267 0.674020 -0.730264 140 214 34
0.422398 0.677539 0.608855 181 214 205
-0.705035 0.660763 -0.159617 36 214 107
0.655602 0.689957 -0.374491 209 214 81
-0.225112 0.673777 0.702321 99 213 217
-0.302762 0.661234 -0.657638 88 213 42
0.691852 0.685197 0.290651 214 213 164
-0.693974 0.672883 0.248543 39 213 159
0.345792 0.676546 -0.655769 171 213 44
0.183644 0.660728 0.700546 151 213 219
-0.634621 0.688762 -0.409277 48 213 76
0.728022 0.673414 -0.124099 220 213 112
-0.444070 0.659969 0.571789 70 213 202
-0.061065 0.685267 -0.749447 120 213 34
0.540569 0.671781 0.501443 197 213 192
-0.741622 0.675518 -0.004626 33 213 127
0.538084 0.660734 -0.486791 197 213 64
-0.070719 0.687534 0.751920 119 213 221
-0.446291 0.673053 -0.589689 71 213 52
0.712128 0.658734 0.130551 220 213 145
-0.638190 0.685296 0.400395 48 213 178
0.195914 0.670714 -0.711068 153 213 37
0.337823 0.674454 0.660498 170 213 211
-0.681351 0.660781 -0.253656 39 213 95
0.699933 0.686275 -0.283826 215 213 92
-0.318053 0.672692 0.668764 87 213 213
-0.212382 0.657531 -0.692199 100 213 37
0.650699 0.685282 0.382535 209 213 175
-0.721597 0.669684 0.153929 35 213 147
0.430569 0.673355 -0.604392 182 213 51
0.089113 0.660865 0.723040 139 213 221
-0.574498 0.684989 -0.490349 56 213 66
0.741092 0.672327 -0.026017 222 213 124
-0.516465 0.656362 0.507579 60 213 194
0.039640 0.685224 -0.755143 132 213 33
0.469388 0.668692 0.569670 188 213 200
-0.734978 0.672224 -0.103562 34 213 114
0.601838 0.660985 -0.413196 205 213 74
-0.170366 0.683677 0.735830 106 213 220
-0.365155 0.671957 -0.646560 81 213 45
0.688612 0.655231 0.224428 217 213 157
-0.689624 0.685120 0.313419 41 213 167
0.289344 0.667737 -0.679440 165 213 40
0.246892 0.671060 0.700104 159 213 217
-0.645453 0.661136 -0.344387 44 213 83
0.731494 0.682344 -0.187948 219 213 104
-0.406027 0.671579 0.622890 76 213 207
-0.118245 0.654139 -0.714711 112 213 34
0.596994 0.684967 0.468332 202 213 186
-0.736713 0.666819 0.056411 33 213 135
0.507571 0.669867 -0.541849 192 213 58
-0.008150 0.661318 0.733125 126 213 222
-0.503901 0.680992 -0.562488 64 213 57
0.740898 0.671189 0.073330 222 213 137
-0.579937 0.653088 0.434477 52 213 184
0.140687 0.684765 -0.746853 145 213 34
0.389842 0.665940 0.628157 177 213 208
-0.714856 0.668645 -0.200715 36 213 102
0.655814 0.661525 -0.331402 212 213 85
-0.266897 0.679625 0.706359 94 213 216
-0.276766 0.670786 -0.692202 92 213 39
0.653102 0.652081 0.314521 213 213 169
-0.728748 0.684513 0.219713 37 213 155
0.378014 0.665099 -0.635887 176 213 46
0.151362 0.667397 0.726927 147 213 220
-0.597711 0.661757 -0.430220 51 213 72
0.749767 0.678244 -0.088696 222 213 116
-0.487348 0.670367 0.565373 66 213 199
-0.021907 0.651119 -0.724861 125 213 33
0.531638 0.684208 0.546250 194 213 195
-0.739052 0.664295 -0.042412 33 213 122
0.575337 0.666124 -0.469364 201 213 68
-0.106551 0.662009 0.730387 114 213 221
-0.424218 0.676854 -0.624399 74 213 49
0.727263 0.669930 0.172125 220 213 149
-0.633487 0.650204 0.353707 45 213 174
0.240061 0.683851 -0.724563 157 213 37
0.303219 0.663529 0.675916 166 213 214
-0.681676 0.664829 -0.294233 40 213 90
0.698895 0.662277 -0.242639 217 213 96
-0.358534 0.675458 0.664146 82 213 211
-0.182669 0.669472 -0.725618 104 213 35
0.606212 0.649337 0.399383 207 213 180
-0.754632 0.683441 0.121070 34 212 143
0.460448 0.662798 -0.581084 187 212 53
0.053068 0.663514 0.740500 134 212 222
-0.538701 0.662560 -0.509578 58 212 62
0.754507 0.674057 0.012069 223 212 129
-0.560411 0.668992 0.497134 56 212 191
0.075072 0.648519 -0.722516 137 212 33
0.455811 0.682978 0.614639 184 212 204
-0.728517 0.662103 -0.140916 34 212 109
0.632620 0.662182 -0.388350 209 212 78
-0.204409 0.662853 0.714602 101 212 219
-0.336983 0.672657 -0.675019 85 212 42
0.700271 0.668487 0.268508 216 212 162
-0.676273 0.647753 0.266578 39 212 162
0.335753 0.682460 -0.688578 169 212 42
0.210910 0.661442 0.712104 155 212 219
-0.636125 0.660835 -0.382367 46 212 78
0.730093 0.663154 -0.148309 221 212 109
-0.443641 0.671259 0.610058 71 212 205
-0.084565 0.667955 -0.746026 117 212 33
0.548703 0.647037 0.477663 199 212 190
-0.766633 0.681889 0.019427 32 212 130
0.535247 0.660815 -0.515869 196 212 61
-0.046129 0.659475 0.740635 122 212 223
-0.469221 0.663458 -0.580924 68 212 53
0.745731 0.669866 0.112508 222 212 142
-0.623735 0.667395 0.419335 48 212 181
0.171148 0.646374 -0.707712 150 212 35
0.370947 0.681265 0.672045 174 212 211
-0.705199 0.660218 -0.237470 37 212 97
0.678406 0.658106 -0.300369 215 212 89
-0.299975 0.663763 0.685767 89 212 215
-0.243823 0.668482 -0.713522 97 212 37
0.660283 0.666805 0.360619 211 212 173
-0.707605 0.645763 0.174468 35 212 150
0.425812 0.680588 -0.639515 180 212 48
0.114407 0.659652 0.736035 142 212 222
-0.579124 0.656730 -0.463511 53 212 68
0.748592 0.664064 -0.049979 223 212 121
-0.520745 0.667109 0.545154 62 212 197
0.015717 0.666184 -0.752895 129 212 32
0.481462 0.645205 0.548108 191 212 199
-0.764416 0.679859 -0.083197 33 212 117
0.601104 0.659115 -0.441245 205 212 71
-0.144388 0.655350 0.727418 109 212 221
-0.390292 0.664359 -0.642796 78 212 46
0.723698 0.665750 0.210836 219 212 154
-0.676008 0.665530 0.333367 42 212 170
0.264799 0.644699 -0.680647 162 212 38
0.278697 0.679078 0.717252 162 212 217
-0.669375 0.658604 -0.330441 42 212 85
0.711934 0.653969 -0.207088 219 212 101
-0.391463 0.664645 0.644120 78 212 209
-0.146431 0.664408 -0.739319 109 212 34
0.607938 0.664843 0.446650 205 212 184
-0.726943 0.644246 0.078813 32 212 138
0.508405 0.678247 -0.578295 191 212 56
0.015288 0.658117 0.747192 129 212 223
-0.511798 0.652591 -0.536233 61 212 58
0.753776 0.664917 0.050640 223 212 134
-0.588549 0.663084 0.470654 53 212 187
0.116268 0.664121 -0.745970 142 212 33
0.405505 0.643845 0.609566 181 212 207
-0.747969 0.677367 -0.184750 35 212 105
0.656819 0.657653 -0.358373 212 212 82
-0.239934 0.651217 0.701188 96 212 218
-0.303166 0.665172 -0.693847 89 212 40
0.688888 0.661781 0.305353 215 212 166
-0.716127 0.663363 0.240818 37 212 158
0.354532 0.643496 -0.641675 174 212 44
0.180880 0.676439 0.749318 150 212 221
-0.621518 0.657209 -0.418219 48 212 74
0.732694 0.649851 -0.110229 222 212 113
-0.477086 0.665409 0.590160 67 212 202
-0.046526 0.660502 -0.752050 122 212 32
0.544152 0.662569 0.524888 197 212 194
-0.733897 0.643197 -0.018903 32 212 125
0.581867 0.675466 -0.506109 200 212 65
-0.084790 0.656783 0.745241 117 211 223
-0.435436 0.648496 -0.599297 71 211 50
0.745266 0.665622 0.151714 222 211 147
-0.645947 0.659249 0.387906 45 211 177
0.215142 0.661739 -0.725284 155 211 35
0.321962 0.642948 0.660992 170 211 214
-0.717598 0.674448 -0.283212 38 211 92
0.701321 0.656373 -0.268576 217 211 93
-0.331086 0.647156 0.662519 85 211 213
-0.209312 0.665810 -0.732891 101 211 35
0.641978 0.658023 0.394462 209 211 178
-0.743233 0.660873 0.143442 33 211 146
0.438887 0.642747 -0.591305 185 211 50
0.079434 0.673389 0.767598 137 211 223
-0.562305 0.655975 -0.499231 56 211 64
0.740424 0.645832 -0.011536 224 211 126
-0.555103 0.665969 0.524656 58 211 194
0.054176 0.656826 -0.751574 134 211 32
0.470098 0.659970 0.593769 187 211 203
-0.728229 0.642594 -0.117145 33 211 112
0.644747 0.672289 -0.424387 208 211 75
-0.184108 0.655589 0.730053 104 211 221
-0.351453 0.644528 -0.651676 82 211 43
0.722949 0.666097 0.251326 218 211 159
-0.692021 0.655660 0.298357 39 211 166
0.310408 0.659031 -0.691171 167 211 40
0.232081 0.642485 0.701454 158 211 219
-0.673911 0.671151 -0.376645 44 211 81
0.733692 0.655210 -0.173325 221 211 105
-0.416293 0.643246 0.612187 73 211 207
-0.110395 0.666191 -0.758945 114 211 32
0.583817 0.654527 0.476686 202 211 188
-0.756744 0.658055 0.043112 31 211 133
0.516451 0.642421 -0.530204 195 211 59
-0.023646 0.669978 0.771755 125 211 224
-0.492622 0.654837 -0.571972 65 211 55
0.735096 0.641990 0.087270 223 211 139
-0.623864 0.666249 0.448652 49 211 184
0.153978 0.653427 -0.737955 147 211 33
0.387178 0.657045 0.651920 177 211 210
-0.709867 0.642398 -0.214342 35 211 100
0.695840 0.668772 -0.334747 214 211 86
-0.280909 0.654466 0.701718 92 211 217
-0.261352 0.640762 -0.692554 93 211 37
0.687002 0.666268 0.347520 214 211 171
-0.726041 0.652361 0.203530 35 211 154
0.400204 0.656000 -0.644255 178 211 46
0.137225 0.642414 0.730145 145 211 222
-0.617801 0.667536 -0.463245 50 211 70
0.753194 0.654096 -0.074231 224 211 118
-0.494147 0.639565 0.551139 63 211 199
-0.008253 0.666246 -0.771270 126 211 31
0.515409 0.651331 0.550675 193 211 198
-0.756369 0.654921 -0.058232 31 211 120
0.585861 0.642467 -0.459206 203 211 68
-0.126354 0.666272 0.761760 112 211 223
-0.413566 0.653723 -0.635032 75 211 47
0.716898 0.638401 0.184515 221 211 152
-0.681865 0.666182 0.363452 42 211 173
0.251226 0.650337 -0.711452 160 211 36
0.296989 0.653810 0.698197 165 211 216
-0.678909 0.642556 -0.308890 40 211 87
0.734211 0.664984 -0.238952 219 211 98
-0.373424 0.653346 0.660561 80 211 212
-0.166692 0.637272 -0.721325 106 211 33
0.637907 0.666072 0.438349 207 211 182
-0.747464 0.649379 0.105004 32 211 141
0.482787 0.652667 -0.585436 189 211 53
0.038870 0.642676 0.746399 133 211 224
-0.550403 0.663673 -0.541383 59 211 60
0.759298 0.652961 0.026972 224 211 131
-0.563396 0.636181 0.480469 54 211 190
0.095152 0.665916 -0.769404 139 211 32
0.437894 0.648458 0.615214 184 211 206
-0.742116 0.651495 -0.158628 33 211 107
0.645830 0.642825 -0.379312 211 211 79
-0.226734 0.662344 0.737880 99 211 220
-0.326441 0.652566 -0.687136 86 211 40
0.686211 0.635130 0.278593 217 211 164
-0.727797 0.665713 0.270603 37 210 161
0.344316 0.647575 -0.672503 172 210 41
0.201277 0.650295 0.731719 153 210 221
-0.635646 0.643002 -0.399167 45 210 76
0.759206 0.660998 -0.138856 223 210 110
-0.459909 0.652158 0.607158 69 210 205
-0.069061 0.634121 -0.737585 118 210 31
0.576449 0.665460 0.521935 199 210 193
-0.755930 0.646728 0.004401 31 210 128
0.556581 0.649069 -0.515866 199 210 62
-0.061400 0.643202 0.749711 120 210 224
-0.473060 0.659639 -0.609639 68 210 51
0.751711 0.651735 0.128458 223 210 144
-0.622950 0.633155 0.401383 46 210 180
0.197779 0.665158 -0.753194 152 210 34
0.352534 0.645918 0.669229 173 210 213
-0.714290 0.647818 -0.256154 36 210 95
0.695162 0.643422 -0.291701 217 210 90
-0.322918 0.658271 0.700654 87 210 216
-0.232745 0.651296 -0.727176 98 210 35
0.643592 0.632234 0.367986 212 210 176
-0.760591 0.664804 0.171862 33 210 149
0.431707 0.645144 -0.621721 183 210 48
0.101887 0.646545 0.751882 141 210 224
-0.580570 0.643660 -0.483552 53 210 65
0.770452 0.656895 -0.036355 224 210 123
-0.538680 0.650836 0.542338 59 210 196
0.029947 0.631360 -0.741117 131 210 30
0.503711 0.664399 0.596520 190 210 202
-0.751261 0.644405 -0.096631 31 210 115
0.620209 0.645252 -0.436907 207 210 72
-0.161903 0.643912 0.739764 107 210 222
-0.387277 0.655514 -0.666820 79 210 43
0.730398 0.650356 0.228340 220 210 156
-0.671877 0.630534 0.315184 40 210 169
0.297566 0.663942 -0.722806 164 210 38
0.260706 0.643701 0.711790 161 210 219
-0.673476 0.643942 -0.348971 41 210 83
0.732786 0.644175 -0.197730 221 210 102
-0.413167 0.654133 0.650869 75 210 210
-0.134151 0.649852 -0.754253 110 210 32
0.589752 0.629756 0.451269 205 210 187
-0.779455 0.663433 0.069148 31 210 136
0.511935 0.643030 -0.559891 193 210 56
0.000716 0.642617 0.758367 128 210 225
-0.514394 0.644446 -0.560452 62 210 56
0.767852 0.652754 0.066658 224 210 136
-0.608165 0.649322 0.467181 50 210 187
0.128747 0.629028 -0.731883 144 210 32
0.421048 0.662871 0.660525 180 210 210
-0.733465 0.642392 -0.196428 33 210 102
0.672530 0.641278 -0.350093 214 210 83
-0.260880 0.644721 0.716451 94 210 219
-0.294680 0.651379 -0.711974 90 210 38
0.695603 0.648765 0.324713 216 210 169
-0.709403 0.628351 0.223248 35 210 157
0.392484 0.662258 -0.678732 176 210 43
0.163889 0.641786 0.742125 149 210 223
-0.620511 0.639930 -0.435369 48 210 72
0.757786 0.644998 -0.098925 224 210 115
-0.495900 0.650011 0.589524 65 210 202
-0.032473 0.648180 -0.767708 123 210 30
0.525542 0.627725 0.527116 196 210 197
-0.783908 0.661593 -0.035507 30 210 123
0.583620 0.641208 -0.487961 202 210 65
-0.100343 0.638575 0.751139 115 210 224
-0.438059 0.645272 -0.628334 72 210 48
0.751561 0.648654 0.168331 223 210 149
-0.666939 0.647565 0.383008 43 210 176
0.225775 0.627150 -0.710011 157 210 35
0.330054 0.660877 0.712595 168 210 216
-0.702738 0.640659 -0.293321 37 210 90
0.712651 0.637215 -0.257086 219 210 94
-0.356519 0.645541 0.679903 82 210 214
-0.196972 0.647310 -0.744395 103 210 33
0.647852 0.646918 0.415700 210 210 180
-0.734910 0.626626 0.127015 31 210 144
0.480602 0.660111 -0.621779 187 210 50
0.063656 0.640136 0.759627 136 209 225
-0.556459 0.635854 -0.513803 56 209 61
0.769437 0.645801 0.003027 225 209 128
-0.569713 0.645980 0.517796 55 209 193
0.070369 0.646239 -0.767152 136 209 30
0.451942 0.626153 0.594306 187 209 205
-0.773790 0.659296 -0.140014 31 209 110
0.645485 0.639638 -0.407046 210 209 75
-0.199441 0.634494 0.730436 102 209 222
-0.352742 0.646050 -0.685766 83 209 41
0.721974 0.644669 0.266888 219 209 161
-0.713778 0.645526 0.291356 37 209 164
0.319490 0.625731 -0.675793 169 209 39
0.232516 0.658433 0.751642 156 209 221
-0.659473 0.639162 -0.385652 43 209 78
0.739937 0.633138 -0.159624 223 209 107
-0.446990 0.646283 0.630510 71 209 207
-0.095899 0.643378 -0.763611 115 209 30
0.587958 0.644779 0.499501 202 209 191
-0.747928 0.625359 0.027982 30 209 131
0.560139 0.657523 -0.553044 197 209 59
-0.038334 0.638705 0.763868 123 209 225
-0.482566 0.631789 -0.582922 65 209 52
0.767241 0.646497 0.106306 224 209 141
-0.633388 0.642109 0.437007 47 209 183
0.172398 0.643997 -0.752487 149 209 32
0.370053 0.625037 0.651722 176 209 213
-0.749270 0.656569 -0.242290 34 209 97
0.696375 0.638267 -0.318424 217 209 87
-0.294816 0.630450 0.696738 89 209 218
-0.259844 0.646691 -0.731457 95 209 35
0.679695 0.640865 0.360649 214 209 173
-0.747689 0.643180 0.193946 33 209 152
0.408387 0.624763 -0.629676 181 209 45
0.130367 0.655571 0.776869 144 209 224
-0.604268 0.637845 -0.471794 50 209 67
0.754011 0.629124 -0.059482 225 209 120
-0.530486 0.646860 0.568933 61 209 199
0.006780 0.639646 -0.769381 128 209 29
0.517004 0.642327 0.574446 193 209 200
-0.748146 0.624536 -0.072308 30 209 118
0.629511 0.654531 -0.473884 206 209 69
-0.140351 0.637436 0.754623 110 209 224
-0.400223 0.627813 -0.641580 76 209 44
0.750958 0.647002 0.208986 222 209 154
-0.685904 0.638456 0.348592 40 209 172
0.271628 0.641439 -0.723919 162 209 36
0.281095 0.624355 0.698359 164 209 219
-0.710837 0.653452 -0.340310 39 209 85
0.735279 0.637038 -0.223530 221 209 99
-0.384823 0.626522 0.650750 78 209 212
-0.160983 0.647115 -0.764305 107 209 31
0.625515 0.637296 0.448050 207 209 185
-0.767951 0.640516 0.092641 30 209 139
0.490999 0.624219 -0.572269 191 209 53
0.025626 0.652336 0.787793 131 209 226
-0.537933 0.636649 -0.550177 59 209 57
0.754739 0.625251 0.041568 226 209 133
-0.605277 0.647195 0.496116 52 209 190
0.109325 0.636166 -0.761679 141 209 30
0.436322 0.639557 0.639043 183 209 209
-0.735414 0.624126 -0.172266 32 209 105
0.687372 0.651185 -0.385873 213 209 79
-0.240616 0.636265 0.731880 97 209 221
-0.310929 0.624004 -0.688850 87 209 38
0.720636 0.647240 0.309082 218 209 166
-0.726429 0.635069 0.254074 35 209 160
0.366122 0.638565 -0.681954 174 209 41
0.186409 0.624074 0.733334 152 209 223
-0.659277 0.650001 -0.432169 45 209 74
0.761359 0.635885 -0.123949 225 209 112
-0.467959 0.622785 0.593366 67 209 205
-0.057960 0.647249 -0.783442 120 209 29
0.560390 0.634005 0.527654 199 209 195
-0.774133 0.637538 -0.010599 29 209 126
0.565912 0.624060 -0.504347 201 209 62
-0.079660 0.648787 0.784247 118 209 225
-0.461491 0.635505 -0.619312 69 209 49
0.742218 0.621594 0.141794 224 208 146
-0.669754 0.647218 0.413273 44 208 179
0.210025 0.632975 -0.740681 154 208 33
0.347461 0.636478 0.692016 172 208 216
-0.709751 0.624083 -0.270269 35 208 92
0.732645 0.647546 -0.290751 219 208 91
-0.337324 0.635124 0.695862 85 208 216
-0.216255 0.620435 -0.724020 99 208 33
0.676627 0.647145 0.404593 212 208 178
-0.754325 0.631980 0.155041 31 208 147
0.454040 0.635387 -0.627391 185 208 48
0.087449 0.624140 0.755900 139 208 225
-0.595642 0.646280 -0.516119 53 208 63
0.773976 0.634739 -0.021397 226 208 125
-0.542874 0.619310 0.525637 57 208 196
0.047273 0.647030 -0.788265 133 208 29
0.485424 0.631021 0.598160 190 208 204
-0.766108 0.634265 -0.113778 30 208 113
0.631772 0.624230 -0.426854 209 208 72
-0.183466 0.644992 0.766370 105 208 223
-0.376181 0.634347 -0.677833 80 208 41
0.716752 0.618220 0.239523 221 208 159
-0.722487 0.646870 0.321879 37 208 168
0.307218 0.630097 -0.706754 167 208 37
0.252140 0.633114 0.732343 160 208 221
-0.671364 0.624348 -0.364667 41 208 80
0.764534 0.643685 -0.190374 223 208 104
-0.428677 0.633946 0.647044 73 208 210
-0.117808 0.617170 -0.746586 112 208 30
0.619596 0.646664 0.493567 205 208 189
-0.769141 0.629209 0.053131 29 208 134
0.533694 0.631935 -0.561293 196 208 56
-0.014216 0.624493 0.765466 126 208 226
-0.521215 0.642361 -0.590614 62 208 53
0.772720 0.633533 0.082300 226 208 138
-0.608382 0.616159 0.448747 48 208 186
0.152661 0.646411 -0.778477 147 208 31
0.401850 0.628357 0.658407 179 208 212
-0.744054 0.630730 -0.214908 33 208 100
0.687315 0.624661 -0.340913 216 208 84
-0.283840 0.641024 0.734593 92 208 220
-0.283447 0.633106 -0.724529 91 208 35
0.678831 0.615190 0.333167 216 208 171
-0.762270 0.646109 0.223635 33 208 155
0.399304 0.627541 -0.660444 179 208 43
0.152203 0.629502 0.759281 147 208 225
-0.620662 0.624850 -0.453801 48 208 69
0.782533 0.639676 -0.086663 226 208 117
-0.512926 0.632664 0.586155 62 208 202
-0.017215 0.614264 -0.756242 125 208 29
0.550515 0.645758 0.574146 196 208 199
-0.770613 0.626760 -0.049988 29 208 121
0.603583 0.628251 -0.484960 205 208 65
-0.116911 0.625057 0.761619 112 208 225
-0.437462 0.638321 -0.654332 72 208 45
0.757436 0.632202 0.185239 224 208 151
-0.663462 0.613384 0.363983 41 208 175
0.256101 0.645357 -0.754102 159 208 34
0.311021 0.626014 0.707379 167 208 218
-0.708443 0.626980 -0.312070 37 208 88
0.731387 0.625279 -0.247827 221 208 96
-0.378946 0.636961 0.689611 80 208 214
-0.184918 0.631721 -0.758382 104 208 31
0.629113 0.612549 0.421228 210 208 183
-0.788165 0.644906 0.120432 30 208 142
0.484751 0.625301 -0.602474 190 208 50
0.049569 0.625692 0.772376 134 208 226
-0.558270 0.625512 -0.536029 56 208 59
0.786418 0.635599 0.018443 227 208 130
-0.588409 0.631217 0.514185 53 208 193
0.083902 0.611762 -0.752870 138 208 29
0.470648 0.644404 0.644633 186 208 208
-0.758662 0.624621 -0.152622 30 208 108
0.662434 0.624388 -0.399886 212 208 76
-0.218875 0.625753 0.744150 99 208 223
-0.345994 0.634238 -0.706192 84 208 38
0.728245 0.630689 0.285478 220 208 164
-0.707251 0.611023 0.272716 35 208 163
0.355502 0.643852 -0.715494 172 208 39
0.214401 0.623974 0.744215 155 207 223
-0.660020 0.623071 -0.403457 43 207 76
0.762978 0.626000 -0.149077 225 207 108
-0.467097 0.632881 0.632349 68 207 207
-0.082386 0.630136 -0.778607 117 207 29
0.568402 0.610333 0.502308 202 207 193
-0.799539 0.643248 0.014299 28 207 129
0.562111 0.623356 -0.533737 200 207 59
-0.053824 0.621745 0.771465 121 207 227
-0.485043 0.626248 -0.609755 66 207 50
0.776235 0.631531 0.123034 226 207 143
-0.653600 0.629554 0.432375 45 207 182
0.183937 0.609692 -0.736525 152 207 31
0.381516 0.642595 0.703538 175 207 215
-0.733401 0.622768 -0.253068 34 207 95
0.709223 0.620410 -0.307712 219 207 88
-0.318276 0.626495 0.713082 87 207 218
-0.248515 0.630190 -0.745362 96 207 33
0.685555 0.628944 0.381083 214 207 176
-0.739048 0.609100 0.176388 31 207 151
0.448844 0.641892 -0.663335 183 207 45
0.113551 0.622208 0.768217 142 207 226
-0.599771 0.619070 -0.487415 50 207 65
0.781256 0.626737 -0.046314 227 207 122
-0.546779 0.628860 0.563932 58 207 199
0.022233 0.628304 -0.784681 130 207 28
0.497639 0.608559 0.575113 193 207 203
-0.796081 0.641140 -0.092652 29 207 116
0.630033 0.621674 -0.455293 208 207 69
-0.156065 0.617729 0.756667 107 207 225
-0.402076 0.626972 -0.673467 76 207 42
0.752283 0.627545 0.225260 223 207 156
-0.707154 0.627632 0.342197 38 207 171
0.281307 0.608067 -0.707431 164 207 35
0.284864 0.640340 0.749626 163 207 221
-0.695142 0.621163 -0.349629 38 207 83
0.743185 0.616387 -0.210183 223 207 100
-0.413253 0.627196 0.668693 75 207 212
-0.146792 0.626247 -0.771255 109 207 30
0.630065 0.626928 0.470178 207 207 187
-0.758305 0.607624 0.076499 28 207 138
0.534233 0.639494 -0.598617 194 207 53
0.010129 0.620675 0.778866 129 207 227
-0.528888 0.615049 -0.562474 59 207 55
0.785606 0.627406 0.058663 227 207 135
-0.616664 0.624968 0.485646 49 207 189
0.126941 0.626191 -0.776371 144 207 29
0.417893 0.607231 0.638456 182 207 211
-0.777816 0.638601 -0.198285 31 207 103
0.687279 0.620207 -0.368372 215 207 80
-0.255314 0.613717 0.728367 94 207 222
-0.310696 0.627599 -0.725777 88 207 36
0.715082 0.623709 0.323362 218 207 169
-0.747949 0.625420 0.245330 33 207 159
0.374461 0.606885 -0.665971 176 207 40
0.182600 0.637665 0.781950 150 207 225
-0.644398 0.619757 -0.440628 45 207 71
0.763818 0.612395 -0.109096 226 207 113
-0.501946 0.627772 0.611532 64 207 205
-0.042613 0.622474 -0.783523 122 207 28
0.562760 0.624616 0.550994 199 207 197
-0.764634 0.606587 -0.025398 28 207 124
0.609961 0.636686 -0.522611 203 207 62
-0.094134 0.619323 0.775838 115 207 227
-0.448729 0.611084 -0.627373 69 207 46
0.775661 0.627922 0.163931 225 207 148
-0.675621 0.621264 0.398904 41 207 178
0.229711 0.623777 -0.753747 157 207 32
0.330354 0.606335 0.691260 171 207 218
-0.745098 0.635666 -0.300503 35 207 90
0.732749 0.618902 -0.274367 221 207 92
-0.349838 0.609787 0.687185 82 207 217
-0.212458 0.628046 -0.765470 101 207 31
0.665358 0.620081 0.415691 212 207 181
-0.775123 0.622903 0.143613 29 207 146
0.461884 0.606128 -0.612693 188 207 48
0.076753 0.634608 0.799874 137 207 227
-0.581898 0.618493 -0.524434 53 207 61
0.770879 0.608508 -0.006264 228 206 127
-0.582548 0.628143 0.542433 54 206 196
0.062234 0.618926 -0.782042 135 206 28
0.484891 0.621995 0.621922 189 206 206
-0.757803 0.605965 -0.127704 29 206 111
0.674543 0.633512 -0.436828 212 206 73
-0.197441 0.618092 0.759019 102 206 224
-0.360777 0.607249 -0.681066 81 206 39
0.751337 0.628208 0.267488 222 206 161
-0.722716 0.617801 0.305223 35 206 166
0.328539 0.621053 -0.717192 169 206 36
0.236332 0.605844 0.732566 158 206 223
-0.698598 0.632383 -0.397304 40 206 78
0.765507 0.617698 -0.174827 225 206 105
-0.438037 0.606012 0.633949 71 206 210
-0.109120 0.628240 -0.791550 114 206 28
0.604011 0.616707 0.500724 205 206 191
-0.788102 0.620077 0.039007 27 206 132
0.542107 0.605762 -0.548308 198 206 56
-0.030598 0.631221 0.803085 124 206 228
-0.508588 0.617308 -0.599488 63 206 51
0.764363 0.604801 0.096527 227 206 140
-0.653358 0.628237 0.462514 46 206 185
0.165992 0.615646 -0.766900 149 206 29
0.397940 0.619069 0.681560 178 206 214
-0.737754 0.605719 -0.228776 32 206 98
0.726758 0.630029 -0.342973 218 206 85
-0.297961 0.616919 0.728529 90 206 220
-0.266603 0.603617 -0.722731 93 206 33
0.712853 0.628196 0.367295 217 206 173
-0.757212 0.614617 0.206193 31 206 154
0.421499 0.618028 -0.667387 181 206 43
0.137259 0.605712 0.761548 145 206 226
-0.639272 0.628810 -0.486830 48 206 67
0.784805 0.616529 -0.071445 228 206 118
-0.518465 0.602464 0.569662 60 206 202
-0.002608 0.628116 -0.803276 127 206 27
0.532102 0.613622 0.577073 196 206 201
-0.786619 0.616956 -0.066462 27 206 119
0.613721 0.605739 -0.473701 207 206 66
-0.137371 0.627566 0.791586 110 206 226
-0.425633 0.616136 -0.664337 73 206 43
0.744487 0.601343 0.197544 225 206 153
-0.712830 0.627994 0.373161 38 206 174
0.266943 0.612661 -0.738385 162 206 33
0.303590 0.615854 0.728748 166 206 220
-0.704610 0.605798 -0.326944 36 206 85
0.765663 0.626300 -0.242892 223 206 97
-0.393853 0.615737 0.684734 77 206 215
-0.167833 0.600256 -0.751759 106 206 29
0.660745 0.627829 0.461330 210 206 185
-0.778562 0.611735 0.103462 28 206 141
0.506796 0.614724 -0.605301 192 206 50
0.034683 0.605885 0.777530 132 206 228
-0.568327 0.625015 -0.567409 56 206 56
0.790118 0.615329 0.033965 228 206 132
-0.589839 0.599206 0.495474 50 206 192
0.105022 0.627620 -0.800204 141 206 28
0.450829 0.610843 0.643487 185 206 210
-0.770717 0.613566 -0.170758 29 206 106
0.675393 0.605999 -0.389934 215 206 77
-0.241539 0.623714 0.765688 97 206 224
-0.334413 0.614911 -0.717669 85 206 36
0.711668 0.598195 0.295126 221 206 166
-0.759626 0.627365 0.276011 33 206 162
0.363426 0.609987 -0.696973 174 206 38
0.203669 0.612382 0.762598 153 206 225
-0.658693 0.606136 -0.420517 43 206 73
0.790613 0.622398 -0.138519 227 206 110
-0.483306 0.614480 0.628262 66 206 207
-0.066117 0.597224 -0.767751 119 206 27
0.595865 0.627064 0.547652 202 206 196
-0.786411 0.609165 -0.001283 27 206 127
0.582810 0.611175 -0.532156 202 206 60
-0.069737 0.606294 0.780004 119 206 228
-0.487179 0.621072 -0.637590 66 206 47
0.781170 0.614034 0.139492 227 206 145
-0.651042 0.596294 0.412650 42 206 181
0.211643 0.626715 -0.782211 154 206 30
0.361518 0.608378 0.698865 174 205 217
-0.740746 0.609946 -0.271889 33 205 93
0.725892 0.606470 -0.298253 221 205 89
-0.341174 0.619737 0.725982 85 205 219
-0.236508 0.613571 -0.758355 97 205 31
0.666503 0.595408 0.387706 215 205 178
-0.792665 0.626317 0.172910 29 205 149
0.453847 0.607624 -0.643318 186 205 45
0.100105 0.608697 0.782516 140 205 228
-0.600538 0.606661 -0.507812 50 205 62
0.801252 0.618397 -0.031825 228 205 123
-0.564580 0.613088 0.560003 56 205 199
0.036888 0.594566 -0.770502 132 205 27
0.519373 0.625871 0.624450 192 205 205
-0.780594 0.606904 -0.106324 27 205 114
0.648138 0.607431 -0.449391 211 205 70
-0.174241 0.606864 0.768661 105 205 226
-0.397409 0.617055 -0.696161 77 205 40
0.757954 0.612584 0.243171 224 205 158
-0.701124 0.593770 0.322550 36 205 170
0.315111 0.625375 -0.749506 167 205 34
0.265608 0.606215 0.742257 162 205 223
-0.697344 0.606149 -0.367957 38 205 80
0.764116 0.607075 -0.200086 225 205 102
-0.434487 0.615713 0.673310 73 205 212
-0.133674 0.612058 -0.785484 111 205 28
0.609744 0.593020 0.473813 207 205 190
-0.811160 0.624831 0.065871 27 205 136
0.536692 0.605558 -0.578254 196 205 53
-0.005131 0.604854 0.788205 127 205 229
-0.530912 0.607293 -0.587174 60 205 52
0.797507 0.614374 0.075225 228 205 137
-0.636054 0.611506 0.481109 47 205 189
0.139539 0.592318 -0.759987 146 205 28
0.432705 0.624237 0.690106 181 205 213
-0.761137 0.604931 -0.209931 30 205 101
0.701622 0.603548 -0.358616 218 205 81
-0.276992 0.607513 0.743415 92 205 222
-0.300714 0.613041 -0.742161 89 205 34
0.720756 0.610928 0.343020 219 205 171
-0.739297 0.591663 0.226613 31 205 157
0.413326 0.623594 -0.702638 179 205 40
0.164648 0.604332 0.772875 149 205 227
-0.641409 0.602234 -0.457203 45 205 69
0.789134 0.607732 -0.097041 228 205 115
-0.519853 0.611716 0.608730 62 205 205
-0.027812 0.610323 -0.798400 124 205 26
0.542288 0.591056 0.552082 199 205 200
-0.814644 0.622903 -0.042986 26 205 122
0.610537 0.603761 -0.502782 206 205 63
-0.110074 0.600915 0.779660 113 205 228
-0.450819 0.607948 -0.657020 70 205 44
0.779568 0.610402 0.180716 226 205 150
-0.696267 0.609688 0.392978 39 205 177
0.240211 0.590498 -0.736360 159 205 31
0.337543 0.622165 0.743242 169 205 220
-0.728265 0.603215 -0.310370 34 205 88
0.742362 0.599593 -0.261567 223 205 94
-0.376101 0.608157 0.704430 80 205 217
-0.198871 0.609102 -0.774881 102 205 29
0.670155 0.609024 0.437096 212 205 183
-0.764931 0.589988 0.126340 27 205 144
0.504297 0.621380 -0.642479 190 205 48
0.060283 0.602693 0.790107 135 205 229
-0.574068 0.598271 -0.538044 53 205 58
0.800214 0.608356 0.009113 229 205 129
-0.595836 0.607817 0.533483 52 205 195
0.079075 0.608328 -0.796732 138 205 26
0.465166 0.589525 0.621253 188 205 209
-0.802992 0.620548 -0.151488 28 205 109
0.674065 0.602193 -0.418080 214 205 74
-0.212813 0.596951 0.757153 100 205 225
-0.361507 0.608542 -0.715873 82 205 37
0.747868 0.606550 0.282813 223 205 163
-0.743972 0.607600 0.297231 33 205 165
0.337309 0.589111 -0.699935 172 205 36
0.235764 0.619673 0.782759 157 205 225
-0.682407 0.601713 -0.405919 40 205 76
0.769729 0.595637 -0.160056 227 204 107
-0.469667 0.608713 0.652141 68 204 210
-0.093693 0.605302 -0.793859 116 204 27
0.607027 0.606840 0.523541 204 204 194
-0.777557 0.588743 0.023288 26 204 131
0.586192 0.618754 -0.570202 200 204 57
-0.045754 0.601252 0.793530 122 204 229
-0.496631 0.594330 -0.609098 63 204 49
0.796865 0.608865 0.116470 228 204 142
-0.661192 0.604077 0.448953 43 204 185
0.184928 0.606047 -0.780412 151 204 29
0.379534 0.588421 0.680177 177 204 216
-0.776415 0.617793 -0.257475 31 204 95
0.726091 0.600806 -0.325491 220 204 86
-0.311531 0.593035 0.721213 87 204 221
-0.264458 0.608995 -0.762411 94 204 31
0.703053 0.602876 0.379785 217 204 176
-0.778168 0.605221 0.195673 29 204 152
0.429273 0.588145 -0.651196 184 204 43
0.129386 0.616793 0.807865 144 204 228
-0.624206 0.600374 -0.494893 48 204 64
0.783360 0.591752 -0.055926 229 204 120
-0.555820 0.609101 0.587265 57 204 201
0.012996 0.601701 -0.798867 129 204 26
0.532527 0.604361 0.600638 195 204 204
-0.776866 0.587912 -0.080932 26 204 117
0.657394 0.615754 -0.487241 209 204 67
-0.151662 0.599953 0.782928 108 204 228
-0.410557 0.590486 -0.669202 74 204 41
0.778869 0.609181 0.223022 225 204 156
-0.714881 0.600552 0.356639 36 204 173
0.287689 0.603468 -0.749687 164 204 32
0.286670 0.587722 0.727822 165 204 222
-0.735455 0.614680 -0.358858 36 204 83
0.765581 0.599541 -0.226523 225 204 99
-0.404536 0.589239 0.672592 75 204 215
-0.161373 0.609231 -0.795513 107 204 28
0.645965 0.599432 0.470022 210 204 188
-0.798135 0.602542 0.090253 26 204 139
0.514584 0.587573 -0.590789 194 204 51
0.020509 0.613571 0.818094 130 204 229
-0.554525 0.599137 -0.575668 57 204 54
0.783140 0.588013 0.048990 229 204 134
-0.632770 0.609249 0.510814 48 204 192
0.119391 0.598342 -0.789899 143 204 27
0.448064 0.601583 0.666860 184 204 212
-0.762717 0.587464 -0.184669 28 204 103
0.716536 0.612431 -0.395251 217 204 78
-0.255586 0.598736 0.758316 95 204 224
-0.317408 0.586811 -0.717416 86 204 34
0.746309 0.609234 0.326700 221 204 168
-0.756061 0.597283 0.258130 31 204 160
0.385355 0.600592 -0.705117 176 204 38
0.187977 0.587392 0.763284 152 204 227
-0.680960 0.611261 -0.453675 42 204 71
0.791683 0.598338 -0.122836 228 204 112
-0.490284 0.585635 0.612233 64 204 207
-0.054144 0.609182 -0.814304 121 204 26
0.577609 0.596256 0.552047 201 204 198
-0.803463 0.599570 -0.016991 25 204 125
0.591776 0.587355 -0.519536 204 204 60
-0.088741 0.610064 0.813307 116 204 229
-0.474451 0.597939 -0.646709 67 204 45
0.769195 0.584488 0.152898 228 204 147
-0.698867 0.609093 0.424078 40 204 181
0.223723 0.595261 -0.767158 156 204 29
0.355266 0.598517 0.720909 173 204 219
-0.735150 0.587352 -0.286233 32 204 90
0.762530 0.608842 -0.296051 223 204 90
-0.355652 0.597538 0.719951 82 204 219
-0.218818 0.583372 -0.753025 99 204 29
0.699586 0.608964 0.425432 215 204 181
-0.784090 0.594300 0.155077 27 204 147
0.476031 0.597435 -0.647560 188 204 45
0.084978 0.587380 0.785802 139 204 229
-0.614049 0.607598 -0.540133 51 204 60
0.803759 0.597131 -0.016226 230 204 125
-0.567395 0.582289 0.541244 53 204 198
0.055191 0.608794 -0.818192 134 204 25
0.499145 0.593372 0.624525 191 203 207
-0.794052 0.596324 -0.123984 26 203 112
0.659455 0.587437 -0.438435 213 203 71
-0.196270 0.606335 0.793682 103 203 227
-0.385292 0.596717 -0.706612 78 203 38
0.741857 0.581240 0.254075 224 203 161
-0.752647 0.608581 0.328615 34 203 168
0.324276 0.592477 -0.731042 169 203 34
0.255933 0.595187 0.761758 160 203 225
-0.694397 0.587519 -0.383908 38 203 78
0.794583 0.605055 -0.191578 227 203 103
-0.449998 0.596293 0.668352 70 203 213
-0.116458 0.580229 -0.775527 112 203 26
0.639423 0.608323 0.517198 207 203 192
-0.798517 0.591617 0.049183 25 203 134
0.557986 0.594025 -0.578150 199 203 54
-0.020687 0.587626 0.794777 125 203 230
-0.536073 0.603762 -0.616654 60 203 50
0.801408 0.595857 0.091401 229 203 139
-0.634655 0.579256 0.460862 45 203 188
0.164489 0.608021 -0.806903 148 203 27
0.411863 0.590790 0.686264 180 203 215
-0.770121 0.592839 -0.228670 29 203 98
0.716316 0.587753 -0.348670 220 203 83
-0.300066 0.602457 0.759697 90 203 223
-0.288568 0.595407 -0.754139 91 203 32
0.701655 0.578323 0.350882 219 203 173
-0.792888 0.607673 0.226213 29 203 156
0.419393 0.589997 -0.682137 181 203 40
0.151989 0.591632 0.788666 147 203 228
-0.640905 0.587898 -0.475973 45 203 66
0.812201 0.601143 -0.083826 230 203 117
-0.536813 0.594941 0.604304 59 203 204
-0.012011 0.577432 -0.784625 126 203 25
0.566863 0.607278 0.600086 198 203 202
-0.799087 0.589236 -0.057819 25 203 120
0.629687 0.590405 -0.498256 208 203 64
-0.127270 0.588058 0.789801 111 203 229
-0.448571 0.599824 -0.681893 71 203 42
0.784499 0.594457 0.198065 227 203 153
-0.691021 0.576584 0.372429 37 203 176
0.271570 0.606836 -0.780498 161 203 30
0.317178 0.588508 0.736227 168 203 222
-0.732192 0.589160 -0.329069 34 203 85
0.761175 0.588231 -0.251611 225 203 95
-0.398241 0.598501 0.712098 77 203 217
-0.185989 0.593953 -0.788257 104 203 27
0.649283 0.575780 0.441777 213 203 185
-0.818649 0.606346 0.118853 26 203 142
0.507496 0.587811 -0.621207 193 203 48
0.045426 0.587899 0.801195 133 203 230
-0.575346 0.588413 -0.560727 54 203 56
0.815182 0.597178 0.025198 230 203 131
-0.614388 0.593427 0.528863 50 203 195
0.092842 0.575020 -0.780214 140 203 25
0.483247 0.605809 0.672356 188 203 211
-0.785736 0.587145 -0.164171 27 203 106
0.689842 0.586626 -0.409447 216 203 75
-0.232933 0.588601 0.770681 98 203 226
-0.353222 0.595858 -0.734757 83 203 35
0.753186 0.592877 0.301750 223 203 166
-0.735616 0.574306 0.277374 31 203 164
0.374269 0.605224 -0.739382 174 203 36
0.216617 0.586508 0.773536 155 203 227
-0.681063 0.585341 -0.423325 40 203 73
0.792999 0.588792 -0.148815 229 203 109
-0.489065 0.594542 0.651867 66 203 210
-0.079428 0.592302 -0.808180 117 203 25
0.585590 0.573638 0.525323 204 203 196
-0.829308 0.604591 0.008649 24 203 129
0.587092 0.585900 -0.549194 203 203 57
-0.061748 0.584048 0.799208 120 203 230
-0.498633 0.588984 -0.636520 64 203 46
0.803604 0.593234 0.133519 229 203 144
-0.681156 0.591701 0.443341 41 203 184
0.196439 0.573017 -0.762367 153 203 28
0.390181 0.603911 0.732491 176 203 218
-0.758602 0.585318 -0.268108 30 203 93
0.737417 0.582749 -0.313435 222 202 87
-0.335773 0.589172 0.737464 85 202 221
-0.251802 0.591936 -0.774410 96 202 29
0.707926 0.591072 0.400455 217 202 178
-0.767728 0.572443 0.177196 27 202 151
0.470501 0.603186 -0.684297 186 202 42
0.111810 0.584761 0.797485 142 202 230
-0.617780 0.581447 -0.509742 48 202 62
0.810947 0.589355 -0.042011 231 202 122
-0.570988 0.590650 0.580186 55 202 201
0.029115 0.590413 -0.813394 131 202 24
0.511562 0.571915 0.600187 194 202 206
-0.824581 0.602414 -0.102203 25 202 115
0.656788 0.584228 -0.467216 212 202 68
-0.167560 0.580144 0.782859 106 202 228
-0.411924 0.589529 -0.701793 75 202 38
0.777797 0.589378 0.239231 226 202 158
-0.735746 0.589726 0.349289 34 202 172
0.297142 0.571434 -0.731330 166 202 32
0.289489 0.601598 0.779241 163 202 224
-0.718026 0.583716 -0.367870 36 202 80
0.771648 0.578843 -0.212034 227 202 100
-0.433855 0.589692 0.690467 73 202 215
-0.146142 0.588124 -0.800269 109 202 26
0.649476 0.589007 0.492242 210 202 190
-0.786805 0.570999 0.073454 25 202 137
0.558326 0.600738 -0.616304 197 202 51
0.004482 0.583225 0.807553 128 202 231
-0.543597 0.577546 -0.586821 57 202 52
0.814405 0.589840 0.066921 231 202 136
-0.642657 0.586888 0.498401 46 202 191
0.137566 0.588257 -0.803692 145 202 26
0.428317 0.570609 0.665149 183 202 214
-0.804529 0.599837 -0.211493 27 202 101
0.715316 0.582751 -0.376564 219 202 79
-0.270113 0.576257 0.752571 93 202 225
-0.316622 0.589970 -0.755125 87 202 32
0.738324 0.585674 0.340522 221 202 171
-0.777021 0.587475 0.248466 29 202 159
0.393349 0.570265 -0.687517 179 202 38
0.183169 0.598894 0.811657 150 202 228
-0.664562 0.582294 -0.461722 43 202 68
0.792045 0.574977 -0.107111 230 202 114
-0.525254 0.590080 0.630291 61 202 207
-0.038094 0.584482 -0.811997 123 202 24
0.578886 0.586661 0.575295 201 202 200
-0.792456 0.569964 -0.032237 24 202 123
0.635994 0.597912 -0.536748 207 202 61
-0.103563 0.581850 0.803424 114 202 230
-0.459936 0.573709 -0.653278 68 202 43
0.803022 0.590168 0.175976 229 202 150
-0.702920 0.583314 0.407988 38 202 179
0.243823 0.585815 -0.779181 158 202 29
0.337100 0.569707 0.719104 171 202 221
-0.769557 0.596893 -0.317057 32 202 88
0.761549 0.581418 -0.278697 225 202 92
-0.367628 0.572457 0.709010 80 202 219
-0.214361 0.590229 -0.795278 101 202 27
0.685953 0.582173 0.435700 215 202 183
-0.804118 0.584936 0.142795 25 202 146
0.483492 0.569491 -0.631508 191 202 45
0.073326 0.595839 0.829118 137 202 231
-0.598986 0.580996 -0.547980 51 202 58
0.798380 0.571222 -0.000537 231 202 127
-0.608108 0.590264 0.557829 51 202 198
0.070494 0.581059 -0.809487 136 202 24
0.497476 0.584025 0.647967 191 202 210
-0.784459 0.569315 -0.138216 25 202 110
0.701996 0.594751 -0.447216 215 202 72
-0.210460 0.580580 0.785003 101 202 228
-0.368341 0.570007 -0.708054 80 202 35
0.776743 0.590268 0.283074 225 202 163
-0.750831 0.579973 0.310523 32 202 167
0.345818 0.583082 -0.740288 171 202 33
0.239280 0.569178 0.761071 159 202 227
-0.720389 0.593631 -0.416834 38 202 76
0.794535 0.580170 -0.175236 229 202 105
-0.458465 0.568815 0.653051 68 202 212
-0.106982 0.590239 -0.821243 114 201 25
0.621634 0.578917 0.523200 207 201 194
-0.816477 0.582109 0.034314 24 201 132
0.566054 0.569077 -0.564057 201 201 54
-0.037882 0.592483 0.831332 123 201 231
-0.522302 0.579761 -0.625038 61 201 48
0.790672 0.567648 0.105843 230 201 141
-0.680667 0.590177 0.474269 42 201 187
0.177805 0.577892 -0.792851 150 201 26
0.406809 0.581104 0.708831 179 201 218
-0.762768 0.569011 -0.242779 28 201 96
0.755098 0.591308 -0.349490 222 201 84
-0.314306 0.579354 0.752439 87 201 223
-0.270444 0.566507 -0.750321 92 201 30
0.735827 0.590078 0.386099 220 201 176
-0.785643 0.576898 0.207658 27 201 154
0.441566 0.580070 -0.687753 184 201 40
0.136351 0.568979 0.790207 145 201 230
-0.658045 0.590108 -0.508920 45 201 64
0.813520 0.578944 -0.067949 231 201 119
-0.541143 0.565397 0.585749 57 201 204
0.003501 0.589940 -0.832284 128 201 23
0.546476 0.575936 0.601597 197 201 205
-0.813854 0.579007 -0.074876 24 201 118
0.639582 0.568976 -0.486098 210 201 65
-0.148305 0.588886 0.818338 109 201 230
-0.435739 0.578529 -0.691401 72 201 39
0.769168 0.564317 0.210241 228 201 155
-0.741348 0.589764 0.381077 35 201 175
0.282069 0.575007 -0.762405 164 201 30
0.308642 0.577916 0.756714 167 201 224
-0.727530 0.569002 -0.344192 33 201 83
0.794356 0.587645 -0.245493 227 201 97
-0.413198 0.578108 0.706137 75 201 217
-0.167930 0.563271 -0.779471 106 201 26
0.680865 0.589546 0.482966 212 201 188
-0.806811 0.574110 0.101102 24 201 140
0.529228 0.576800 -0.622606 195 201 48
0.029929 0.569055 0.805824 131 201 232
-0.583797 0.586387 -0.591609 54 201 53
0.817985 0.577679 0.041273 232 201 133
-0.614354 0.562261 0.508305 47 201 194
0.114951 0.589286 -0.827975 142 201 24
0.461732 0.573247 0.669614 187 201 213
-0.796327 0.575658 -0.182669 26 201 104
0.702703 0.569130 -0.398747 218 201 76
-0.255855 0.585115 0.790488 95 201 227
-0.340747 0.577238 -0.745729 84 201 33
0.734317 0.561287 0.310952 224 201 168
-0.788794 0.588982 0.279971 29 201 162
0.381573 0.572415 -0.718658 176 201 35
0.204881 0.574493 0.790729 154 201 228
-0.679097 0.569226 -0.440702 40 201 71
0.819133 0.583831 -0.137231 230 201 110
-0.505265 0.576784 0.646774 63 201 210
-0.062507 0.560352 -0.795109 119 201 23
0.612772 0.588634 0.571674 204 201 199
-0.813985 0.571617 -0.007395 23 201 127
0.607150 0.573307 -0.546138 205 201 58
-0.078258 0.569341 0.807415 117 201 231
-0.499131 0.582538 -0.663424 65 201 44
0.807670 0.576315 0.150445 230 201 147
-0.676957 0.559456 0.422036 39 201 183
0.225159 0.588241 -0.808222 156 201 27
0.368785 0.570850 0.726124 175 201 221
-0.764290 0.572102 -0.287013 30 201 91
0.754151 0.569471 -0.303314 224 201 89
-0.358553 0.581239 0.748420 82 201 222
-0.238982 0.575828 -0.786873 97 201 28
0.686749 0.558602 0.406363 217 201 181
-0.821914 0.587802 0.172883 25 201 149
0.474674 0.570115 -0.662304 188 201 43
0.097526 0.570878 0.810294 140 201 231
-0.618046 0.569613 -0.530567 48 201 59
0.829092 0.579937 -0.026743 232 201 124
-0.588714 0.575323 0.575300 53 201 201
0.044115 0.557791 -0.797041 133 201 23
0.532780 0.587317 0.650369 194 201 208
-0.807011 0.569410 -0.116056 24 201 113
0.673905 0.569639 -0.459857 214 200 69
-0.186378 0.569765 0.794682 104 200 229
-0.405692 0.578633 -0.723138 76 200 36
0.782599 0.574797 0.257527 227 200 160
-0.727986 0.557022 0.328356 32 200 170
0.331910 0.586786 -0.773281 169 200 31
0.269134 0.568735 0.770159 162 200 226
-0.718433 0.568387 -0.385958 35 200 78
0.792803 0.569924 -0.201296 229 200 102
-0.454564 0.577331 0.693030 70 200 215
-0.132278 0.574248 -0.813915 111 200 24
0.627257 0.556298 0.494964 210 200 192
-0.839928 0.586209 0.061909 23 200 135
0.559812 0.568089 -0.594219 199 200 51
-0.011382 0.567124 0.815131 126 200 232
-0.545194 0.570086 -0.612080 58 200 49
0.824184 0.576033 0.083943 232 200 138
-0.661884 0.573676 0.492934 44 200 190
0.150237 0.555618 -0.785259 147 200 25
0.442404 0.585586 0.717400 182 200 217
-0.785934 0.567471 -0.223087 27 200 99
0.728323 0.565852 -0.365443 221 200 81
-0.292521 0.570250 0.767559 90 200 225
-0.305247 0.574742 -0.769784 89 200 30
0.743097 0.573078 0.360471 222 200 173
-0.766640 0.554983 0.228758 27 200 157
0.433041 0.584917 -0.723755 181 200 38
0.164391 0.566878 0.800919 149 200 230
-0.659709 0.564573 -0.477702 43 200 66
0.817711 0.570411 -0.094374 232 200 115
-0.542228 0.573460 0.625431 59 200 207
-0.022616 0.572454 -0.826206 125 200 23
0.556781 0.554393 0.575352 200 200 203
-0.842390 0.584203 -0.050748 23 200 121
0.635524 0.566311 -0.515459 209 200 61
-0.119817 0.563291 0.805267 112 200 231
-0.461606 0.570568 -0.683608 69 200 41
0.804633 0.572189 0.192857 229 200 152
-0.723283 0.571802 0.401148 36 200 178
0.254184 0.553848 -0.759934 161 200 28
0.343406 0.583444 0.771370 170 200 223
-0.751005 0.565767 -0.326697 31 200 86
0.769502 0.562008 -0.264699 227 200 93
-0.394730 0.570717 0.726241 77 200 220
-0.199634 0.570932 -0.802655 102 200 26
0.689797 0.571121 0.457272 215 200 185
-0.792284 0.553349 0.124799 24 200 144
0.526507 0.582643 -0.660578 193 200 45
0.056268 0.565244 0.817787 135 200 232
-0.589302 0.560725 -0.560631 51 200 55
0.828140 0.570855 0.015605 232 200 129
-0.620080 0.569691 0.546919 49 200 197
0.087923 0.570411 -0.823392 139 200 23
0.476397 0.552894 0.646235 190 200 212
-0.829206 0.581798 -0.162843 24 200 107
0.700460 0.564741 -0.427255 217 200 73
-0.225813 0.559446 0.781012 98 200 228
-0.368598 0.570979 -0.743638 81 200 33
0.770907 0.568467 0.298112 225 200 165
-0.771644 0.569670 0.301637 30 200 166
0.354307 0.552484 -0.721409 174 200 33
0.237743 0.580913 0.811173 157 200 228
-0.702689 0.564256 -0.425106 38 200 73
0.796821 0.558174 -0.159503 231 200 107
-0.491037 0.571088 0.671207 65 200 212
-0.090730 0.567263 -0.821295 116 200 23
0.623634 0.568899 0.546022 207 200 197
-0.804445 0.552118 0.018094 22 200 130
0.610435 0.579988 -0.584992 203 200 55
-0.053438 0.563787 0.820344 121 200 232
-0.508584 0.556910 -0.633339 62 200 46
0.823610 0.571177 0.126656 231 200 143
-0.686856 0.566081 0.458937 40 200 186
0.197210 0.568097 -0.805437 153 200 25
0.387309 0.551794 0.706435 178 200 220
-0.800630 0.579025 -0.272145 28 200 94
0.753405 0.563332 -0.331014 224 200 85
-0.327504 0.555658 0.742932 85 200 224
-0.267725 0.571245 -0.790820 94 199 28
0.723694 0.564922 0.397931 220 199 178
-0.805962 0.567263 0.196287 25 199 152
0.448998 0.551512 -0.670194 186 199 40
0.127513 0.578024 0.836028 143 199 232
-0.641670 0.562889 -0.516575 45 199 61
0.809930 0.554419 -0.051758 233 199 121
-0.579514 0.571289 0.603230 55 199 203
0.019584 0.563788 -0.825494 130 199 22
0.545829 0.566398 0.624964 197 199 207
-0.802818 0.551270 -0.089689 23 199 116
0.683180 0.576990 -0.498506 213 199 65
-0.162854 0.562455 0.808390 107 199 231
-0.419073 0.553197 -0.694647 73 199 37
0.803924 0.571307 0.236693 229 199 157
-0.741500 0.562680 0.363043 33 199 174
0.303119 0.565502 -0.772628 166 199 29
0.290852 0.551068 0.754894 165 199 226
-0.757257 0.575922 -0.376510 33 199 81
0.793308 0.562029 -0.228310 229 199 98
-0.423158 0.551994 0.691827 73 199 217
-0.160771 0.571296 -0.824018 107 199 24
0.663877 0.561600 0.490665 212 199 190
-0.825526 0.564575 0.087123 23 199 139
0.536690 0.550903 -0.606975 197 199 49
0.014891 0.574823 0.845487 129 199 233
-0.568864 0.561608 -0.599432 55 199 51
0.808736 0.550812 0.056645 233 199 135
-0.658322 0.571254 0.523385 45 199 193
0.129447 0.560548 -0.815263 144 199 23
0.457865 0.563618 0.692542 186 199 215
-0.787272 0.550775 -0.196838 25 199 102
0.743357 0.573696 -0.402848 220 199 77
-0.270062 0.561190 0.781961 93 199 227
-0.322391 0.549654 -0.743608 86 199 31
0.769201 0.571179 0.343575 224 199 171
-0.783163 0.559525 0.260882 27 199 161
0.403589 0.562631 -0.725578 179 199 35
0.188487 0.550680 0.790691 152 199 230
-0.699991 0.572542 -0.473924 40 199 68
0.819306 0.560773 -0.120875 232 199 112
-0.511198 0.548521 0.628687 61 199 209
-0.049706 0.571070 -0.842354 121 199 22
0.592512 0.558533 0.574801 203 199 201
-0.829941 0.561615 -0.023741 22 199 124
0.615873 0.550618 -0.532616 207 199 58
-0.097929 0.571364 0.839440 115 199 232
-0.485416 0.560354 -0.672101 66 199 42
0.793388 0.547416 0.163863 231 199 149
-0.725772 0.570924 0.433036 37 199 182
0.237037 0.557571 -0.790831 158 199 26
0.361443 0.560571 0.747443 174 199 223
-0.757865 0.550586 -0.301601 29 199 88
0.789874 0.570164 -0.299912 226 199 90
-0.373121 0.559932 0.741348 80 199 222
-0.220226 0.546342 -0.779504 99 199 26
0.719889 0.570740 0.445163 217 199 183
-0.811197 0.556641 0.154165 24 199 147
0.496680 0.559500 -0.665203 191 199 43
0.081798 0.550582 0.813050 138 199 233
-0.630014 0.568944 -0.562561 49 199 57
0.830760 0.559504 -0.010578 233 199 126
-0.590214 0.545299 0.554669 50 199 200
0.063348 0.570516 -0.845250 135 199 22
0.510805 0.555743 0.648973 193 199 211
-0.819142 0.558403 -0.134163 23 199 110
0.685112 0.550604 -0.448165 216 199 70
-0.208792 0.567708 0.818104 101 199 230
-0.392699 0.559068 -0.733145 78 199 34
0.764250 0.544289 0.268125 227 199 163
-0.780373 0.570252 0.333817 30 199 169
0.340586 0.554876 -0.752626 171 199 31
0.258437 0.557282 0.788634 160 199 228
-0.714856 0.550649 -0.402204 35 199 76
0.821943 0.566457 -0.191704 231 199 103
-0.470111 0.558622 0.687115 68 199 215
-0.114304 0.543316 -0.801838 113 199 23
0.656769 0.569946 0.539375 209 199 195
-0.825156 0.554041 0.044653 22 199 133
0.580622 0.556138 -0.592699 202 198 52
-0.027506 0.550715 0.821370 124 198 233
-0.548742 0.565195 -0.640812 59 198 47
0.827284 0.558163 0.100604 233 198 140
-0.658970 0.542379 0.471057 41 198 189
0.176171 0.569598 -0.832457 149 198 24
0.420103 0.553237 0.711966 181 198 219
-0.793384 0.554973 -0.242026 26 198 97
0.743067 0.550799 -0.354864 223 198 82
-0.315633 0.563923 0.781999 88 198 226
-0.292305 0.557690 -0.781302 90 198 28
0.721882 0.541480 0.367748 222 198 176
-0.820891 0.569205 0.227600 25 198 156
0.438392 0.552465 -0.701268 184 198 38
0.150843 0.553789 0.815383 147 198 232
-0.658727 0.550898 -0.496868 43 198 64
0.839086 0.562645 -0.080285 233 198 117
-0.559169 0.557202 0.620100 56 198 206
-0.006364 0.540621 -0.810321 127 198 21
0.580951 0.568769 0.624255 200 198 205
-0.824792 0.551723 -0.065862 22 198 119
0.653857 0.552587 -0.509503 211 198 62
-0.137612 0.551010 0.815246 110 198 232
-0.457779 0.561362 -0.707317 70 198 38
0.808769 0.556695 0.210617 230 198 154
-0.716405 0.539803 0.379247 34 198 177
0.286509 0.568288 -0.804073 163 198 28
0.321874 0.551011 0.762722 169 198 225
-0.753237 0.551369 -0.345299 31 198 83
0.788526 0.551132 -0.254149 229 198 95
-0.416519 0.560078 0.731921 75 198 220
-0.186018 0.556168 -0.815531 104 198 24
0.667014 0.539026 0.461152 215 198 188
-0.846388 0.567763 0.116445 22 198 142
0.528830 0.550328 -0.637562 195 198 46
0.040721 0.550138 0.827269 133 198 234
-0.590194 0.551262 -0.583838 52 198 53
0.841122 0.558795 0.032276 234 198 132
-0.638540 0.555621 0.541419 46 198 196
0.101864 0.538292 -0.804859 141 198 22
0.493849 0.567193 0.698026 189 198 214
-0.810058 0.549673 -0.175564 24 198 105
0.715078 0.548896 -0.417249 219 198 74
-0.246610 0.551396 0.794502 96 198 229
-0.358867 0.557515 -0.760972 82 198 31
0.775406 0.555050 0.317380 226 198 168
-0.761631 0.537600 0.280717 28 198 164
0.392134 0.566578 -0.760553 176 198 33
0.217706 0.549045 0.800348 155 198 230
-0.699551 0.547645 -0.442079 38 198 71
0.820440 0.551531 -0.147643 232 198 109
-0.509683 0.556241 0.668903 63 198 212
-0.075789 0.554455 -0.835043 118 198 22
0.600534 0.536952 0.546861 206 198 199
-0.856254 0.565919 0.002548 21 198 128
0.610369 0.548443 -0.562497 206 198 55
-0.069861 0.546387 0.824181 119 198 234
-0.510226 0.551665 -0.661414 63 198 43
0.828157 0.554975 0.143950 232 198 146
-0.706624 0.553835 0.452455 38 198 185
0.208666 0.536348 -0.785544 155 198 25
0.397145 0.565216 0.759149 177 198 222
-0.781112 0.547865 -0.282630 27 198 91
0.763244 0.545125 -0.317717 226 198 87
-0.352530 0.551795 0.759212 83 198 224
-0.253844 0.553720 -0.800942 95 198 26
0.727696 0.553189 0.418828 220 198 181
-0.793924 0.535788 0.177020 24 198 151
0.490906 0.564471 -0.702697 188 198 40
0.109289 0.547310 0.824130 141 198 233
-0.633428 0.543861 -0.530638 46 198 59
0.837959 0.551918 -0.037150 234 198 123
-0.593546 0.552477 0.594182 52 198 203
0.036310 0.552515 -0.839342 132 198 21
0.523471 0.535271 0.623512 196 198 209
-0.850233 0.563683 -0.111823 22 198 114
0.681580 0.546776 -0.477241 215 198 66
-0.178873 0.542597 0.806305 104 198 232
-0.420042 0.552031 -0.727999 74 197 35
0.800555 0.551249 0.252777 229 197 160
-0.762029 0.551812 0.354832 31 197 172
0.312357 0.534797 -0.752642 168 197 29
0.292744 0.562853 0.806363 164 197 228
-0.738325 0.546262 -0.385244 33 197 78
0.797598 0.541336 -0.212784 231 197 100
-0.453371 0.552132 0.709729 70 197 217
-0.144601 0.550038 -0.826649 109 197 22
0.666452 0.551080 0.512973 212 197 193
-0.812728 0.534367 0.069768 21 197 137
0.580840 0.561984 -0.631630 200 197 49
-0.001586 0.545766 0.833550 127 197 234
-0.556178 0.540081 -0.609451 56 197 49
0.840474 0.552218 0.075373 234 197 137
-0.666731 0.548846 0.509159 43 197 192
0.148130 0.550319 -0.828242 146 197 22
0.436988 0.533979 0.689855 185 197 218
-0.828425 0.561075 -0.224389 24 197 100
0.741164 0.545285 -0.383144 222 197 78
-0.284372 0.538834 0.774104 91 197 228
-0.321116 0.552286 -0.782141 87 197 29
0.758917 0.547674 0.356904 224 197 173
-0.803607 0.549528 0.250381 26 197 159
0.411284 0.533633 -0.706595 181 197 35
0.182719 0.560130 0.838724 150 197 232
-0.682290 0.544819 -0.481619 40 197 66
0.817660 0.537597 -0.104375 233 197 114
-0.547151 0.552334 0.646704 59 197 209
-0.033047 0.546524 -0.837768 123 197 21
0.592785 0.548707 0.597955 203 197 203
-0.817654 0.533327 -0.039368 21 197 122
0.660156 0.559148 -0.548767 210 197 59
-0.113052 0.544364 0.828300 113 197 233
-0.469280 0.536373 -0.677218 67 197 40
0.827650 0.552360 0.187849 232 197 151
-0.728073 0.545398 0.415363 35 197 180
0.257506 0.547855 -0.801887 160 197 26
0.342379 0.533060 0.744759 172 197 225
-0.791280 0.558132 -0.332927 29 197 86
0.787975 0.543920 -0.281726 228 197 92
-0.384536 0.535164 0.728284 78 197 222
-0.215156 0.552360 -0.822580 100 197 24
0.704051 0.544297 0.454595 217 197 186
-0.830500 0.546973 0.141102 22 197 145
0.503835 0.532832 -0.648015 193 197 43
0.069247 0.557084 0.855624 136 197 234
-0.613829 0.543483 -0.570021 49 197 55
0.823220 0.533973 0.005583 234 197 128
-0.631954 0.552333 0.571088 48 197 199
0.078916 0.543222 -0.834210 138 197 21
0.508085 0.546062 0.672098 192 197 213
-0.808487 0.532641 -0.148671 22 197 108
0.727325 0.556006 -0.455766 218 197 71
-0.223177 0.543051 0.808303 99 197 231
-0.374336 0.532802 -0.732869 79 197 32
0.799462 0.552277 0.298122 228 197 165
-0.776612 0.542174 0.314427 28 197 168
0.362309 0.545121 -0.760752 174 197 31
0.241069 0.532485 0.787222 159 197 230
-0.739577 0.554899 -0.435326 35 197 73
0.821045 0.542624 -0.174676 232 197 105
-0.477691 0.531653 0.669767 65 197 215
-0.104083 0.552190 -0.848303 114 197 21
0.636950 0.541155 0.544252 209 197 197
-0.842159 0.544150 0.029107 20 197 131
0.588448 0.532362 -0.577695 204 197 52
-0.045444 0.553767 0.856797 122 197 234
-0.533998 0.542197 -0.648801 59 197 45
0.814320 0.530529 0.115193 234 197 143
-0.705989 0.552069 0.484137 39 197 188
0.189420 0.540165 -0.816107 152 197 23
0.413985 0.543152 0.733952 180 197 221
-0.785195 0.532272 -0.256378 26 197 94
0.781104 0.552610 -0.354482 225 197 83
-0.329998 0.541770 0.773737 85 197 226
-0.273032 0.529431 -0.775572 92 197 26
0.756211 0.551914 0.404011 222 197 178
-0.811599 0.539204 0.208059 24 197 154
0.460508 0.542126 -0.705630 186 196 38
0.134610 0.532210 0.816385 145 196 233
-0.674395 0.551431 -0.529644 43 196 61
0.839618 0.541339 -0.063831 234 196 119
-0.562329 0.528362 0.599652 54 196 206
0.010011 0.551722 -0.858581 129 196 20
0.558771 0.538274 0.624420 199 196 207
-0.838367 0.541074 -0.083437 21 196 117
0.663628 0.532177 -0.496613 213 196 63
-0.159144 0.550233 0.842316 108 196 233
-0.444087 0.540904 -0.716431 71 196 36
0.791232 0.527322 0.222623 231 196 157
-0.767645 0.551492 0.387389 32 196 176
0.296646 0.537374 -0.783803 165 196 27
0.312312 0.539997 0.782337 167 196 227
-0.747945 0.532168 -0.360697 31 196 81
0.820551 0.549019 -0.246904 230 196 97
-0.431549 0.540461 0.725046 73 196 220
-0.167104 0.526315 -0.804721 106 196 22
0.698538 0.551223 0.503370 215 196 190
-0.832487 0.536505 0.098023 21 196 140
0.550221 0.538896 -0.637611 198 196 46
0.024679 0.532183 0.831554 131 196 235
-0.597067 0.547790 -0.614144 53 196 50
0.843182 0.540009 0.048847 235 196 134
-0.637116 0.525342 0.519187 44 196 195
0.124913 0.550915 -0.853006 143 196 21
0.470815 0.535666 0.693795 188 196 216
-0.819238 0.537773 -0.194364 23 196 103
0.727966 0.532218 -0.405940 221 196 75
-0.269711 0.546548 0.812574 94 196 229
-0.345615 0.539546 -0.771545 84 196 29
0.754437 0.524404 0.326125 226 196 170
-0.815546 0.550564 0.282640 26 196 163
0.398833 0.534859 -0.737836 179 196 33
0.205044 0.536629 0.816372 154 196 232
-0.697121 0.532272 -0.459819 38 196 68
0.845041 0.545297 -0.135104 234 196 111
-0.525908 0.539069 0.662954 61 196 212
-0.058313 0.523503 -0.819928 120 196 20
0.627422 0.550172 0.594149 206 196 201
-0.838932 0.534081 -0.013875 20 196 126
0.629768 0.535466 -0.558048 208 196 56
-0.086928 0.532341 0.832224 116 196 234
-0.509140 0.544040 -0.687331 63 196 41
0.831496 0.538577 0.161304 233 196 148
-0.700895 0.522640 0.429738 36 196 184
0.238342 0.549738 -0.831518 157 196 24
0.374517 0.533333 0.751228 176 196 224
-0.785209 0.534285 -0.301565 27 196 89
0.780169 0.532423 -0.307043 228 196 88
-0.375121 0.542777 0.768254 80 196 224
-0.240306 0.538069 -0.812977 97 196 24
0.704597 0.521816 0.424046 220 196 183
-0.848600 0.549260 0.171902 22 196 149
0.494297 0.532614 -0.678939 191 196 40
0.094246 0.533089 0.835485 140 196 235
-0.633339 0.532515 -0.551948 46 196 57
0.854254 0.541512 -0.021183 235 196 125
-0.611237 0.537541 0.588468 50 196 202
0.051583 0.521032 -0.821009 134 196 20
0.544161 0.548740 0.674454 195 196 211
-0.830793 0.531923 -0.125803 21 196 111
0.697705 0.531879 -0.468514 217 196 67
-0.198315 0.532615 0.818104 102 196 232
-0.412322 0.540248 -0.747966 75 196 33
0.804613 0.536994 0.271434 230 196 162
-0.752684 0.520288 0.332767 29 196 171
0.348016 0.548176 -0.794415 171 196 29
0.271434 0.531260 0.795735 162 196 230
-0.737016 0.530658 -0.403048 33 196 76
0.819092 0.532720 -0.201484 232 196 102
-0.473500 0.538987 0.710300 68 196 217
-0.130069 0.536425 -0.839808 111 196 21
0.642542 0.519586 0.514842 212 196 195
-0.866034 0.547569 0.057347 20 196 135
0.581437 0.530623 -0.608029 202 196 50
-0.017980 0.529428 0.839423 125 196 235
-0.557465 0.532827 -0.635328 56 195 46
0.848170 0.537730 0.092779 235 195 139
-0.685837 0.535833 0.502870 41 195 191
0.160835 0.518926 -0.807972 149 195 22
0.450345 0.546919 0.742609 183 195 220
-0.808133 0.530011 -0.235911 24 195 97
0.752851 0.528190 -0.370752 224 195 80
-0.307506 0.532933 0.789152 88 195 228
-0.308440 0.536481 -0.795079 88 195 27
0.762900 0.535216 0.377126 224 195 175
-0.791672 0.518308 0.229815 24 195 158
0.451717 0.546227 -0.742353 184 195 35
0.163234 0.529423 0.826508 148 195 233
-0.675667 0.526948 -0.496976 41 195 64
0.843773 0.533036 -0.091015 235 195 116
-0.563160 0.535242 0.639876 56 195 209
-0.016956 0.534575 -0.851395 125 195 20
0.569248 0.517732 0.597077 202 195 206
-0.867425 0.545493 -0.058748 20 195 120
0.658753 0.528857 -0.526208 212 195 60
-0.129552 0.525704 0.828241 111 195 234
-0.470621 0.533133 -0.708284 68 195 38
0.827040 0.534014 0.204758 232 195 153
-0.748192 0.533906 0.407700 33 195 179
0.267720 0.517199 -0.781004 163 195 25
0.347810 0.544718 0.797203 171 195 227
-0.771228 0.528313 -0.342352 29 195 84
0.794308 0.524459 -0.266628 230 195 93
-0.412478 0.533221 0.745595 75 195 222
-0.199389 0.532800 -0.827966 102 195 22
0.707037 0.533211 0.476323 217 195 188
-0.817218 0.516708 0.122491 21 195 144
0.547354 0.543903 -0.676329 196 195 43
0.051688 0.527788 0.842927 134 195 235
-0.602399 0.523217 -0.581706 50 195 52
0.853480 0.533298 0.022447 236 195 130
-0.642611 0.531602 0.558331 46 195 198
0.096881 0.532488 -0.847406 140 195 20
0.485835 0.516258 0.669428 191 195 215
-0.852712 0.543048 -0.174069 22 195 106
0.724865 0.527280 -0.434762 220 195 72
-0.238457 0.521979 0.802284 97 195 231
-0.374186 0.533361 -0.769269 80 195 30
0.791368 0.530421 0.312824 228 195 167
-0.797020 0.531736 0.304728 26 195 166
0.370545 0.515849 -0.740472 176 195 31
0.238590 0.542156 0.837130 157 195 232
-0.720575 0.526789 -0.443296 35 195 71
0.821463 0.520749 -0.158077 234 195 107
-0.511205 0.533408 0.687955 63 195 214
-0.087101 0.529260 -0.846182 116 195 20
0.638018 0.530956 0.567072 208 195 199
-0.828848 0.515481 0.012463 19 195 129
0.633020 0.541228 -0.597649 206 195 53
-0.061341 0.526311 0.844578 120 195 236
-0.518639 0.519528 -0.655813 60 195 43
0.847743 0.533435 0.136843 234 195 145
-0.710571 0.528120 0.467160 37 195 187
0.209246 0.530146 -0.827834 154 195 22
0.393554 0.515152 0.730692 179 195 223
-0.822193 0.540264 -0.286328 25 195 92
0.778534 0.525845 -0.335154 227 195 85
-0.342787 0.518319 0.762160 83 195 226
-0.269788 0.533442 -0.816910 94 195 25
0.741880 0.527002 0.415162 222 195 180
-0.831315 0.529307 0.195910 22 195 152
0.467656 0.514861 -0.686915 188 195 38
0.124852 0.539267 0.861618 143 195 235
-0.656902 0.525390 -0.536956 44 195 59
0.833980 0.517124 -0.047057 236 195 121
-0.601704 0.533424 0.617057 52 195 205
0.026491 0.525908 -0.849529 131 195 19
0.557129 0.528439 0.647582 198 195 210
-0.826260 0.514608 -0.098549 20 195 115
0.707047 0.538238 -0.507890 216 195 64
-0.173921 0.524942 0.831274 105 195 234
-0.425959 0.515945 -0.718108 72 195 34
0.826388 0.533381 0.250015 231 195 159
-0.765974 0.524839 0.367973 30 194 174
0.317955 0.527542 -0.793011 168 194 27
0.293788 0.514390 0.779790 166 194 229
-0.776509 0.537180 -0.393327 31 194 78
0.818691 0.524500 -0.229022 232 194 98
-0.440775 0.514786 0.708708 70 194 220
-0.159284 0.533310 -0.850061 108 194 21
0.679499 0.523796 0.510086 214 194 193
-0.850376 0.526617 0.083342 19 194 138
0.557441 0.514207 -0.621054 200 194 47
0.008839 0.536094 0.870240 129 194 236
-0.581170 0.524062 -0.621613 53 194 48
0.831787 0.513647 0.064493 236 194 136
-0.682096 0.533209 0.534037 42 194 194
0.139475 0.522781 -0.838039 145 194 20
0.465920 0.525663 0.716272 187 194 219
-0.809335 0.514057 -0.208776 22 194 100
0.768039 0.534982 -0.408848 223 194 76
-0.284071 0.523626 0.803075 91 194 230
-0.326034 0.512531 -0.767638 85 194 28
0.789570 0.533077 0.359756 226 194 173
-0.807962 0.521793 0.262469 24 194 161
0.420898 0.524682 -0.743595 181 194 33
0.188053 0.513938 0.815781 152 194 233
-0.716623 0.533846 -0.493014 38 194 66
0.844469 0.523190 -0.118164 235 194 112
-0.530815 0.511440 0.642963 58 194 211
-0.044722 0.532911 -0.867845 122 194 19
0.605325 0.520834 0.596053 205 194 204
-0.853829 0.523674 -0.030795 19 194 124
0.638352 0.513848 -0.543793 210 194 57
-0.107193 0.532689 0.862917 114 194 235
-0.494582 0.522751 -0.695658 64 194 39
0.815058 0.510377 0.174683 234 194 150
-0.750656 0.532711 0.440330 34 194 183
0.249982 0.519905 -0.811965 159 194 24
0.366159 0.522641 0.771821 174 194 226
-0.778147 0.513784 -0.316411 27 194 87
0.814901 0.531513 -0.302485 229 194 90
-0.389792 0.522308 0.760306 78 194 224
-0.220603 0.509342 -0.803685 99 194 23
0.737784 0.532474 0.463866 220 194 185
-0.835887 0.519004 0.152411 20 194 147
0.516092 0.521583 -0.680561 193 194 41
0.077993 0.513746 0.837882 138 194 236
-0.643774 0.530319 -0.583530 47 194 54
0.855230 0.521858 -0.004514 236 194 127
-0.611473 0.508338 0.566124 48 194 201
0.071702 0.532200 -0.869699 136 194 19
0.520609 0.518133 0.671670 194 194 214
-0.841639 0.520502 -0.144297 20 194 109
0.708915 0.513731 -0.456228 219 194 69
-0.221036 0.529111 0.839903 100 194 233
-0.398573 0.521400 -0.757624 77 194 31
0.784184 0.507366 0.281700 230 194 164
-0.805873 0.531887 0.337642 27 194 170
0.356198 0.517292 -0.771761 173 194 29
0.259789 0.519399 0.813193 161 194 231
-0.732981 0.513736 -0.419625 33 194 73
0.846855 0.527891 -0.190870 234 194 104
-0.489109 0.520931 0.703572 65 194 217
-0.111441 0.506428 -0.825756 113 194 20
0.671867 0.531535 0.560212 211 194 197
-0.849306 0.516480 0.039613 19 194 133
0.601736 0.518275 -0.605163 204 194 50
-0.034625 0.513759 0.845488 123 194 236
-0.559437 0.526661 -0.663244 57 194 44
0.850602 0.520451 0.109879 236 194 141
-0.681494 0.505525 0.479524 38 194 190
0.187698 0.531142 -0.855400 151 194 21
0.426747 0.515697 0.735700 182 194 222
-0.814101 0.517133 -0.254994 23 194 95
0.767760 0.513798 -0.359654 226 194 81
-0.330579 0.525424 0.801760 86 194 228
-0.294800 0.519955 -0.806231 90 194 25
0.739755 0.504658 0.383825 224 194 178
-0.846506 0.530708 0.227922 22 194 156
0.456381 0.514944 -0.718081 186 194 35
0.148872 0.515973 0.839667 147 194 235
-0.674353 0.513850 -0.516585 41 193 61
0.863437 0.524182 -0.076125 236 193 118
-0.580114 0.519444 0.633765 54 193 208
-0.000334 0.503829 -0.833572 127 193 18
0.592994 0.530234 0.646795 201 193 208
-0.847980 0.514218 -0.074078 19 193 118
0.676253 0.514798 -0.518900 214 193 61
-0.147920 0.513912 0.838200 109 193 235
-0.465275 0.522937 -0.730782 69 193 35
0.830501 0.518916 0.222900 233 193 156
-0.739803 0.503038 0.384602 31 193 178
0.300945 0.529717 -0.825084 165 193 25
0.325258 0.513520 0.787067 169 193 228
-0.771829 0.513609 -0.360808 29 193 81
0.813651 0.513983 -0.255568 232 193 95
-0.433851 0.521692 0.749329 73 193 222
-0.185119 0.518368 -0.840429 104 193 21
0.682536 0.502287 0.479441 217 193 190
-0.871620 0.529159 0.113304 19 193 142
0.548864 0.512849 -0.651767 198 193 44
0.035526 0.512409 0.850841 132 193 237
-0.603024 0.514059 -0.605488 50 193 50
0.864492 0.520449 0.039628 237 193 133
-0.661012 0.517800 0.552058 44 193 198
0.110941 0.501575 -0.827050 142 193 19
0.502646 0.528559 0.721811 190 193 217
-0.831876 0.512203 -0.186795 21 193 104
0.738324 0.511200 -0.423468 222 193 73
-0.259921 0.514137 0.815858 94 193 232
-0.363089 0.519210 -0.785038 82 193 28
0.795152 0.517210 0.332403 228 193 170
-0.785498 0.500904 0.282883 25 193 165
0.409157 0.527917 -0.779256 178 193 31
0.217785 0.511582 0.824867 155 193 233
-0.715724 0.509983 -0.459800 35 193 68
0.845524 0.514216 -0.145660 235 193 109
-0.529053 0.517978 0.683693 61 193 214
-0.071549 0.516597 -0.859434 118 193 18
0.613448 0.500273 0.567042 208 193 202
-0.880624 0.527235 -0.003944 18 193 127
0.632079 0.510985 -0.573852 208 193 54
-0.078124 0.508761 0.846629 117 193 236
-0.520012 0.514292 -0.684590 61 193 40
0.850150 0.516754 0.154309 235 193 147
-0.730177 0.515960 0.459899 35 193 186
0.220626 0.499683 -0.806298 156 193 22
0.402579 0.526512 0.783701 178 193 225
-0.801174 0.510409 -0.296660 25 193 89
0.786908 0.507537 -0.320707 229 193 86
-0.368594 0.514362 0.778563 81 193 226
-0.254772 0.515542 -0.825176 95 193 23
0.745102 0.515297 0.436271 222 193 183
-0.817851 0.499133 0.175967 20 193 151
0.510148 0.525749 -0.718771 191 193 38
0.106077 0.509854 0.848382 141 193 236
-0.646937 0.506311 -0.550213 44 193 57
0.862524 0.514425 -0.031800 237 193 123
-0.614582 0.514342 0.606137 50 193 204
0.043768 0.514608 -0.862765 133 193 18
0.533559 0.498625 0.645233 197 193 212
-0.873288 0.524947 -0.121484 19 193 112
0.704568 0.509318 -0.485552 218 193 65
-0.190000 0.505088 0.827252 103 193 234
-0.426597 0.514478 -0.752259 73 193 32
0.820809 0.513157 0.265916 232 193 161
-0.786196 0.513893 0.358979 28 193 173
0.326989 0.498156 -0.771603 170 193 27
0.294769 0.524108 0.831201 164 193 231
-0.756274 0.508800 -0.401809 31 193 76
0.821253 0.503868 -0.212551 234 193 100
-0.471879 0.514518 0.726707 68 193 219
-0.142269 0.511989 -0.850626 109 193 19
0.681216 0.513150 0.532469 214 193 195
-0.836300 0.497727 0.065516 18 193 136
0.601896 0.523231 -0.644815 202 193 47
-0.008020 0.508297 0.857093 126 193 237
-0.566834 0.502655 -0.630502 54 193 46
0.864049 0.514542 0.083984 237 193 138
-0.689043 0.510839 0.518112 40 192 193
0.158618 0.512380 -0.850263 148 192 20
0.444075 0.497338 0.712740 186 192 221
-0.849752 0.522319 -0.236978 22 192 98
0.765005 0.507808 -0.388270 225 192 78
-0.298118 0.501450 0.793207 89 192 230
-0.324320 0.514548 -0.807014 87 192 26
0.777103 0.509709 0.372554 226 192 175
-0.827918 0.511581 0.251202 22 192 159
0.428335 0.496986 -0.723431 183 192 33
0.181359 0.521373 0.863373 150 192 235
-0.697805 0.507331 -0.500405 38 192 64
0.840891 0.500256 -0.100977 236 192 114
-0.567740 0.514535 0.660985 56 192 211
-0.027541 0.508600 -0.861076 124 192 18
0.604666 0.510754 0.619102 204 192 206
-0.840459 0.496672 -0.046748 18 192 121
0.682594 0.520394 -0.558869 212 192 58
-0.122575 0.506864 0.850702 112 192 236
-0.476943 0.499075 -0.699353 66 192 37
0.849783 0.514499 0.199544 234 192 153
-0.751256 0.507514 0.421199 32 192 181
0.270775 0.509900 -0.822108 162 192 23
0.346337 0.496394 0.768407 173 192 228
-0.810511 0.519384 -0.348151 27 192 84
0.812224 0.506406 -0.283586 231 192 91
-0.400621 0.497910 0.745241 75 192 224
-0.214960 0.514439 -0.847585 100 192 21
0.719880 0.506452 0.472455 219 192 188
-0.854488 0.509017 0.138634 19 192 145
0.523008 0.496151 -0.662426 196 192 41
0.064595 0.518346 0.879626 136 192 237
-0.626632 0.505954 -0.590670 48 192 52
0.845632 0.496762 0.012038 237 192 129
-0.654216 0.514353 0.582407 45 192 201
0.087465 0.505415 -0.856451 139 192 18
0.516905 0.508106 0.694465 193 192 216
-0.830119 0.495942 -0.159054 19 192 107
0.750700 0.517279 -0.462658 221 192 70
-0.235599 0.505506 0.829155 97 192 233
-0.378917 0.495634 -0.755690 78 192 29
0.819729 0.514238 0.312659 230 192 167
-0.800255 0.504403 0.317078 25 192 168
0.378061 0.507169 -0.778820 176 192 29
0.241818 0.495764 0.811214 159 192 233
-0.756397 0.516188 -0.452851 33 192 71
0.845248 0.505060 -0.173250 235 192 105
-0.495804 0.494527 0.684316 63 192 217
-0.100509 0.514093 -0.872951 115 192 18
0.650173 0.503419 0.563989 211 192 200
-0.865377 0.506204 0.023453 17 192 130
0.609407 0.495617 -0.589416 207 192 51
-0.053237 0.515073 0.879721 121 192 237
-0.543863 0.504615 -0.670917 58 192 42
0.835539 0.493444 0.124554 236 192 144
-0.729480 0.513916 0.492292 36 192 189
0.200833 0.502462 -0.836907 153 192 20
0.419631 0.505214 0.757095 181 192 224
-0.805262 0.495498 -0.269588 23 192 93
0.804965 0.513937 -0.358100 228 192 83
-0.345070 0.504168 0.792654 84 192 228
-0.274493 0.492387 -0.798679 92 192 23
0.774231 0.513706 0.421086 224 192 180
-0.835287 0.501533 0.207509 21 192 154
0.478400 0.504199 -0.721244 188 192 36
0.132126 0.495406 0.840291 145 192 236
-0.688542 0.512782 -0.549101 41 192 59
0.863319 0.503716 -0.059165 237 192 120
-0.582137 0.491358 0.611574 52 192 207
0.016867 0.513462 -0.882395 130 192 17
0.569181 0.500632 0.645674 200 192 210
-0.860393 0.503160 -0.092111 18 192 116
0.686000 0.495339 -0.505423 216 192 62
-0.169873 0.511610 0.863763 106 192 236
-0.450846 0.503260 -0.739589 70 192 33
0.810910 0.490357 0.234696 233 192 158
-0.791896 0.513181 0.392249 29 192 176
0.310700 0.499760 -0.802811 167 192 25
0.314739 0.502099 0.805809 168 192 230
-0.766076 0.495293 -0.376504 29 191 79
0.844454 0.510423 -0.247248 233 191 97
-0.448971 0.502795 0.741682 70 191 222
-0.165454 0.489387 -0.827718 106 191 19
0.713981 0.512864 0.522627 217 191 193
-0.855807 0.498917 0.094307 18 191 140
0.569880 0.501015 -0.650526 200 191 45
0.018997 0.495268 0.854936 130 191 238
-0.608338 0.509224 -0.635142 51 191 48
0.865936 0.502321 0.056644 238 191 135
-0.658264 0.488450 0.528305 41 191 197
0.134884 0.512509 -0.875529 144 191 18
0.478251 0.498102 0.716183 189 191 219
-0.839686 0.499912 -0.205837 20 191 101
0.751346 0.495262 -0.411667 224 191 74
-0.283124 0.508015 0.832185 92 191 232
-0.349161 0.501835 -0.795296 83 191 26
0.772253 0.487546 0.340680 229 191 172
-0.840077 0.512115 0.284146 23 191 163
0.415265 0.497315 -0.754732 181 191 31
0.204269 0.498790 0.839730 154 191 235
-0.712976 0.495270 -0.477941 36 191 66
0.868554 0.506798 -0.132232 237 191 111
-0.545329 0.501336 0.677010 58 191 214
-0.053605 0.486676 -0.842426 120 191 17
0.640016 0.511681 0.615188 207 191 204
-0.861477 0.496556 -0.020672 17 191 125
0.650796 0.497651 -0.568078 211 191 55
-0.095715 0.495292 0.854648 115 191 237
-0.517389 0.505576 -0.709462 62 191 38
0.852875 0.500823 0.172057 236 191 149
-0.723014 0.485843 0.435919 33 191 185
0.251196 0.511208 -0.852328 159 191 21
0.378865 0.495824 0.774349 176 191 227
-0.803732 0.496497 -0.315573 25 191 87
0.804125 0.495325 -0.309569 231 191 88
-0.390925 0.504351 0.785713 78 191 226
-0.240599 0.500292 -0.836862 97 191 21
0.720261 0.485046 0.440820 222 191 185
-0.872930 0.510695 0.170067 19 191 149
0.512802 0.495119 -0.693435 193 191 39
0.090347 0.495330 0.858304 139 191 237
-0.646615 0.495366 -0.572053 45 191 54
0.876965 0.503125 -0.015207 238 191 126
-0.632267 0.499744 0.599698 47 191 204
0.059249 0.484287 -0.842628 135 191 17
0.553700 0.510141 0.696842 196 191 214
-0.852166 0.494441 -0.135544 18 191 110
0.719690 0.494151 -0.475532 220 191 67
-0.210050 0.495413 0.839147 101 191 235
-0.417458 0.501901 -0.770816 75 191 30
0.824222 0.499176 0.284908 232 191 164
-0.775392 0.483566 0.335920 26 191 171
0.363464 0.509548 -0.813134 173 191 26
0.272630 0.493787 0.819175 162 191 233
-0.753315 0.492962 -0.419286 31 191 74
0.843174 0.495462 -0.200756 235 191 102
-0.491373 0.500680 0.725338 65 191 219
-0.127136 0.498588 -0.863368 111 191 18
0.655797 0.482884 0.533538 213 191 197
-0.889695 0.508914 0.052257 17 191 134
0.601677 0.493157 -0.619878 205 191 48
-0.024872 0.491766 0.861300 124 191 238
-0.567905 0.495513 -0.657040 55 191 44
0.869692 0.499465 0.101698 237 191 140
-0.708054 0.497977 0.511090 38 191 192
0.171318 0.482241 -0.828345 150 191 19
0.456692 0.508240 0.765893 184 191 223
-0.827957 0.492550 -0.248410 21 191 96
0.775378 0.490564 -0.374691 227 191 79
-0.321972 0.495562 0.808413 87 191 230
-0.310426 0.498258 -0.818233 88 191 24
0.780381 0.497344 0.393033 226 191 177
-0.814580 0.481638 0.229896 21 191 158
0.469419 0.507528 -0.758653 186 191 33
0.161271 0.491965 0.849845 148 191 236
-0.689493 0.489359 -0.515109 39 191 61
0.867525 0.495606 -0.087041 238 191 116
-0.582753 0.497061 0.652270 54 190 210
-0.010893 0.496686 -0.874181 126 190 17
0.579874 0.481073 0.617370 203 190 208
-0.889973 0.506777 -0.066943 17 190 119
0.680356 0.491399 -0.535207 215 190 59
-0.139258 0.488153 0.848803 110 190 237
-0.478023 0.495643 -0.731190 67 190 35
0.847017 0.495876 0.216416 235 190 155
-0.771155 0.496004 0.412789 30 190 180
0.280836 0.480548 -0.799784 164 190 23
0.350898 0.505988 0.820920 171 190 229
-0.789151 0.490853 -0.357372 26 190 82
0.816967 0.486948 -0.267476 233 190 93
-0.429398 0.495671 0.762704 73 190 224
-0.198241 0.494705 -0.851015 102 190 19
0.722083 0.495295 0.494324 219 190 190
-0.839931 0.480061 0.119502 18 190 143
0.566931 0.505162 -0.689939 198 190 42
0.046613 0.490324 0.865736 133 190 238
-0.613552 0.485747 -0.601377 48 190 50
0.876444 0.495687 0.029589 238 190 131
-0.663555 0.493549 0.567905 43 190 200
0.105916 0.494561 -0.868990 141 190 17
0.493647 0.479613 0.690968 192 190 218
-0.873737 0.504300 -0.185155 19 190 104
0.747431 0.489810 -0.440755 223 190 71
-0.250753 0.484551 0.821192 95 190 234
-0.378411 0.495688 -0.792927 80 190 27
0.809474 0.492411 0.326978 230 190 169
-0.820279 0.493800 0.306633 23 190 166
0.386067 0.479203 -0.757332 178 190 29
0.238419 0.503404 0.860822 157 190 235
-0.736275 0.489310 -0.460554 33 190 69
0.843852 0.483362 -0.155873 237 190 107
-0.530249 0.495674 0.702584 61 190 216
-0.082883 0.491291 -0.868728 117 190 17
0.650376 0.493012 0.586791 210 190 202
-0.850970 0.478830 0.006452 16 190 128
0.654066 0.502475 -0.608363 209 190 52
-0.069425 0.488822 0.866443 119 190 238
-0.526970 0.482184 -0.676653 59 190 40
0.869476 0.495640 0.147009 237 190 146
-0.732486 0.490192 0.473786 34 190 188
0.221034 0.492197 -0.847822 156 190 20
0.398412 0.478493 0.753103 179 190 226
-0.841325 0.501514 -0.300041 23 190 90
0.801645 0.488345 -0.338043 230 190 84
-0.357416 0.481018 0.779111 81 190 229
-0.270764 0.495585 -0.840860 93 190 22
0.757826 0.489114 0.431534 224 190 183
-0.854419 0.491355 0.194644 19 190 152
0.485316 0.478191 -0.701557 191 190 36
0.121490 0.500522 0.884838 143 190 238
-0.670096 0.487875 -0.556124 42 190 56
0.855715 0.479866 -0.041888 239 190 122
-0.622495 0.495508 0.628931 49 190 207
0.033667 0.488059 -0.871186 132 190 16
0.566607 0.490486 0.668614 199 190 212
-0.847400 0.477923 -0.107482 17 190 113
0.729137 0.499503 -0.515563 218 190 63
-0.184851 0.487413 0.851792 104 190 236
-0.431368 0.478730 -0.739737 71 190 31
0.846473 0.495405 0.262994 234 190 161
-0.788467 0.487028 0.371572 27 190 175
0.332225 0.489590 -0.811048 170 190 24
0.295599 0.477688 0.802679 166 190 232
-0.793430 0.498456 -0.409358 29 190 76
0.841914 0.486955 -0.228766 235 190 98
-0.457450 0.477613 0.723439 68 190 222
-0.157006 0.495275 -0.873834 108 190 18
0.693033 0.486022 0.528367 216 190 195
-0.872887 0.488668 0.078985 17 190 138
0.576932 0.477484 -0.633210 203 190 45
0.002413 0.497385 0.892565 128 190 239
-0.591624 0.486499 -0.642325 52 190 46
0.852504 0.476517 0.072495 238 190 137
-0.704219 0.495117 0.542940 39 190 196
0.149454 0.485041 -0.858443 147 190 18
0.472388 0.487720 0.738196 188 189 221
-0.829112 0.477309 -0.220481 20 189 99
0.790742 0.496290 -0.413400 226 189 76
-0.297629 0.486045 0.821868 90 189 232
-0.328467 0.475443 -0.789674 85 189 25
0.807626 0.494929 0.375277 229 189 174
-0.830639 0.484087 0.263007 21 189 161
0.437335 0.486747 -0.759375 183 189 31
0.186773 0.477162 0.838738 152 189 236
-0.731063 0.495175 -0.511018 36 189 64
0.867366 0.485589 -0.114783 238 189 113
-0.549224 0.474393 0.655251 56 189 213
-0.039258 0.494709 -0.890978 123 189 16
0.616234 0.483159 0.615908 206 189 206
-0.875334 0.485750 -0.038105 16 189 123
0.659329 0.477041 -0.553235 213 189 56
-0.116503 0.494041 0.883954 113 189 238
-0.502112 0.485129 -0.717514 64 189 36
0.834415 0.473369 0.185347 236 189 152
-0.773666 0.494456 0.446111 31 189 183
0.262566 0.482259 -0.830771 161 189 21
0.369552 0.484729 0.794206 175 189 229
-0.796197 0.476945 -0.330687 24 189 85
0.837789 0.492890 -0.303896 232 189 89
-0.405707 0.484665 0.777028 76 189 226
-0.220054 0.472372 -0.825748 99 189 20
0.753473 0.494168 0.481603 222 189 188
-0.858351 0.481386 0.149906 18 189 147
0.534346 0.483686 -0.693830 196 189 39
0.073633 0.476870 0.860490 137 189 239
-0.655521 0.491724 -0.603138 45 189 52
0.877370 0.484194 0.001908 239 189 128
-0.631284 0.471405 0.575787 45 189 203
0.080216 0.493846 -0.891744 138 189 16
0.528724 0.480541 0.692742 195 189 216
-0.861754 0.482623 -0.154366 18 189 108
0.731000 0.476815 -0.462772 222 189 68
-0.233001 0.490546 0.859295 98 189 235
-0.403054 0.483714 -0.780201 76 189 28
0.801866 0.470469 0.294818 232 189 166
-0.829313 0.493487 0.340219 24 189 170
0.371150 0.479723 -0.788653 175 189 26
0.260104 0.481539 0.835613 161 189 234
-0.748967 0.476779 -0.436220 31 189 71
0.869508 0.489358 -0.189177 237 189 104
-0.507062 0.483223 0.717919 63 189 219
-0.107946 0.469565 -0.847472 113 189 17
0.684909 0.493090 0.579794 213 189 200
-0.871166 0.478933 0.034128 16 189 132
0.621432 0.480438 -0.615724 207 189 49
-0.041996 0.476757 0.867328 122 189 239
-0.568332 0.488162 -0.684071 56 189 42
0.871566 0.482720 0.119198 238 189 143
-0.702359 0.468694 0.486420 36 189 191
0.199060 0.492656 -0.875939 152 189 18
0.431941 0.478169 0.757610 183 189 225
-0.832482 0.479320 -0.267581 21 189 93
0.790547 0.476749 -0.363169 229 189 81
-0.344932 0.486960 0.819191 84 189 231
-0.296172 0.482203 -0.829091 90 189 22
0.755476 0.467857 0.399156 226 189 180
-0.869912 0.492184 0.227284 19 189 156
0.473422 0.477432 -0.732771 188 189 34
0.146164 0.478186 0.861707 146 189 238
-0.687969 0.476752 -0.535199 39 189 59
0.885455 0.485755 -0.071420 239 189 119
-0.599742 0.481671 0.645481 51 189 209
0.006028 0.467055 -0.854573 128 189 16
0.603168 0.491673 0.667817 202 189 211
-0.868852 0.476721 -0.082431 16 189 117
0.697000 0.477040 -0.526613 217 189 60
-0.158176 0.476764 0.858861 107 189 238
-0.471215 0.484549 -0.752433 68 189 33
0.849898 0.481121 0.234910 235 189 157
-0.761362 0.466289 0.388629 28 189 178
0.314894 0.491124 -0.843738 167 189 23
0.327456 0.476035 0.809424 169 189 231
-0.788174 0.475881 -0.375631 26 189 79
0.836716 0.476781 -0.255977 235 189 95
-0.450292 0.483343 0.764526 71 188 224
-0.183385 0.480554 -0.863130 104 188 18
0.696037 0.465560 0.496713 219 188 193
-0.894536 0.490536 0.109509 16 188 141
0.567683 0.475373 -0.664006 200 188 42
0.029904 0.474714 0.872107 131 188 239
-0.614006 0.476803 -0.625775 49 188 48
0.885495 0.482141 0.047207 239 188 133
-0.681921 0.479966 0.560946 41 188 199
0.120048 0.464868 -0.846984 143 188 17
0.509798 0.489909 0.743842 191 188 220
-0.851392 0.474735 -0.197854 18 188 102
0.759725 0.473538 -0.428250 225 188 72
-0.272874 0.476825 0.834946 93 188 234
-0.366022 0.480943 -0.807115 81 188 25
0.812625 0.479358 0.346844 231 188 171
-0.807382 0.464214 0.283983 22 188 165
0.425382 0.489244 -0.795692 180 188 29
0.216958 0.474119 0.847269 155 188 236
-0.729776 0.472357 -0.476549 34 188 66
0.868428 0.476846 -0.142949 238 188 109
-0.547255 0.479753 0.696428 58 188 216
-0.066777 0.478727 -0.881541 119 188 16
0.624506 0.463597 0.585955 209 188 204
-0.902615 0.488541 -0.010770 15 188 126
0.652331 0.473524 -0.583427 211 188 53
-0.086501 0.471172 0.866754 116 188 239
-0.528147 0.476864 -0.706166 60 188 38
0.869788 0.478572 0.164579 238 188 148
-0.751948 0.478074 0.465820 32 188 187
0.232317 0.463019 -0.824825 158 188 20
0.406621 0.487800 0.806299 178 188 228
-0.818988 0.472949 -0.310217 23 188 88
0.808568 0.469985 -0.322529 232 188 86
-0.383998 0.476875 0.795711 79 188 229
-0.254697 0.477402 -0.847285 95 188 20
0.760338 0.477397 0.452835 224 188 185
-0.839683 0.462477 0.174126 18 188 150
0.528298 0.487023 -0.732710 193 188 36
0.102250 0.472392 0.870422 141 188 239
-0.658492 0.468799 -0.568552 43 188 54
0.884828 0.476878 -0.026020 240 188 124
-0.634199 0.476245 0.616228 47 188 206
0.051445 0.476696 -0.883859 134 188 15
0.541985 0.461974 0.665461 198 188 215
-0.893949 0.486211 -0.131157 16 188 111
0.725879 0.471852 -0.492300 220 188 64
-0.200932 0.467616 0.845901 102 188 237
-0.431729 0.476869 -0.774708 73 188 29
0.838760 0.475102 0.278656 234 188 163
-0.808398 0.475969 0.361860 25 188 173
0.341063 0.461507 -0.788405 172 188 24
0.295680 0.485364 0.853923 164 188 234
-0.772066 0.471328 -0.417607 29 188 74
0.842784 0.466438 -0.211434 236 188 100
-0.489437 0.476848 0.741585 66 188 221
-0.139232 0.473976 -0.872384 110 188 17
0.693954 0.475217 0.550807 216 188 197
-0.857702 0.461077 0.060765 15 188 135
0.621587 0.484483 -0.656039 205 188 46
-0.014767 0.470817 0.878369 126 188 240
-0.575732 0.465266 -0.650080 53 188 43
0.885322 0.476811 0.092718 239 188 139
-0.709714 0.472867 0.525421 37 188 194
0.169010 0.474439 -0.869953 149 188 17
0.449719 0.460683 0.733931 186 188 223
-0.868714 0.483570 -0.249259 19 188 96
0.786981 0.470318 -0.392075 228 188 77
-0.311369 0.464103 0.810078 87 188 232
-0.326354 0.476757 -0.829899 86 188 23
0.793081 0.471778 0.387510 229 188 177
-0.850117 0.473635 0.251033 20 188 159
0.444549 0.460324 -0.738210 186 188 31
0.179184 0.482626 0.885785 150 188 238
-0.711290 0.469830 -0.518146 37 188 61
0.861920 0.462952 -0.096991 239 188 115
-0.587103 0.476683 0.673309 54 188 212
-0.021633 0.470709 -0.882108 125 188 15
0.614700 0.472805 0.638832 206 187 209
-0.861055 0.459999 -0.054334 15 187 120
0.703425 0.481653 -0.567219 215 187 57
-0.132107 0.469350 0.870824 111 187 239
-0.483073 0.461814 -0.719809 65 187 34
0.869613 0.476587 0.211052 237 187 154
-0.772610 0.469662 0.425634 29 187 182
0.283639 0.471949 -0.840040 164 187 21
0.349093 0.459706 0.790192 173 187 230
-0.827451 0.480652 -0.362757 24 187 82
0.834454 0.468877 -0.284388 234 187 91
-0.415925 0.460691 0.760071 73 187 226
-0.213868 0.476467 -0.870457 101 187 18
0.733631 0.468637 0.489341 221 187 190
-0.876261 0.471067 0.135471 16 187 145
0.541083 0.459446 -0.674915 198 187 40
0.059437 0.479624 0.901313 135 187 240
-0.637568 0.468409 -0.610016 46 187 50
0.865803 0.459586 0.018781 240 187 130
-0.674998 0.476323 0.591949 43 187 202
0.096108 0.467636 -0.876404 140 187 16
0.524091 0.470160 0.715187 194 187 218
-0.849540 0.459215 -0.169349 17 187 105
0.772257 0.478572 -0.468037 224 187 69
-0.247726 0.467943 0.847749 96 187 236
-0.382215 0.458500 -0.776661 78 187 26
0.837736 0.476151 0.326699 232 187 168
-0.821916 0.466660 0.318594 22 187 168
0.393107 0.469228 -0.794683 177 187 26
0.241627 0.459013 0.833206 159 187 236
-0.771042 0.477498 -0.469461 31 187 69
0.867312 0.467479 -0.171047 238 187 106
-0.512870 0.457435 0.696879 61 187 218
-0.096333 0.475950 -0.895362 115 187 15
0.661480 0.465709 0.582494 212 187 202
-0.886317 0.468272 0.017411 15 187 130
0.629026 0.458839 -0.599382 209 187 50
-0.061221 0.476403 0.900296 120 187 240
-0.552055 0.467014 -0.691495 57 187 39
0.854519 0.456393 0.133901 239 187 145
-0.751262 0.475719 0.498883 34 187 190
0.212037 0.464783 -0.855444 155 187 18
0.423886 0.467292 0.778398 181 187 227
-0.823153 0.458690 -0.282418 21 187 91
0.826835 0.475290 -0.360471 231 187 82
-0.359550 0.466547 0.809376 82 187 231
-0.274937 0.455375 -0.819800 92 187 21
0.790074 0.475457 0.437365 226 187 182
-0.856876 0.463884 0.206104 18 187 154
0.495303 0.466290 -0.734778 191 187 34
0.128978 0.458565 0.862092 144 187 239
-0.700670 0.474160 -0.567368 40 187 56
0.884801 0.466075 -0.054014 240 187 121
-0.600654 0.454384 0.621683 49 187 209
0.024019 0.475162 -0.903908 130 187 15
0.577868 0.463011 0.665462 202 187 213
-0.880121 0.465266 -0.100863 15 187 115
0.706812 0.458461 -0.512673 219 187 61
-0.180477 0.473015 0.882874 105 187 238
-0.456154 0.465596 -0.761000 69 187 31
0.828390 0.453420 0.246461 236 187 160
-0.814242 0.474833 0.395788 26 187 177
0.324250 0.462164 -0.819619 169 187 22
0.316040 0.464221 0.827281 168 187 233
-0.782103 0.458377 -0.391644 27 187 77
0.866231 0.471858 -0.246629 236 187 97
-0.465512 0.465110 0.756226 68 187 224
-0.163066 0.452486 -0.848629 106 187 17
0.727372 0.474469 0.540801 218 187 195
-0.876947 0.461344 0.090027 15 187 139
0.588286 0.463158 -0.661523 203 187 43
0.012936 0.458310 0.876145 129 187 240
-0.617781 0.470691 -0.654700 50 187 45
0.886428 0.464614 0.064623 240 187 136
-0.677905 0.451582 0.535811 39 187 198
0.144839 0.474070 -0.895733 146 187 16
0.484183 0.460550 0.736900 190 187 222
-0.857858 0.462076 -0.217083 18 187 100
0.772971 0.458259 -0.416055 227 187 74
-0.296102 0.469516 0.849515 90 186 234
-0.351504 0.464107 -0.817124 83 186 24
0.787949 0.450709 0.354643 231 186 174
-0.862541 0.473634 0.284598 20 186 163
0.430908 0.459783 -0.769527 183 186 29
0.202651 0.460978 0.860969 153 186 238
-0.726833 0.458222 -0.495121 34 186 64
0.889848 0.468334 -0.128695 239 186 111
-0.563598 0.463586 0.689113 56 186 215
-0.048446 0.449870 -0.862775 121 186 15
0.650722 0.473162 0.634877 208 186 206
-0.881799 0.459041 -0.027737 14 186 124
0.670334 0.459866 -0.576387 213 186 54
-0.104587 0.458195 0.874865 114 186 240
-0.524030 0.467149 -0.729934 62 186 36
0.871992 0.463051 0.182688 238 186 151
-0.743439 0.449064 0.440712 30 186 185
0.263723 0.472653 -0.870843 160 186 19
0.381951 0.458324 0.795625 176 186 230
-0.820046 0.458740 -0.329054 22 186 85
0.826162 0.458177 -0.311003 233 186 88
-0.406000 0.465962 0.800988 76 186 228
-0.239958 0.462500 -0.858684 97 186 18
0.733918 0.448292 0.456732 224 186 187
-0.895071 0.472107 0.167466 16 186 148
0.530253 0.457631 -0.705966 195 186 37
0.085899 0.457602 0.878925 139 186 240
-0.658035 0.458165 -0.590957 43 186 52
0.897407 0.464775 -0.008871 241 186 126
-0.651896 0.461932 0.609151 45 186 205
0.067077 0.447556 -0.862072 136 186 15
0.561551 0.471523 0.717640 197 186 217
-0.871313 0.456962 -0.145256 16 186 109
0.739980 0.456455 -0.481055 222 186 66
-0.221575 0.458158 0.857989 99 186 237
-0.421233 0.463591 -0.791823 74 186 28
0.841609 0.461345 0.297959 234 186 165
-0.796251 0.446855 0.337931 23 186 172
0.378278 0.470903 -0.829623 174 186 24
0.272828 0.456315 0.840629 162 186 235
-0.767512 0.455300 -0.434711 29 186 72
0.865206 0.458152 -0.199199 238 186 102
-0.508240 0.462412 0.738325 63 186 221
-0.123556 0.460738 -0.884761 112 186 15
0.667190 0.446190 0.551121 215 186 200
-0.911087 0.470245 0.046702 14 186 133
0.620616 0.455691 -0.629927 207 186 47
-0.032013 0.454139 0.880943 123 186 241
-0.576664 0.458145 -0.677312 54 186 41
0.888937 0.461238 0.110671 240 186 142
-0.728648 0.460111 0.517738 35 186 193
0.181675 0.445561 -0.846556 151 186 17
0.461583 0.469551 0.787377 185 186 225
-0.845588 0.455087 -0.260585 19 186 94
0.796041 0.452974 -0.377384 230 186 79
-0.335934 0.458136 0.825516 85 186 233
-0.311318 0.460073 -0.839396 88 186 21
0.795721 0.459462 0.408222 228 186 179
-0.835516 0.444969 0.229096 18 186 157
0.486195 0.468821 -0.772832 188 186 31
0.158585 0.454502 0.871088 148 186 239
-0.701359 0.451807 -0.532164 37 186 59
0.889128 0.458121 -0.082519 240 186 117
-0.601086 0.458919 0.662780 51 186 212
-0.004480 0.458790 -0.894737 127 186 14
0.588810 0.444413 0.636322 205 186 211
-0.910215 0.468055 -0.075292 14 186 118
0.700436 0.453935 -0.542600 217 186 58
-0.148911 0.450640 0.867136 108 186 239
-0.483950 0.458098 -0.752441 66 186 32
0.864748 0.457776 0.227826 237 186 156
-0.792302 0.458094 0.416542 27 186 180
0.293542 0.443893 -0.816450 166 186 21
0.352788 0.467255 0.842664 171 186 232
-0.804950 0.453385 -0.371782 24 186 80
0.837628 0.449475 -0.267345 236 186 93
-0.445528 0.458065 0.777738 71 186 226
-0.196280 0.456647 -0.871964 103 186 17
0.735108 0.457375 0.511329 221 185 192
-0.860582 0.443408 0.115903 15 185 143
0.585309 0.466422 -0.701579 200 185 40
0.041101 0.452850 0.886382 133 185 241
-0.622922 0.448315 -0.619731 47 185 47
0.897201 0.458020 0.036987 241 185 132
-0.683013 0.455533 0.575794 41 185 201
0.114998 0.456631 -0.888324 142 185 15
0.499970 0.442959 0.710962 193 185 220
-0.892463 0.465556 -0.196085 17 185 103
0.768281 0.452329 -0.445366 226 185 71
-0.262703 0.447160 0.837916 94 185 236
-0.381393 0.457961 -0.814743 79 185 25
0.825406 0.454436 0.340592 233 185 171
-0.841562 0.455863 0.307460 21 185 166
0.400905 0.442545 -0.772161 180 185 27
0.237330 0.464659 0.882404 157 185 237
-0.749957 0.451819 -0.476926 32 185 67
0.864150 0.446014 -0.152970 239 185 108
-0.548230 0.457886 0.715259 58 185 218
-0.078144 0.453357 -0.889101 118 185 14
0.660870 0.455069 0.605255 211 185 204
-0.870977 0.442164 0.000112 14 185 128
0.673665 0.463731 -0.617291 211 185 51
-0.077652 0.451320 0.886111 118 185 241
-0.533723 0.444878 -0.695962 58 185 37
0.888983 0.457792 0.157131 239 185 147
-0.752717 0.452297 0.478953 32 185 189
0.232567 0.454251 -0.865580 157 185 18
0.402004 0.441816 0.773791 180 185 228
-0.858210 0.462775 -0.313292 21 185 88
0.822874 0.450830 -0.339794 233 185 84
-0.371417 0.443754 0.793963 79 185 231
-0.270752 0.457677 -0.862812 93 185 19
0.771706 0.451258 0.447087 226 185 185
-0.875427 0.453407 0.192578 16 185 152
0.502031 0.441500 -0.714283 193 185 34
0.117503 0.461792 0.905854 142 185 240
-0.681414 0.450346 -0.574147 40 185 54
0.875303 0.442645 -0.036309 241 185 123
-0.641968 0.457540 0.639007 47 185 208
0.041069 0.450241 -0.890640 133 185 14
0.574412 0.452539 0.688158 200 185 215
-0.866406 0.441214 -0.116460 15 185 112
0.749562 0.460784 -0.521669 221 185 62
-0.195630 0.449867 0.870119 103 185 239
-0.435428 0.441552 -0.759654 71 185 29
0.864354 0.457380 0.275630 236 185 162
-0.809114 0.449246 0.373957 24 185 175
0.345945 0.451647 -0.826917 171 185 22
0.296386 0.440958 0.823696 166 185 235
-0.808196 0.459752 -0.424633 27 185 75
0.863124 0.449392 -0.227635 238 185 98
-0.473231 0.440476 0.736191 66 185 223
-0.154017 0.457193 -0.895490 108 185 15
0.704643 0.448275 0.545571 218 185 197
-0.893223 0.450730 0.074117 14 185 137
0.595234 0.440730 -0.643596 205 185 44
-0.004335 0.458697 0.912635 127 185 241
-0.600373 0.448919 -0.661653 51 185 43
0.871058 0.439421 0.080617 241 185 138
-0.724789 0.456979 0.550236 37 185 196
0.159365 0.447327 -0.876649 148 185 15
0.477404 0.449790 0.758426 188 185 224
-0.846772 0.440529 -0.231948 18 185 97
0.811596 0.457622 -0.416629 229 185 75
-0.310745 0.448445 0.838512 88 185 234
-0.329801 0.438387 -0.809850 85 185 22
0.823538 0.456737 0.390160 231 185 176
-0.851339 0.446404 0.262597 19 185 161
0.452940 0.448827 -0.773089 185 185 29
0.184728 0.440352 0.859707 151 185 239
-0.743483 0.456530 -0.527992 35 185 61
0.888154 0.447969 -0.110805 241 185 113
-0.566493 0.437377 0.665712 54 185 214
-0.033372 0.456464 -0.911913 123 185 14
0.625393 0.445506 0.634450 208 185 209
-0.894625 0.447842 -0.045628 14 185 122
0.678893 0.440198 -0.561082 215 185 55
-0.125829 0.455420 0.902727 112 184 240
-0.508139 0.447489 -0.737773 63 184 34
0.851631 0.436391 0.195843 239 184 153
-0.794921 0.456161 0.450505 28 184 184
0.274793 0.444634 -0.847424 163 184 19
0.371739 0.446837 0.814727 175 184 231
-0.812182 0.440065 -0.344446 22 184 83
0.858679 0.454296 -0.304251 235 184 89
-0.420897 0.447003 0.791683 74 184 228
-0.218669 0.435431 -0.845839 99 184 17
0.767121 0.455825 0.498419 223 184 190
-0.878744 0.443787 0.146727 15 184 146
0.551504 0.445811 -0.705173 198 184 38
0.068779 0.439952 0.881026 136 184 241
-0.665416 0.453160 -0.621464 44 184 50
0.897341 0.446511 0.008640 242 184 129
-0.649734 0.434500 0.583804 43 184 204
0.088852 0.455456 -0.911553 139 184 14
0.535289 0.442965 0.712289 196 184 219
-0.879659 0.444767 -0.164349 15 184 107
0.751473 0.439856 -0.467924 224 184 67
-0.244682 0.452014 0.876457 97 184 237
-0.406263 0.446009 -0.800996 76 184 26
0.817466 0.433597 0.307489 234 184 168
-0.850824 0.455053 0.341658 22 184 170
0.385464 0.442168 -0.803471 177 184 25
0.259479 0.443705 0.856035 161 184 237
-0.762974 0.439776 -0.452028 29 184 69
0.890056 0.450859 -0.186711 239 184 104
-0.524020 0.445497 0.730316 61 184 220
-0.103889 0.432724 -0.867138 114 184 14
0.696051 0.454615 0.598189 214 184 202
-0.890896 0.441397 0.028252 13 184 131
0.639792 0.442627 -0.624534 209 184 48
-0.049581 0.439709 0.887048 121 184 242
-0.575576 0.449698 -0.703390 55 184 39
0.890342 0.444972 0.128534 241 184 144
-0.721670 0.431882 0.491875 33 184 192
0.210241 0.454142 -0.894245 154 184 16
0.435811 0.440650 0.777814 183 184 227
-0.848697 0.441535 -0.279789 19 184 92
0.811551 0.439652 -0.365517 232 184 81
-0.358710 0.448533 0.834467 82 184 233
-0.296522 0.444434 -0.850018 90 184 20
0.769206 0.431073 0.413773 228 184 182
-0.891252 0.453634 0.225777 17 184 156
0.489561 0.439928 -0.745502 190 184 32
0.142795 0.440429 0.881655 146 184 240
-0.699727 0.439605 -0.552767 38 184 57
0.905300 0.447365 -0.066233 242 184 119
-0.618124 0.443881 0.655401 49 184 211
0.012672 0.430296 -0.873485 129 184 13
0.611620 0.453090 0.687406 204 184 213
-0.887573 0.439229 -0.090887 14 184 116
0.716199 0.439313 -0.532780 219 184 59
-0.168359 0.439564 0.877390 106 184 240
-0.475731 0.446198 -0.772382 68 184 30
0.867127 0.443312 0.246643 238 184 159
-0.781202 0.429553 0.391444 25 184 179
0.328364 0.452511 -0.860204 168 184 21
0.328572 0.438553 0.829922 170 184 234
-0.802437 0.438186 -0.389795 25 184 77
0.857854 0.439528 -0.255467 237 184 95
-0.465881 0.445032 0.777681 69 184 226
-0.180898 0.442725 -0.883781 105 184 15
0.707673 0.428844 0.513021 220 184 195
-0.915291 0.451895 0.105132 14 184 141
0.585352 0.437899 -0.674431 203 184 41
0.023911 0.437051 0.891227 131 184 242
-0.623284 0.439493 -0.644775 48 184 45
0.904299 0.443870 0.054972 242 184 134
-0.701356 0.442120 0.568222 39 184 200
0.129159 0.428169 -0.864823 144 184 14
0.515437 0.451245 0.764224 192 184 222
-0.868773 0.437266 -0.208730 16 184 101
0.779398 0.435911 -0.431716 228 184 72
-0.285469 0.439459 0.851927 91 184 236
-0.367780 0.442714 -0.827331 81 184 23
0.827990 0.441494 0.360721 233 183 173
-0.827412 0.427529 0.284117 19 183 165
0.440840 0.450559 -0.810027 182 183 27
0.215309 0.436653 0.867692 155 183 239
-0.741870 0.434766 -0.492372 32 183 64
0.889296 0.439422 -0.139584 241 183 110
-0.564350 0.441566 0.707269 56 183 217
-0.061536 0.440848 -0.901518 120 183 13
0.633853 0.426924 0.603672 210 183 207
-0.922390 0.449838 -0.017883 13 183 125
0.671207 0.436059 -0.591365 213 183 52
-0.094958 0.433619 0.884720 115 183 241
-0.534762 0.439381 -0.726235 60 183 35
0.887240 0.440427 0.174741 240 183 150
-0.772045 0.440181 0.470343 30 183 187
0.243736 0.426354 -0.841287 159 183 17
0.409388 0.449083 0.827063 178 183 230
-0.834717 0.435483 -0.323309 21 183 86
0.828354 0.432471 -0.323286 234 183 86
-0.398765 0.439332 0.810814 77 183 230
-0.253713 0.439299 -0.867411 95 183 17
0.773564 0.439491 0.468558 226 183 187
-0.859559 0.425818 0.171576 15 183 150
0.545407 0.448295 -0.744676 195 183 35
0.097874 0.434922 0.890400 140 183 242
-0.668243 0.431325 -0.585722 41 183 52
0.905021 0.439275 -0.019864 242 183 125
-0.652478 0.438184 0.624602 45 183 207
0.059301 0.438778 -0.902783 135 183 13
0.548882 0.425317 0.684283 199 183 217
-0.912380 0.447475 -0.140815 14 183 110
0.745615 0.434377 -0.497612 223 183 64
-0.211658 0.430182 0.862416 100 183 239
-0.435553 0.439206 -0.795455 72 183 27
0.854578 0.437083 0.291001 236 183 164
-0.828757 0.438042 0.363583 22 183 174
0.354595 0.424849 -0.803204 174 183 23
0.295579 0.446623 0.874661 164 183 236
-0.785859 0.433845 -0.432670 27 183 72
0.862332 0.429045 -0.209519 239 183 100
-0.506085 0.439124 0.754516 64 183 223
-0.135564 0.435998 -0.892070 110 183 14
0.704816 0.437283 0.568043 217 183 200
-0.877081 0.424415 0.055571 13 183 135
0.639987 0.445741 -0.665453 207 183 45
-0.021781 0.433325 0.897535 125 183 242
-0.583012 0.427915 -0.668271 52 183 41
0.904446 0.439027 0.101541 242 183 140
-0.728843 0.434930 0.531219 35 183 195
0.179288 0.436499 -0.887474 150 183 15
0.454040 0.424013 0.753533 187 183 226
-0.885477 0.444830 -0.261227 17 183 95
0.807208 0.432815 -0.394670 231 183 77
-0.324136 0.426795 0.824880 85 183 234
-0.327318 0.438912 -0.850918 86 183 20
0.807012 0.433880 0.401796 230 183 179
-0.870341 0.435692 0.249968 17 183 159
0.459964 0.423643 -0.751083 188 183 30
0.176275 0.443891 0.906103 149 183 240
-0.722896 0.432314 -0.534893 35 183 59
0.880895 0.425686 -0.092483 242 183 116
-0.605301 0.438778 0.683822 51 183 214
-0.015379 0.432850 -0.901022 126 183 13
0.623029 0.434861 0.657223 207 183 211
-0.879593 0.423304 -0.062089 13 183 119
0.722738 0.442925 -0.573956 218 183 56
-0.141622 0.431820 0.888821 109 183 241
-0.487798 0.424590 -0.738689 64 183 32
0.887296 0.438624 0.222359 239 183 155
-0.792249 0.431840 0.428787 26 183 182
0.296100 0.434006 -0.855844 165 183 19
0.350752 0.422994 0.810230 173 183 233
-0.842264 0.441935 -0.376759 23 183 81
0.854792 0.431331 -0.284226 237 183 91
-0.430479 0.423510 0.772932 72 183 228
-0.211965 0.438446 -0.891331 101 183 16
0.745457 0.430852 0.505298 223 183 192
-0.895962 0.433127 0.131687 14 183 144
0.558115 0.422713 -0.685625 200 182 38
0.053835 0.440922 0.920838 134 182 242
-0.646776 0.430846 -0.628127 45 182 47
0.883887 0.422446 0.025765 242 182 131
-0.694378 0.438245 0.599848 40 182 203
0.104813 0.429885 -0.894226 141 182 13
0.529773 0.432225 0.734358 195 182 221
-0.866903 0.422459 -0.179539 15 182 104
0.792103 0.439887 -0.472029 226 182 69
-0.259553 0.430363 0.864243 94 182 238
-0.384339 0.421401 -0.795896 77 182 24
0.853637 0.438017 0.340252 234 182 170
-0.841720 0.428942 0.319075 20 182 168
0.407470 0.431301 -0.808500 179 182 25
0.240580 0.422231 0.853324 159 182 238
-0.783670 0.438832 -0.485193 30 182 67
0.887376 0.429880 -0.168143 241 182 106
-0.528940 0.420376 0.707606 59 182 220
-0.091621 0.437762 -0.915679 116 182 13
0.671017 0.428023 0.599830 213 182 204
-0.905128 0.430354 0.011032 12 182 129
0.647375 0.422027 -0.607725 211 182 49
-0.069353 0.437759 0.918683 119 182 242
-0.558702 0.429395 -0.710620 56 182 37
0.871416 0.419373 0.143211 241 182 146
-0.771432 0.437479 0.504033 31 182 190
0.223021 0.427127 -0.871876 156 182 16
0.426863 0.429387 0.797969 182 182 229
-0.839020 0.421845 -0.294870 19 182 89
0.846834 0.436671 -0.361702 233 182 82
-0.373452 0.428907 0.824060 80 182 232
-0.274457 0.418393 -0.839060 92 182 18
0.803894 0.437166 0.452876 228 182 184
-0.876500 0.426255 0.203926 15 182 154
0.511258 0.428399 -0.746384 193 182 32
0.125231 0.421684 0.881922 144 182 242
-0.710929 0.435567 -0.584502 38 182 54
0.904208 0.428414 -0.048437 243 182 121
-0.617950 0.417439 0.630118 47 182 210
0.031422 0.436823 -0.923271 131 182 12
0.584967 0.425408 0.683867 202 182 215
-0.897705 0.427392 -0.109663 13 182 114
0.726150 0.421542 -0.518484 221 182 61
-0.190936 0.434452 0.899809 104 182 240
-0.460127 0.427915 -0.780766 69 182 28
0.843827 0.416510 0.257916 238 182 161
-0.834794 0.436448 0.398113 23 182 177
0.337304 0.424585 -0.834384 171 182 21
0.316313 0.426367 0.846876 168 182 236
-0.796175 0.421417 -0.406141 25 182 75
0.886016 0.433326 -0.245138 239 182 97
-0.481208 0.427407 0.768829 66 182 225
-0.160013 0.415609 -0.867590 107 182 14
0.738859 0.436040 0.557941 220 182 197
-0.896050 0.423786 0.085244 13 182 138
0.605501 0.425325 -0.670747 205 182 42
0.006545 0.421307 0.895320 128 182 243
-0.625535 0.432192 -0.672895 49 182 43
0.904808 0.426890 0.072747 243 182 137
-0.696125 0.414737 0.541831 36 182 198
0.154753 0.435600 -0.913769 147 182 14
0.488733 0.423012 0.756044 190 182 224
-0.873912 0.424267 -0.228089 16 182 98
0.792943 0.421210 -0.419213 230 182 74
-0.308651 0.431051 0.864724 89 182 236
-0.352745 0.426361 -0.837145 83 182 21
0.801677 0.413894 0.368032 232 182 176
-0.883063 0.435125 0.284089 18 182 163
0.445794 0.422261 -0.782375 185 182 27
0.200271 0.423194 0.880222 153 182 240
-0.738837 0.421124 -0.511402 33 182 62
0.909067 0.429906 -0.124565 242 182 112
-0.580771 0.425820 0.699407 54 182 216
-0.042891 0.413082 -0.881117 122 182 12
0.659680 0.434617 0.653285 210 182 209
-0.900046 0.421534 -0.035028 12 182 123
0.688464 0.422109 -0.583107 216 182 53
-0.113515 0.421048 0.893021 113 182 242
-0.529191 0.428758 -0.748843 61 182 33
0.888999 0.425264 0.193179 240 181 152
-0.762270 0.412301 0.444230 28 181 186
0.275917 0.434075 -0.887215 162 181 17
0.383883 0.420829 0.815167 177 181 232
-0.834306 0.421013 -0.342017 21 181 84
0.846393 0.420978 -0.311436 236 181 88
-0.420371 0.427610 0.814233 74 181 230
-0.238470 0.424693 -0.878568 97 181 16
0.745714 0.411552 0.471819 225 181 189
-0.915158 0.433499 0.164174 14 181 148
0.546699 0.420146 -0.716674 198 181 36
0.080965 0.419907 0.897490 138 181 243
-0.667734 0.420912 -0.608719 42 181 50
0.915730 0.426463 -0.002227 243 181 127
-0.670196 0.424106 0.616958 42 181 206
0.075031 0.410835 -0.879489 137 181 12
0.567844 0.432888 0.736934 198 181 219
-0.888382 0.419485 -0.154916 14 181 108
0.758674 0.418793 -0.485202 225 181 65
-0.232879 0.420850 0.874776 98 181 239
-0.423760 0.425320 -0.811096 74 181 25
0.856924 0.423501 0.310588 236 181 167
-0.815372 0.410152 0.338896 21 181 172
0.392475 0.432243 -0.844036 176 181 23
0.272116 0.418844 0.860218 162 181 238
-0.779756 0.417672 -0.449355 27 181 70
0.885310 0.420787 -0.196891 240 181 102
-0.524146 0.424181 0.749410 61 181 222
-0.119397 0.422878 -0.904122 112 181 13
0.676858 0.409501 0.567647 216 181 202
-0.930352 0.431564 0.040739 12 181 133
0.638321 0.418223 -0.638312 209 181 46
-0.039358 0.416548 0.898498 122 181 243
-0.583867 0.420723 -0.696219 53 181 39
0.906057 0.423049 0.119666 242 181 143
-0.747705 0.422234 0.522937 33 181 194
0.191888 0.408884 -0.862753 153 181 15
0.465133 0.430853 0.807163 185 181 228
-0.861175 0.417620 -0.272433 17 181 93
0.814951 0.415420 -0.378935 232 181 79
-0.349400 0.420655 0.840608 83 181 234
-0.311213 0.421926 -0.858690 88 181 19
0.809068 0.421571 0.422716 230 181 181
-0.854600 0.408300 0.227494 16 181 157
0.502081 0.430108 -0.785041 190 181 30
0.155248 0.417034 0.890368 147 181 242
-0.711408 0.414292 -0.548193 36 181 57
0.908716 0.420580 -0.077510 243 181 118
-0.618223 0.420814 0.671549 49 181 213
0.002234 0.420886 -0.913205 128 181 12
0.596184 0.407749 0.654003 206 181 213
-0.928300 0.429331 -0.083759 12 181 117
0.719075 0.416464 -0.548513 220 181 57
-0.158489 0.413164 0.883388 107 181 241
-0.488514 0.420498 -0.772126 66 181 30
0.880388 0.419713 0.238978 239 181 158
-0.811735 0.420180 0.419066 25 181 181
0.305841 0.407232 -0.831147 168 181 19
0.353580 0.428523 0.862549 171 181 235
-0.818773 0.415909 -0.385597 23 181 78
0.856415 0.412040 -0.266324 238 181 93
-0.460896 0.420405 0.790839 69 181 228
-0.193587 0.418625 -0.890942 103 181 14
0.746254 0.419451 0.527378 222 181 194
-0.879302 0.406746 0.111758 13 181 142
0.602544 0.427685 -0.711391 202 181 39
0.035207 0.415366 0.905001 132 181 243
-0.630641 0.410920 -0.636834 46 181 45
0.915889 0.420300 0.044597 243 181 133
-0.701066 0.417552 0.582130 38 181 202
0.124097 0.418700 -0.905551 143 181 13
0.504919 0.406293 0.729494 193 181 223
-0.909042 0.426817 -0.206842 14 181 102
0.787509 0.414836 -0.448704 228 181 70
-0.274304 0.409808 0.852605 92 181 238
-0.383232 0.420180 -0.834819 79 181 22
0.839316 0.416496 0.353675 234 181 173
-0.860986 0.417926 0.307302 18 181 166
0.415081 0.405871 -0.785100 182 180 25
0.235406 0.425922 0.902003 157 180 240
-0.761765 0.414316 -0.492447 30 180 65
0.882487 0.408703 -0.149441 242 180 108
-0.565192 0.420045 0.726116 56 180 219
-0.072945 0.415456 -0.907442 118 180 12
0.669635 0.417129 0.622523 212 180 206
-0.889002 0.405480 -0.006512 11 180 127
0.691890 0.424999 -0.624569 214 180 50
-0.085988 0.413804 0.903723 117 180 243
-0.539020 0.407609 -0.713824 58 180 35
0.906406 0.419891 0.167187 242 180 149
-0.771361 0.414435 0.482777 29 180 189
0.243835 0.416309 -0.881254 158 180 16
0.404432 0.405118 0.792853 180 180 231
-0.873000 0.424051 -0.326085 19 180 87
0.842330 0.413299 -0.340502 235 180 84
-0.384807 0.406528 0.806860 78 180 232
-0.269838 0.419718 -0.882882 94 180 17
0.783668 0.413433 0.461853 227 180 186
-0.894466 0.415466 0.189788 14 180 152
0.517842 0.404785 -0.725227 195 180 33
0.112959 0.423079 0.924802 142 180 243
-0.690989 0.412800 -0.591077 39 180 52
0.892882 0.405460 -0.030374 244 180 124
-0.660183 0.419523 0.647415 45 180 209
0.048656 0.412452 -0.908033 134 180 12
0.580668 0.414601 0.706288 201 180 217
-0.883415 0.404480 -0.125457 13 180 111
0.768412 0.422084 -0.526330 223 180 62
-0.206243 0.412305 0.886396 101 180 241
-0.438248 0.404408 -0.777956 70 180 26
0.880172 0.419306 0.287919 238 180 164
-0.828021 0.411492 0.375231 22 180 175
0.359125 0.413714 -0.840764 173 180 21
0.296236 0.404200 0.842950 166 180 237
-0.820957 0.421068 -0.439177 25 180 73
0.882439 0.411812 -0.225708 240 180 99
-0.488153 0.403374 0.747103 64 180 225
-0.150385 0.419064 -0.915154 109 180 13
0.714470 0.410554 0.561746 219 180 199
-0.911518 0.412805 0.068799 12 180 136
0.612404 0.403946 -0.652340 207 180 43
-0.011357 0.420033 0.930591 126 180 244
-0.607543 0.411320 -0.679666 50 180 41
0.887589 0.402358 0.088824 243 180 139
-0.743887 0.418796 0.556043 34 180 197
0.169185 0.409638 -0.892803 149 180 13
0.481081 0.411874 0.777054 189 180 226
-0.862452 0.403714 -0.243168 16 180 96
0.830704 0.418980 -0.418645 231 180 75
-0.323422 0.410826 0.853151 86 180 236
-0.330129 0.401364 -0.828276 84 180 19
0.837449 0.418502 0.404421 232 180 178
-0.870180 0.408744 0.261321 16 180 161
0.467741 0.410924 -0.784880 187 180 28
0.181990 0.403505 0.878805 151 180 241
-0.754024 0.417911 -0.543977 33 180 59
0.906959 0.410330 -0.106292 243 180 114
-0.582676 0.400391 0.674478 51 180 216
-0.027118 0.418179 -0.930784 124 180 11
0.632932 0.407874 0.651744 209 180 211
-0.911842 0.409954 -0.053322 11 180 121
0.697118 0.403316 -0.567452 218 180 54
-0.135144 0.416828 0.919383 111 180 243
-0.512779 0.409829 -0.756519 62 180 31
0.866847 0.399442 0.206157 241 180 154
-0.814511 0.417827 0.453621 26 180 184
0.286660 0.407027 -0.862067 164 180 17
0.372819 0.408965 0.833489 175 180 234
-0.826239 0.403145 -0.357697 21 180 81
0.877689 0.415733 -0.303642 237 180 89
-0.435384 0.409323 0.804409 72 180 230
-0.216526 0.398517 -0.864076 99 180 15
0.778868 0.417445 0.514347 225 180 192
-0.897192 0.406204 0.142942 13 180 146
0.567612 0.407958 -0.714728 200 180 36
0.063488 0.402992 0.899616 136 180 244
-0.673593 0.414628 -0.638567 43 180 47
0.915277 0.408809 0.015636 244 179 129
-0.666892 0.397619 0.590297 40 179 205
0.097575 0.417032 -0.929264 140 179 12
0.540422 0.405404 0.730392 197 179 221
-0.895496 0.406935 -0.174225 13 179 105
0.770420 0.402853 -0.471790 227 179 67
-0.256070 0.413514 0.891537 95 179 239
-0.408300 0.408286 -0.820107 76 179 23
0.831123 0.396748 0.319718 236 179 169
-0.870512 0.416588 0.342052 19 179 170
0.399158 0.404626 -0.816356 179 179 23
0.257997 0.405897 0.874576 160 179 239
-0.775136 0.402727 -0.467073 28 179 67
0.908626 0.412394 -0.183547 242 179 104
-0.540022 0.407753 0.740897 59 179 222
-0.099331 0.395904 -0.884881 115 179 12
0.705426 0.416111 0.615446 215 179 204
-0.908628 0.403872 0.022037 11 179 130
0.656879 0.404844 -0.631721 211 179 47
-0.057339 0.402611 0.904777 120 179 244
-0.581292 0.411269 -0.721278 54 179 37
0.907067 0.407208 0.137857 243 179 145
-0.739508 0.395090 0.496002 31 179 192
0.221227 0.415602 -0.910459 155 179 14
0.438460 0.403140 0.796404 184 179 230
-0.862889 0.403779 -0.291616 17 179 90
0.830868 0.402505 -0.366793 234 179 80
-0.371923 0.410141 0.847733 81 179 234
-0.295938 0.406649 -0.869118 90 179 17
0.781083 0.394306 0.427699 230 179 183
-0.910645 0.415061 0.223480 14 179 155
0.504832 0.402431 -0.756410 192 179 31
0.138835 0.402703 0.899637 145 179 243
-0.709755 0.402406 -0.569331 37 179 55
0.923106 0.409012 -0.060622 244 179 120
-0.635317 0.406077 0.663650 47 179 212
0.019557 0.393551 -0.890438 130 179 11
0.618473 0.414487 0.705631 204 179 215
-0.904278 0.401742 -0.099414 12 179 115
0.733929 0.401617 -0.537519 222 179 59
-0.178449 0.402312 0.893920 105 179 242
-0.478934 0.407884 -0.790721 67 179 28
0.882325 0.405489 0.258090 239 179 160
-0.799417 0.392828 0.393144 23 179 179
0.341359 0.413880 -0.874623 170 179 19
0.328698 0.401074 0.848667 170 179 236
-0.814760 0.400524 -0.403314 23 179 76
0.877173 0.402221 -0.254118 240 179 95
-0.480649 0.406759 0.788934 67 179 227
-0.177731 0.404884 -0.902498 105 179 13
0.717575 0.392136 0.528403 221 179 197
-0.934010 0.413240 0.100235 11 179 140
0.601923 0.400426 -0.683170 205 179 40
0.017596 0.399424 0.908333 130 179 244
-0.630978 0.402130 -0.662545 47 179 43
0.921042 0.405638 0.062883 244 179 135
-0.719389 0.404261 0.574003 36 179 200
0.138249 0.391476 -0.880699 146 179 12
0.519678 0.412568 0.783039 192 179 225
-0.884154 0.399796 -0.219408 14 179 99
0.797436 0.398319 -0.433972 230 179 72
-0.297702 0.402038 0.866933 90 179 238
-0.368461 0.404524 -0.845790 81 179 20
0.841383 0.403621 0.374042 234 179 175
-0.845694 0.390848 0.283366 17 179 165
0.455552 0.411865 -0.822400 184 179 25
0.212916 0.399184 0.886253 155 179 241
-0.752141 0.397211 -0.507304 31 179 62
0.908243 0.401943 -0.135630 243 179 110
-0.580386 0.403417 0.716348 54 179 218
-0.055881 0.402960 -0.919489 120 179 11
0.641613 0.390251 0.620247 211 179 209
-0.940081 0.411129 -0.025236 11 179 124
0.688775 0.398589 -0.597784 216 179 51
-0.103465 0.396102 0.900662 114 179 244
-0.539968 0.401843 -0.744869 59 179 33
0.902646 0.402320 0.184774 242 179 151
-0.790554 0.402280 0.473576 27 179 188
0.254875 0.389687 -0.855817 161 178 16
0.410983 0.410363 0.846089 179 178 233
-0.848496 0.398010 -0.335940 19 178 84
0.846371 0.394994 -0.323069 237 178 86
-0.412906 0.401735 0.824003 75 178 232
-0.251902 0.401233 -0.885666 96 178 15
0.784914 0.401579 0.483466 227 178 189
-0.877595 0.389153 0.168384 13 178 150
0.561515 0.409567 -0.754803 197 178 34
0.093010 0.397444 0.908437 139 178 244
-0.676319 0.393888 -0.601773 40 178 50
0.923226 0.401617 -0.013380 244 178 126
-0.669482 0.400159 0.631385 42 178 208
0.067298 0.400857 -0.919667 136 178 11
0.554363 0.388651 0.701769 200 178 219
-0.928720 0.408741 -0.150432 12 178 109
0.763854 0.396892 -0.501596 225 178 63
-0.222164 0.392786 0.876935 99 178 241
-0.438169 0.401488 -0.814587 72 178 24
0.868401 0.399099 0.302950 238 178 166
-0.847372 0.400114 0.364242 20 178 174
0.367595 0.388180 -0.816133 176 178 21
0.294552 0.407888 0.893525 164 178 239
-0.797785 0.396351 -0.447017 25 178 70
0.880012 0.391690 -0.206881 241 178 101
-0.521855 0.401346 0.765630 62 178 224
-0.131330 0.398054 -0.909809 111 178 12
0.713933 0.399349 0.584221 218 178 202
-0.894556 0.387738 0.049987 11 178 134
0.657150 0.407007 -0.673185 209 178 44
-0.029021 0.395821 0.914714 124 178 244
-0.588794 0.390603 -0.685140 51 178 39
0.921550 0.401189 0.110423 244 178 141
-0.746509 0.397026 0.535621 32 178 196
0.189432 0.398562 -0.902959 152 178 13
0.457139 0.387326 0.771627 187 178 228
-0.900179 0.406100 -0.272874 15 178 94
0.825777 0.395299 -0.396150 233 178 77
-0.336422 0.389524 0.837749 84 178 236
-0.327298 0.401015 -0.870168 86 178 18
0.819034 0.396014 0.415428 232 178 180
-0.888697 0.397753 0.248085 15 178 159
0.474605 0.386943 -0.762177 189 178 28
0.172703 0.405169 0.924448 149 178 243
-0.732751 0.394784 -0.550683 34 178 57
0.897938 0.388457 -0.087511 244 178 116
-0.622381 0.400823 0.692646 49 178 215
-0.008825 0.395021 -0.917945 126 178 10
0.629774 0.396922 0.674334 207 178 213
-0.896197 0.386586 -0.069977 11 178 118
0.740607 0.404214 -0.579198 220 178 55
-0.151095 0.394274 0.904823 108 178 243
-0.491223 0.387403 -0.756072 64 178 29
0.902964 0.400611 0.233452 241 178 157
-0.810264 0.394048 0.430760 24 178 182
0.308154 0.396070 -0.869655 167 178 17
0.351401 0.386257 0.828615 173 178 235
-0.855087 0.403237 -0.390170 21 178 79
0.873340 0.393769 -0.283182 239 178 91
-0.444306 0.386363 0.783955 70 178 229
-0.209324 0.400377 -0.910314 101 178 13
0.755492 0.393094 0.520360 224 178 194
-0.913708 0.395196 0.127346 11 178 144
0.574145 0.385953 -0.694677 202 178 37
0.047842 0.402240 0.938328 133 178 245
-0.654379 0.393267 -0.645056 44 178 45
0.900011 0.385340 0.032950 245 178 132
-0.712419 0.400120 0.606220 38 178 203
0.113550 0.392161 -0.910050 142 178 11
0.534061 0.394302 0.752054 195 178 223
-0.882334 0.385672 -0.189604 13 178 103
0.810324 0.401224 -0.474739 229 178 68
-0.271071 0.392765 0.878767 93 178 240
-0.385385 0.384335 -0.813489 77 178 22
0.867565 0.399838 0.353320 236 178 172
-0.859769 0.391249 0.318608 18 178 168
0.421166 0.393387 -0.820403 181 178 23
0.238754 0.385415 0.871670 158 178 241
-0.794417 0.400191 -0.500075 28 178 65
0.905549 0.392262 -0.164604 243 177 107
-0.544053 0.383349 0.716622 57 177 221
-0.086430 0.399532 -0.934019 117 177 11
0.678908 0.390359 0.616049 214 177 206
-0.921936 0.392453 0.004365 10 177 128
0.664512 0.385178 -0.614560 214 177 48
-0.077599 0.399142 0.935012 118 177 244
-0.563916 0.391757 -0.728360 56 177 35
0.886360 0.382384 0.152460 243 177 147
-0.790066 0.399198 0.507846 29 177 191
0.233771 0.389491 -0.886336 157 177 14
0.428664 0.391500 0.815898 182 177 231
-0.852989 0.384962 -0.306941 17 177 88
0.865062 0.398080 -0.361888 236 177 82
-0.386784 0.391249 0.836834 78 177 234
-0.273132 0.381441 -0.856564 92 177 16
0.815820 0.398837 0.467638 229 177 186
-0.894271 0.388645 0.201046 13 177 153
0.526299 0.390529 -0.756191 195 177 31
0.120948 0.384763 0.899893 143 177 244
-0.719448 0.397005 -0.600548 37 177 52
0.921657 0.390735 -0.042486 245 177 122
-0.634079 0.380521 0.636997 45 177 211
0.039032 0.398447 -0.940606 132 177 10
0.590591 0.387822 0.700952 203 177 217
-0.913275 0.389541 -0.118480 11 177 112
0.744084 0.384580 -0.522960 224 177 60
-0.201233 0.395920 0.914704 102 177 242
-0.462865 0.390215 -0.798968 69 177 26
0.857350 0.379626 0.269052 240 177 163
-0.853640 0.398028 0.399319 21 177 177
0.349869 0.387020 -0.847237 172 177 19
0.315644 0.388536 0.864694 168 177 238
-0.808414 0.384413 -0.420007 23 177 73
0.903918 0.394827 -0.242853 241 177 97
-0.496085 0.389686 0.779615 64 177 227
-0.156362 0.378756 -0.884710 107 177 12
0.748566 0.397580 0.574082 221 177 199
-0.913233 0.386241 0.080015 10 177 138
0.621575 0.387517 -0.678319 207 177 41
-0.000131 0.384257 0.912577 127 177 245
-0.631720 0.393726 -0.689788 48 177 41
0.921199 0.389148 0.080979 245 177 138
-0.712992 0.377913 0.546475 34 177 199
0.164600 0.397100 -0.929765 148 177 12
0.492004 0.385484 0.773693 191 177 227
-0.887979 0.386484 -0.238844 14 177 97
0.811344 0.384113 -0.421233 232 177 73
-0.320767 0.392621 0.877945 87 177 238
-0.352974 0.388598 -0.855451 83 177 19
0.813563 0.377098 0.380856 234 177 177
-0.901742 0.396590 0.282699 15 177 163
0.459944 0.384748 -0.793401 186 177 26
0.197200 0.385439 0.897599 153 177 242
-0.749106 0.383978 -0.526811 31 177 60
0.926328 0.391513 -0.119903 244 177 112
-0.596887 0.388037 0.708012 52 177 217
-0.036988 0.376310 -0.897569 123 177 10
0.667009 0.396049 0.670463 210 177 211
-0.916341 0.384033 -0.042504 10 177 122
0.705249 0.384383 -0.588353 218 177 52
-0.122469 0.383850 0.909235 112 177 244
-0.532982 0.390404 -0.766262 60 177 31
0.904019 0.387462 0.203511 242 177 153
-0.779587 0.375552 0.446572 25 177 186
0.287769 0.395476 -0.901574 163 177 15
0.384752 0.383339 0.833064 177 177 234
-0.846642 0.383318 -0.354468 19 177 82
0.864912 0.383727 -0.310951 238 177 88
-0.434054 0.389295 0.825582 73 177 232
-0.236208 0.386872 -0.896617 98 177 14
0.755771 0.374823 0.486108 226 177 191
-0.933300 0.394872 0.160258 12 177 147
0.562177 0.382665 -0.725683 200 177 34
0.075601 0.382245 0.914115 137 177 245
-0.675827 0.383607 -0.625384 41 177 48
0.932056 0.388188 0.004681 245 177 128
-0.687224 0.386267 0.623235 40 177 207
0.083078 0.374124 -0.894998 138 176 10
0.572687 0.394237 0.754789 199 176 221
-0.903499 0.382009 -0.164500 12 176 106
0.775848 0.381165 -0.488076 227 176 65
-0.243948 0.383488 0.889630 96 176 241
-0.425137 0.387086 -0.828723 74 176 23
0.870294 0.385646 0.322792 238 176 168
-0.832846 0.373455 0.338902 18 176 172
0.406063 0.393571 -0.856502 178 176 21
0.270571 0.381372 0.878041 162 176 240
-0.790175 0.380080 -0.463239 26 176 68
0.903589 0.383369 -0.193900 243 176 103
-0.539124 0.385988 0.758721 59 176 224
-0.114718 0.385007 -0.921563 113 176 11
0.684917 0.372816 0.583156 217 176 204
-0.947609 0.392874 0.034421 10 176 132
0.654845 0.380752 -0.645145 211 176 45
-0.046869 0.378992 0.914087 121 176 245
-0.589620 0.383246 -0.713819 52 176 37
0.921180 0.384898 0.128656 244 176 144
-0.765297 0.384349 0.526790 30 176 194
0.201941 0.372207 -0.877056 154 176 13
0.467443 0.392148 0.825331 186 176 230
-0.874843 0.380148 -0.283947 15 176 91
0.832197 0.377903 -0.379437 235 176 79
-0.362374 0.383119 0.853809 81 176 236
-0.310195 0.383817 -0.876213 88 176 16
0.820546 0.383673 0.436529 232 176 183
-0.871934 0.371629 0.225162 13 176 157
0.517103 0.391391 -0.795404 192 176 29
0.151323 0.379560 0.907793 147 176 244
-0.719764 0.376813 -0.563230 35 176 55
0.926397 0.382985 -0.072068 245 176 118
-0.634212 0.382745 0.678696 47 176 214
0.009204 0.382977 -0.929701 129 176 10
0.602105 0.371081 0.670469 206 176 215
-0.944350 0.390606 -0.092307 10 176 116
0.736340 0.378985 -0.553050 222 176 57
-0.167970 0.375726 0.897686 106 176 243
-0.491813 0.382843 -0.790317 65 176 27
0.894064 0.381686 0.249860 241 176 159
-0.829537 0.382261 0.420455 22 176 181
0.317731 0.370563 -0.843997 169 176 17
0.353363 0.389793 0.880667 171 176 237
-0.830742 0.378422 -0.398825 21 176 76
0.873425 0.374642 -0.264491 240 176 93
-0.475519 0.382690 0.802127 67 176 229
-0.190230 0.380639 -0.908059 103 176 12
0.755643 0.381525 0.542503 223 176 196
-0.896195 0.370074 0.107123 10 176 142
0.618677 0.388953 -0.719495 204 176 38
0.028978 0.377871 0.921706 131 176 245
-0.636826 0.373564 -0.652739 45 176 43
0.932623 0.382525 0.052383 245 176 134
-0.717775 0.379606 0.587021 36 176 202
0.133185 0.380768 -0.920795 144 176 11
0.508593 0.369613 0.746634 194 176 225
-0.923600 0.388086 -0.217407 13 176 100
0.805194 0.377331 -0.450864 230 176 70
-0.285551 0.372493 0.865384 91 176 240
-0.384014 0.382346 -0.853239 79 176 20
0.851331 0.378589 0.366234 236 176 174
-0.878645 0.379991 0.306241 16 176 166
0.428609 0.369181 -0.796267 183 176 24
0.232723 0.387195 0.919723 156 176 242
-0.771815 0.376798 -0.507141 29 176 63
0.898970 0.371430 -0.145349 244 176 109
-0.581170 0.382151 0.735270 54 176 220
-0.067338 0.377587 -0.923862 119 176 10
0.676786 0.379192 0.638641 213 176 209
-0.905158 0.368776 -0.013378 9 176 126
0.708798 0.386280 -0.630308 216 176 49
-0.094399 0.376273 0.919397 115 176 245
-0.542966 0.370378 -0.730305 57 176 33
0.921862 0.381939 0.177152 243 176 150
-0.788493 0.376604 0.485358 27 176 189
0.254826 0.378373 -0.894968 160 176 14
0.405783 0.368398 0.810369 180 176 233
-0.885820 0.385342 -0.338419 17 175 85
0.860101 0.375754 -0.340249 237 175 84
-0.397595 0.369338 0.817928 76 175 234
-0.268098 0.381709 -0.901162 94 175 14
0.793834 0.375638 0.475851 229 175 188
-0.911639 0.377533 0.186342 12 175 151
0.532776 0.368045 -0.734504 197 175 32
0.107917 0.384383 0.941794 141 175 245
-0.698936 0.375238 -0.606955 38 175 50
0.908564 0.368311 -0.024129 246 175 124
-0.677190 0.381458 0.654263 43 175 210
0.056390 0.374691 -0.923483 135 175 10
0.585485 0.376673 0.723066 202 175 219
-0.898542 0.367717 -0.134445 11 175 110
0.785756 0.383404 -0.529649 226 175 61
-0.216670 0.374726 0.900744 100 175 242
-0.439922 0.367300 -0.794723 70 175 24
0.894047 0.381185 0.299853 240 175 165
-0.845276 0.373764 0.375482 19 175 175
0.371767 0.375793 -0.852711 175 175 19
0.295227 0.367411 0.860530 166 175 239
-0.831838 0.382407 -0.453004 24 175 71
0.899956 0.374214 -0.223056 242 175 99
-0.502242 0.366305 0.756295 62 175 226
-0.146173 0.380889 -0.932929 109 175 11
0.722630 0.372857 0.576929 220 175 201
-0.927882 0.374894 0.063082 10 175 136
0.628485 0.367128 -0.659548 209 175 42
-0.018608 0.381393 0.946553 125 175 246
-0.613242 0.373703 -0.696419 49 175 39
0.902215 0.365328 0.097084 245 175 140
-0.761572 0.380570 0.560464 32 175 198
0.178893 0.371971 -0.907024 150 175 11
0.483517 0.373975 0.794154 189 175 229
-0.876268 0.366865 -0.254129 14 175 95
0.848150 0.380364 -0.419539 234 175 75
-0.335659 0.373190 0.865901 85 175 238
-0.329534 0.364371 -0.845041 85 175 17
0.849478 0.380225 0.418067 234 175 180
-0.887258 0.371105 0.259257 14 175 161
0.481757 0.373039 -0.794868 189 175 26
0.178622 0.366621 0.896130 151 175 244
-0.762808 0.379321 -0.559006 32 175 58
0.923886 0.372673 -0.101301 245 175 115
-0.597812 0.363435 0.681663 49 175 216
-0.020543 0.379854 -0.947700 125 175 9
0.638960 0.370261 0.667840 209 175 213
-0.927100 0.372085 -0.061152 9 175 120
0.714058 0.366394 -0.572446 220 175 53
-0.144419 0.378267 0.934042 109 175 244
-0.516130 0.372152 -0.773818 62 175 29
0.880183 0.362520 0.216272 242 175 156
-0.832513 0.379456 0.455550 24 175 184
0.298160 0.369438 -0.874822 166 175 15
0.372880 0.371114 0.850578 175 175 236
-0.838481 0.366183 -0.370441 19 175 80
0.894913 0.377202 -0.302152 240 175 90
-0.449181 0.371624 0.815324 70 175 231
-0.213694 0.361629 -0.880557 100 175 12
0.788828 0.379030 0.529410 226 175 193
-0.913798 0.368636 0.138612 10 175 145
0.582707 0.370129 -0.722609 202 175 35
0.057810 0.365987 0.916361 135 175 246
-0.680167 0.376129 -0.654494 42 175 45
0.931287 0.371089 0.022854 246 175 130
-0.682813 0.360762 0.595372 38 175 205
0.106353 0.378576 -0.944990 141 175 10
0.544226 0.367856 0.747115 197 175 223
-0.909384 0.369129 -0.183972 11 175 104
0.787909 0.365803 -0.474461 229 175 66
-0.267153 0.375049 0.904656 94 175 241
-0.409253 0.370546 -0.837611 75 175 21
0.842955 0.359920 0.331503 238 175 171
-0.888463 0.378093 0.341483 17 175 170
0.412241 0.367096 -0.827428 180 175 21
0.255734 0.368115 0.891331 160 175 241
-0.785564 0.365630 -0.481374 26 175 66
0.925319 0.373964 -0.179752 244 175 105
-0.555098 0.369992 0.749776 57 175 223
-0.094325 0.359104 -0.900805 115 174 10
0.713147 0.377580 0.631604 216 174 206
-0.924472 0.366357 0.015528 9 174 129
0.672743 0.367090 -0.637395 214 174 46
-0.065236 0.365465 0.920624 119 174 246
-0.585587 0.372876 -0.737796 54 174 35
0.921854 0.369427 0.147142 245 174 146
-0.755942 0.358315 0.498896 29 174 193
0.231999 0.377038 -0.924697 156 174 12
0.439979 0.365638 0.813456 184 174 232
-0.875179 0.366054 -0.303055 15 174 89
0.848576 0.365308 -0.367078 236 174 80
-0.384575 0.371786 0.859110 79 174 236
-0.294495 0.368849 -0.886481 90 174 15
0.791221 0.357553 0.440947 231 174 185
-0.928186 0.376466 0.220463 12 174 155
0.519261 0.364938 -0.765607 194 174 29
0.134342 0.365008 0.915755 145 174 245
-0.718160 0.365156 -0.584924 36 174 53
0.938983 0.370696 -0.054639 246 174 121
-0.651362 0.368258 0.670337 45 174 213
0.026643 0.356819 -0.905539 131 174 9
0.623835 0.375865 0.722542 205 174 217
-0.919080 0.364258 -0.107980 10 174 114
0.750253 0.363955 -0.540930 224 174 58
-0.188423 0.365008 0.908559 103 174 244
-0.480921 0.369608 -0.807524 67 174 26
0.895610 0.367652 0.269238 241 174 162
-0.816085 0.356113 0.393815 21 174 179
0.353876 0.375233 -0.887114 171 174 17
0.327912 0.363596 0.865742 170 174 238
-0.825261 0.362895 -0.416199 22 174 74
0.894760 0.364861 -0.252000 242 174 95
-0.494615 0.368523 0.798404 65 174 228
-0.173948 0.367031 -0.919378 105 174 11
0.725853 0.355436 0.542888 223 174 199
-0.950798 0.374573 0.094874 9 174 139
0.617435 0.362951 -0.690333 207 174 39
0.011006 0.361831 0.923535 129 174 246
-0.637190 0.364713 -0.679132 46 174 41
0.935839 0.367444 0.070904 246 174 136
-0.736076 0.366393 0.578392 34 174 201
0.147291 0.354787 -0.894725 147 174 10
0.522619 0.373882 0.800353 192 174 227
-0.897649 0.362323 -0.229873 12 174 98
0.813913 0.360763 -0.435108 232 174 72
-0.309568 0.364563 0.880077 88 174 240
-0.368149 0.366370 -0.862577 81 174 18
0.852920 0.365738 0.386810 236 174 177
-0.862314 0.354167 0.281804 15 174 164
0.469531 0.373164 -0.832929 186 174 24
0.209843 0.361711 0.903042 154 174 243
-0.760702 0.359693 -0.521370 30 174 60
0.925366 0.364410 -0.131144 245 174 111
-0.595397 0.365305 0.723779 52 174 219
-0.049862 0.365065 -0.935559 121 174 9
0.647889 0.353577 0.635724 212 174 211
-0.955798 0.372416 -0.032789 9 174 123
0.705085 0.361113 -0.602785 218 174 50
-0.111991 0.358623 0.914693 113 174 245
-0.543859 0.364250 -0.762127 58 174 31
0.916123 0.364249 0.194658 244 174 152
-0.807543 0.364374 0.475611 25 174 188
0.265723 0.353015 -0.868526 162 174 14
0.411494 0.371642 0.863456 179 174 235
-0.860439 0.360529 -0.348109 17 174 83
0.862705 0.357554 -0.321958 239 174 86
-0.426431 0.364082 0.835389 73 174 233
-0.249337 0.363204 -0.902146 96 174 13
0.794500 0.363663 0.497577 228 174 191
-0.893882 0.352481 0.164611 11 174 149
0.576651 0.370840 -0.763203 199 174 33
0.087709 0.359957 0.924632 139 174 246
-0.682830 0.356489 -0.616746 39 174 48
0.939544 0.363905 -0.006613 246 174 127
-0.685261 0.362170 0.636683 40 174 208
0.075399 0.362934 -0.934621 137 174 9
0.558523 0.351975 0.717973 201 174 221
-0.943081 0.370012 -0.159981 10 173 108
0.780661 0.359396 -0.504345 227 173 63
-0.232435 0.355428 0.889572 97 173 243
-0.439663 0.363717 -0.832173 72 173 22
0.880346 0.361150 0.314497 240 173 168
-0.864323 0.362185 0.363920 18 173 174
0.380068 0.351497 -0.827301 177 173 19
0.292676 0.369160 0.910604 164 173 241
-0.807956 0.358845 -0.460662 24 173 69
0.895918 0.354374 -0.203586 244 173 101
-0.536768 0.363515 0.775034 60 173 225
-0.126588 0.360145 -0.925702 111 173 10
0.721412 0.361416 0.599374 219 173 204
-0.910227 0.351045 0.044060 9 173 133
0.673122 0.368283 -0.679342 211 173 43
-0.036447 0.358303 0.930013 123 173 246
-0.593179 0.353327 -0.700742 51 173 37
0.936740 0.363299 0.119331 246 173 143
-0.762773 0.359154 0.538724 30 173 196
0.199420 0.360628 -0.916521 153 173 11
0.459101 0.350620 0.788280 187 173 230
-0.912938 0.367383 -0.284189 14 173 92
0.842764 0.357767 -0.396599 235 173 77
-0.348228 0.352290 0.848798 82 173 238
-0.326372 0.363067 -0.887729 86 173 16
0.829262 0.358180 0.428416 233 173 182
-0.905276 0.359819 0.245455 13 173 159
0.488491 0.350220 -0.771600 191 173 27
0.168531 0.366462 0.940916 148 173 245
-0.740961 0.357238 -0.565544 33 173 55
0.913150 0.351264 -0.082127 246 173 117
-0.638378 0.362818 0.699886 47 173 215
-0.002015 0.357223 -0.932984 127 173 8
0.635038 0.358991 0.690213 208 173 215
-0.910971 0.349844 -0.077966 9 173 117
0.757088 0.365520 -0.583046 222 173 55
-0.160501 0.356712 0.918938 107 173 245
-0.493443 0.350251 -0.772024 63 173 27
0.916724 0.362549 0.244313 243 173 158
-0.826727 0.356284 0.431640 22 173 183
0.319797 0.358144 -0.881585 168 173 16
0.351117 0.349492 0.845422 173 173 238
-0.866037 0.364559 -0.402992 20 173 77
0.890183 0.356190 -0.281328 241 173 92
-0.457421 0.349252 0.793254 68 173 231
-0.206008 0.362260 -0.927496 102 173 11
0.763845 0.355363 0.534551 225 173 196
-0.929598 0.357278 0.122504 9 173 143
0.589205 0.349162 -0.702175 204 173 36
0.041510 0.363580 0.953887 133 173 247
-0.660476 0.355669 -0.660845 43 173 43
0.914281 0.348268 0.040298 247 173 133
-0.729171 0.361949 0.611163 36 173 204
0.122290 0.354462 -0.923985 143 173 9
0.537053 0.356393 0.768333 196 173 225
-0.895938 0.348853 -0.199524 11 173 102
0.826991 0.362585 -0.476260 231 173 68
-0.282271 0.355148 0.891430 92 173 241
-0.385433 0.347302 -0.829516 77 173 19
0.879628 0.361616 0.365900 238 173 173
-0.876147 0.353579 0.317270 15 173 168
0.434203 0.355490 -0.830504 183 173 22
0.236213 0.348564 0.888328 158 173 243
-0.803395 0.361576 -0.514127 27 173 63
0.921923 0.354626 -0.160492 245 173 107
-0.558237 0.346353 0.724036 55 173 222
-0.080812 0.361259 -0.950478 117 173 9
0.685258 0.352717 0.631187 215 173 208
-0.936845 0.354570 -0.002547 8 173 127
0.680480 0.348293 -0.619982 216 173 47
-0.085922 0.360553 0.949393 117 173 246
-0.567791 0.354101 -0.744768 55 173 33
0.899458 0.345424 0.161625 245 173 149
-0.807225 0.360878 0.510413 27 173 191
0.244275 0.351875 -0.898934 159 173 12
0.429373 0.353633 0.832256 182 173 234
-0.865166 0.348039 -0.318626 16 173 86
0.881601 0.359518 -0.361110 238 173 82
-0.399551 0.353572 0.847806 77 173 235
-0.271033 0.344516 -0.872395 92 172 14
0.825959 0.360470 0.481664 231 172 188
-0.910279 0.351053 0.197530 11 172 153
0.540450 0.352680 -0.764309 196 172 30
0.116181 0.347800 0.916093 143 172 246
-0.726336 0.358474 -0.615541 36 172 50
0.937247 0.353038 -0.036206 247 172 123
-0.649084 0.343629 0.642422 43 172 211
0.046812 0.360037 -0.956016 133 172 8
0.594840 0.350251 0.716770 204 172 219
-0.926939 0.351712 -0.127285 9 172 111
0.760671 0.347575 -0.526192 226 172 60
-0.211346 0.357421 0.927669 101 172 244
-0.464456 0.352497 -0.815671 68 172 24
0.869070 0.342765 0.279862 241 172 164
-0.870854 0.359577 0.399487 19 172 177
0.361944 0.349469 -0.858287 174 172 18
0.314110 0.350731 0.880817 168 172 240
-0.818925 0.347363 -0.433250 22 172 72
0.920029 0.356361 -0.239844 243 172 97
-0.510158 0.351947 0.788692 63 172 228
-0.152170 0.341925 -0.900083 108 172 10
0.756601 0.359089 0.589252 222 172 201
-0.928594 0.348708 0.074391 8 172 137
0.636545 0.349737 -0.684345 209 172 40
-0.007050 0.347161 0.928013 127 172 247
-0.636440 0.355296 -0.705427 48 172 39
0.935703 0.351388 0.089287 246 172 139
-0.728560 0.341109 0.549836 32 172 199
0.174355 0.358573 -0.943828 149 172 10
0.494087 0.347966 0.789909 191 172 229
-0.900167 0.348731 -0.249332 12 172 96
0.828238 0.346967 -0.422198 234 172 73
-0.332447 0.354228 0.889293 86 172 239
-0.352266 0.350819 -0.872116 83 172 17
0.823717 0.340319 0.393120 235 172 179
-0.918662 0.358030 0.280501 13 172 162
0.473371 0.347243 -0.802713 188 172 25
0.193501 0.347714 0.913189 152 172 244
-0.757741 0.346781 -0.541369 30 172 58
0.941729 0.353157 -0.114767 246 172 113
-0.611979 0.350238 0.715030 50 172 218
-0.030784 0.339554 -0.912229 123 172 8
0.672809 0.357458 0.686451 211 172 213
-0.930784 0.346539 -0.050129 8 172 121
0.720741 0.346689 -0.592222 220 172 52
-0.131421 0.346601 0.923606 111 172 246
-0.535498 0.352087 -0.782252 60 172 29
0.917160 0.349645 0.213663 244 172 155
-0.795456 0.338815 0.447821 23 172 186
0.299269 0.356858 -0.914028 165 172 14
0.384636 0.345853 0.849388 177 172 236
-0.857164 0.345656 -0.366406 18 172 81
0.881791 0.346423 -0.309617 240 172 88
-0.447058 0.351018 0.835144 71 172 233
-0.233239 0.349038 -0.912915 98 172 12
0.764193 0.338104 0.499616 228 172 193
-0.949590 0.356230 0.155778 10 172 147
0.576713 0.345185 -0.733096 201 172 34
0.069856 0.344616 0.928898 136 172 247
-0.682411 0.346248 -0.640984 40 172 46
0.946490 0.349951 0.011808 247 172 129
-0.703022 0.348416 0.628077 38 172 207
0.091186 0.337419 -0.908701 139 172 8
0.576177 0.355573 0.771260 199 172 223
-0.916768 0.344533 -0.173985 10 172 105
0.791566 0.343571 -0.489767 229 172 65
-0.254767 0.346073 0.902652 95 172 243
-0.425448 0.348889 -0.844775 74 172 21
0.881826 0.347779 0.334567 239 172 170
-0.848748 0.336762 0.338021 16 172 172
0.419045 0.354889 -0.867129 180 172 20
0.268263 0.343898 0.894179 162 172 242
-0.798876 0.342523 -0.476376 25 172 66
0.920124 0.345895 -0.190285 245 172 103
-0.553197 0.347833 0.766365 57 172 225
-0.109575 0.347126 -0.937173 114 172 9
0.691466 0.336132 0.597680 218 172 206
-0.962956 0.354177 0.027793 8 171 131
0.670226 0.343277 -0.650526 213 171 44
-0.054509 0.341473 0.927813 120 171 247
-0.594016 0.345715 -0.730157 52 171 35
0.934412 0.346784 0.137612 246 171 145
-0.781480 0.346456 0.529388 28 171 195
0.211816 0.335529 -0.889569 155 171 11
0.468600 0.353438 0.841946 186 171 232
-0.886696 0.342671 -0.295117 14 171 90
0.847852 0.340422 -0.378967 237 171 79
-0.374852 0.345529 0.865221 80 171 237
-0.308338 0.345744 -0.892046 88 171 14
0.830261 0.345769 0.449668 233 171 185
-0.887598 0.334954 0.222164 11 171 157
0.531278 0.352673 -0.804030 194 171 28
0.146868 0.342078 0.923450 146 171 246
-0.726528 0.339373 -0.577306 34 171 53
0.942259 0.345335 -0.066240 247 171 119
-0.649092 0.344713 0.684322 45 171 214
0.016389 0.345064 -0.944323 130 171 8
0.606667 0.334405 0.685762 207 171 217
-0.958469 0.351883 -0.100905 8 171 115
0.752281 0.341496 -0.556302 224 171 56
-0.177330 0.338326 0.910133 105 171 245
-0.493932 0.345134 -0.807070 65 171 25
0.905885 0.343694 0.260458 243 171 161
-0.845774 0.344340 0.420792 20 171 181
0.329209 0.333883 -0.855101 171 171 16
0.352215 0.351067 0.897095 171 171 239
-0.840962 0.340926 -0.411472 20 171 75
0.888742 0.337283 -0.261914 242 171 94
-0.489408 0.344921 0.811703 66 171 230
-0.186271 0.342687 -0.923403 104 171 10
0.763377 0.343599 0.556725 224 171 198
-0.911351 0.333388 0.102051 8 171 141
0.633739 0.350228 -0.725995 206 171 37
0.022460 0.340365 0.936590 130 171 247
-0.641574 0.336245 -0.667487 44 171 41
0.947497 0.344697 0.060305 247 171 135
-0.733191 0.341694 0.590564 34 171 203
0.142234 0.342838 -0.934154 146 171 9
0.511078 0.332918 0.762435 194 171 227
-0.936243 0.349365 -0.227762 11 171 99
0.821396 0.339812 -0.451928 233 171 70
-0.296434 0.335215 0.876360 89 171 241
-0.383816 0.344459 -0.870070 79 171 18
0.861557 0.340714 0.378267 237 171 176
-0.894614 0.342059 0.304348 14 171 166
0.441497 0.332472 -0.805762 185 171 22
0.229346 0.348480 0.935648 156 171 244
-0.780211 0.339267 -0.521025 28 171 61
0.913690 0.334194 -0.140749 246 171 109
-0.596187 0.344207 0.742821 52 171 221
-0.061374 0.339750 -0.938459 120 171 8
0.682422 0.341261 0.653643 214 171 210
-0.919537 0.332051 -0.020446 8 171 125
0.724434 0.347575 -0.634606 218 171 48
-0.102853 0.338727 0.933229 114 171 247
-0.545652 0.333183 -0.745459 57 171 31
0.935449 0.343938 0.187003 245 171 151
-0.804174 0.338802 0.486783 25 171 190
0.265524 0.340444 -0.906825 161 171 12
0.406136 0.331654 0.826401 180 171 235
-0.896779 0.346650 -0.350287 16 171 84
0.876257 0.338192 -0.339110 239 171 84
-0.409786 0.332183 0.827270 74 171 235
-0.265597 0.343651 -0.917729 94 171 12
0.802309 0.337871 0.489097 230 171 190
-0.927031 0.339610 0.182301 10 171 151
0.546855 0.331278 -0.742211 199 171 31
0.102430 0.345706 0.956922 140 171 247
-0.705352 0.337659 -0.621808 37 171 48
0.922445 0.331197 -0.017619 247 171 125
-0.693024 0.343345 0.659646 41 171 210
0.064234 0.336958 -0.937089 136 171 8
0.588954 0.338756 0.738538 202 171 221
-0.911881 0.330924 -0.143397 9 171 109
0.801653 0.344746 -0.531718 228 171 61
-0.226895 0.337129 0.913260 99 171 244
-0.440534 0.330225 -0.810017 70 170 22
0.906080 0.343019 0.311421 241 170 167
-0.860949 0.336062 0.374786 17 170 175
0.383872 0.337886 -0.862864 176 170 18
0.293425 0.330590 0.876508 166 170 241
-0.840945 0.343769 -0.466123 22 170 69
0.915754 0.336599 -0.219740 244 170 99
-0.515517 0.329269 0.763869 60 170 227
-0.141437 0.342671 -0.948898 110 170 9
0.729225 0.335184 0.591147 221 170 203
-0.942407 0.336998 0.057017 8 170 135
0.643509 0.330275 -0.665315 211 170 41
-0.026049 0.342779 0.960617 124 170 248
-0.617560 0.336068 -0.711952 49 170 37
0.915034 0.328329 0.105368 247 170 141
-0.777895 0.342301 0.563587 30 170 198
0.188467 0.334326 -0.919415 152 170 10
0.484798 0.336093 0.809785 189 170 231
-0.888317 0.329978 -0.264817 12 170 93
0.864002 0.341775 -0.419394 236 170 75
-0.347448 0.335534 0.876865 83 170 239
-0.328086 0.327408 -0.860217 85 170 15
0.859726 0.341908 0.431099 235 170 181
-0.902653 0.333486 0.256469 12 170 160
0.495003 0.335173 -0.803156 191 170 25
0.174682 0.329697 0.911759 150 170 246
-0.769939 0.340760 -0.573100 31 170 56
0.939020 0.334997 -0.095883 247 170 115
-0.611934 0.326507 0.687363 48 170 217
-0.013691 0.341491 -0.962751 126 170 7
0.643573 0.332666 0.682777 210 170 215
-0.940497 0.334237 -0.069079 8 170 119
0.729757 0.329430 -0.576150 222 170 53
-0.153626 0.339736 0.946808 108 170 246
-0.518276 0.334456 -0.789723 62 170 27
0.891737 0.325625 0.226172 244 170 157
-0.848985 0.341049 0.456374 22 170 184
0.309286 0.331865 -0.885789 167 170 14
0.371997 0.333288 0.866062 175 170 238
-0.849005 0.329178 -0.382679 18 170 78
0.910428 0.338703 -0.299850 242 170 90
-0.462295 0.333908 0.824527 69 170 232
-0.210233 0.324765 -0.895363 100 170 10
0.797103 0.340582 0.543624 227 170 195
-0.928648 0.331082 0.133791 8 170 145
0.596813 0.332324 -0.728916 204 170 34
0.051789 0.328937 0.931347 134 170 248
-0.685238 0.337663 -0.669280 41 170 43
0.945463 0.333352 0.030254 248 170 131
-0.697539 0.323927 0.599120 36 170 206
0.115154 0.340089 -0.958828 142 170 8
0.546786 0.330319 0.762508 198 170 225
-0.921424 0.331349 -0.193567 10 170 103
0.803992 0.328706 -0.476017 231 170 66
-0.277918 0.336618 0.915920 93 170 243
-0.409198 0.332788 -0.853571 76 170 19
0.853062 0.323113 0.342841 239 170 172
-0.904748 0.339570 0.340024 15 170 170
0.424717 0.329575 -0.836786 182 170 20
0.252755 0.330362 0.906379 160 170 243
-0.794353 0.328484 -0.494941 25 170 64
0.940224 0.335570 -0.175385 246 170 105
-0.569267 0.332215 0.757050 55 170 224
-0.088922 0.322321 -0.914995 116 170 8
0.719309 0.339024 0.646692 217 170 208
-0.938518 0.328849 0.008767 7 170 129
0.687423 0.329365 -0.641649 215 170 45
-0.073238 0.328269 0.934677 118 170 247
-0.588554 0.334519 -0.752992 53 170 33
0.934798 0.331630 0.156362 246 170 147
-0.771023 0.321555 0.500639 27 170 193
0.242538 0.338452 -0.937059 158 170 11
0.440448 0.328140 0.829030 184 170 234
-0.885667 0.328360 -0.314099 14 170 87
0.864738 0.328060 -0.366442 238 170 81
-0.396668 0.333468 0.868704 78 170 237
-0.292262 0.331034 -0.902179 90 170 13
0.799719 0.320813 0.453528 232 170 187
-0.943954 0.337852 0.216789 10 169 154
0.532863 0.327450 -0.773194 196 169 28
0.129372 0.327346 0.930096 144 169 247
-0.725035 0.327854 -0.599567 35 169 51
0.953023 0.332417 -0.048332 248 169 121
-0.666294 0.330425 0.675555 43 169 213
0.033891 0.320096 -0.918880 132 169 7
0.627797 0.337226 0.738183 206 169 219
-0.932073 0.326775 -0.116556 8 169 113
0.765223 0.326326 -0.543100 226 169 58
-0.198261 0.327650 0.921401 102 169 245
-0.481776 0.331369 -0.822849 67 169 24
0.907077 0.329803 0.280074 243 169 163
-0.831268 0.319405 0.393531 19 169 179
0.365908 0.336573 -0.897777 173 169 16
0.326284 0.326118 0.881219 169 169 240
-0.834041 0.325302 -0.428454 20 169 72
0.910687 0.327447 -0.249175 244 169 96
-0.507794 0.330325 0.806193 63 169 229
-0.169605 0.329166 -0.934502 106 169 9
0.732601 0.318739 0.556498 223 169 200
-0.965741 0.335894 0.089100 8 169 139
0.631916 0.325475 -0.696014 208 169 38
0.004181 0.324273 0.936922 128 169 248
-0.642007 0.327242 -0.694569 46 169 39
0.948785 0.329287 0.079002 248 169 137
-0.751461 0.328514 0.581475 32 169 201
0.156263 0.318100 -0.906992 148 169 9
0.524344 0.335189 0.816220 193 169 229
-0.909354 0.324847 -0.240107 11 169 97
0.828892 0.323243 -0.435203 234 169 71
-0.321055 0.327034 0.891451 87 169 241
-0.366920 0.328254 -0.877760 81 169 16
0.862698 0.327847 0.399023 237 169 178
-0.877343 0.317486 0.279495 13 169 164
0.482785 0.334458 -0.841713 187 169 23
0.206150 0.324232 0.918139 154 169 245
-0.767654 0.322211 -0.534587 29 169 59
0.940740 0.326821 -0.126177 247 169 111
-0.609411 0.327230 0.729662 50 169 220
-0.043525 0.327163 -0.949813 122 169 7
0.652771 0.316898 0.650134 213 169 213
-0.969634 0.333702 -0.040501 7 169 122
0.720179 0.323630 -0.606456 220 169 50
-0.120505 0.321181 0.926909 112 169 247
-0.546518 0.326602 -0.778053 58 169 29
0.927770 0.326215 0.204372 245 169 153
-0.823067 0.326463 0.476528 23 169 188
0.276268 0.316336 -0.879508 164 169 12
0.410997 0.332921 0.879227 179 169 237
-0.870642 0.323039 -0.359812 16 169 81
0.877426 0.320152 -0.320022 241 169 86
-0.439341 0.326376 0.845066 72 169 235
-0.246081 0.325210 -0.916926 96 169 11
0.802421 0.325745 0.510903 229 169 192
-0.908500 0.315799 0.160312 9 169 148
0.590834 0.332117 -0.769976 201 169 32
0.082021 0.322459 0.939069 138 169 248
-0.687869 0.319127 -0.630670 39 169 46
0.954059 0.326139 0.000396 248 169 128
-0.699854 0.324216 0.640589 39 169 209
0.083572 0.325010 -0.947734 138 169 7
0.561447 0.315286 0.732939 201 169 223
-0.955561 0.331290 -0.169435 9 169 106
0.796085 0.321889 -0.505940 229 169 63
-0.242454 0.318108 0.900424 96 169 244
-0.440111 0.325892 -0.848268 72 169 20
0.890513 0.323235 0.325633 241 169 169
-0.879674 0.324257 0.362689 16 169 174
0.392012 0.314798 -0.836801 179 169 18
0.290018 0.330441 0.925971 164 169 243
-0.816466 0.321326 -0.473612 23 169 67
0.910130 0.317094 -0.199693 245 169 102
-0.550838 0.325632 0.782819 58 169 226
-0.121391 0.322268 -0.939831 112 169 8
0.727348 0.323487 0.613527 220 169 205
-0.924175 0.314334 0.037833 7 169 132
0.687935 0.329571 -0.684018 213 169 42
-0.044022 0.320771 0.943519 122 168 248
-0.596256 0.316089 -0.715117 50 168 35
0.950102 0.325358 0.128237 247 168 144
-0.777685 0.321314 0.540614 28 168 196
0.209231 0.322698 -0.928253 154 168 10
0.460004 0.313892 0.803542 187 168 232
-0.923851 0.328681 -0.295156 12 168 91
0.858227 0.320221 -0.396090 237 168 77
-0.359550 0.315093 0.858126 81 168 239
-0.324606 0.325069 -0.903664 87 168 14
0.837794 0.320376 0.440765 234 168 184
-0.920151 0.321893 0.242140 11 168 158
0.501633 0.313473 -0.779443 193 168 26
0.163818 0.327772 0.955589 148 168 247
-0.747618 0.319676 -0.579494 32 168 54
0.926616 0.314108 -0.076381 248 168 118
-0.653318 0.324763 0.705630 45 168 216
0.005009 0.319453 -0.946227 128 168 7
0.638911 0.321070 0.704895 209 168 217
-0.923999 0.313075 -0.086023 7 168 116
0.772227 0.326845 -0.585588 224 168 55
-0.169815 0.319134 0.931256 106 168 246
-0.494539 0.313134 -0.786596 63 168 25
0.928668 0.324440 0.254924 244 168 159
-0.841699 0.318547 0.431505 20 168 183
0.331019 0.320229 -0.891731 170 168 14
0.349968 0.312698 0.860712 173 168 239
-0.875212 0.325902 -0.415225 18 168 76
0.905388 0.318593 -0.278729 243 168 92
-0.469833 0.312174 0.800923 66 168 232
-0.202078 0.324097 -0.942949 102 168 9
0.770612 0.317658 0.547889 226 168 198
-0.943713 0.319372 0.117215 8 168 142
0.603317 0.312339 -0.708206 206 168 35
0.034884 0.324944 0.967603 132 168 248
-0.665157 0.318054 -0.675524 43 168 41
0.926785 0.311229 0.047773 248 168 134
-0.744669 0.323735 0.614762 34 168 204
0.131003 0.316786 -0.936123 144 168 8
0.538830 0.318499 0.783244 196 168 227
-0.907803 0.311999 -0.209280 10 168 100
0.842161 0.323972 -0.476673 233 168 68
-0.293138 0.317514 0.902324 90 168 242
-0.384558 0.310300 -0.844037 77 168 17
0.889920 0.323352 0.377986 239 168 175
-0.890920 0.315932 0.315129 13 168 168
0.446585 0.317610 -0.838899 184 168 21
0.233017 0.311676 0.903366 158 168 245
-0.810703 0.322988 -0.527362 26 168 62
0.936574 0.316972 -0.155859 247 168 108
-0.571514 0.309387 0.729940 53 168 223
-0.074817 0.322947 -0.965134 118 168 7
0.690158 0.315095 0.645275 216 168 210
-0.949940 0.316705 -0.009663 7 168 126
0.695313 0.311368 -0.624075 218 168 47
-0.094289 0.321993 0.961918 116 168 248
-0.570411 0.316427 -0.759885 55 168 31
0.910803 0.308493 0.170680 246 168 150
-0.822957 0.322519 0.511814 25 168 191
0.254514 0.314277 -0.909765 160 168 11
0.429068 0.315787 0.847100 182 168 235
-0.875638 0.311074 -0.329915 14 168 85
0.896516 0.320988 -0.359440 240 168 82
-0.411751 0.315877 0.857069 75 168 237
-0.268224 0.307617 -0.886623 92 168 12
0.834404 0.322068 0.494960 232 168 189
-0.924599 0.313477 0.193433 9 168 152
0.553725 0.314854 -0.770832 198 168 29
0.110979 0.310794 0.930598 142 168 248
-0.731687 0.319975 -0.629506 36 168 49
0.951057 0.315322 -0.029642 248 168 124
-0.662996 0.306762 0.646481 41 168 212
0.054723 0.321593 -0.969584 134 168 7
0.597799 0.312695 0.731359 204 168 221
-0.938786 0.313909 -0.136048 8 168 110
0.775951 0.310525 -0.528255 228 168 59
-0.221255 0.318955 0.938801 100 168 245
-0.464975 0.314761 -0.830924 68 168 22
0.879076 0.305927 0.290334 242 168 165
-0.886493 0.321094 0.398691 17 167 177
0.373524 0.311931 -0.867627 175 167 16
0.311777 0.312952 0.895311 167 167 242
-0.827797 0.310266 -0.445871 21 167 70
0.934421 0.317930 -0.236172 245 167 98
-0.523440 0.314191 0.796150 61 167 229
-0.147489 0.305114 -0.913783 108 167 8
0.763053 0.320570 0.603467 222 167 203
-0.942212 0.311184 0.068418 7 167 136
0.650440 0.311984 -0.688914 211 167 39
-0.014174 0.310015 0.941705 126 167 249
-0.639785 0.316901 -0.719849 47 167 37
0.948404 0.313613 0.097637 248 167 140
-0.742872 0.304323 0.551995 30 167 200
0.183991 0.320021 -0.956046 150 167 9
0.495058 0.310455 0.804740 191 167 231
-0.910571 0.311007 -0.259536 11 167 94
0.843679 0.309772 -0.422176 236 167 73
-0.343682 0.315870 0.898863 84 167 241
-0.350691 0.313025 -0.887201 83 167 15
0.832227 0.303555 0.404825 236 167 180
-0.933889 0.319447 0.277558 11 167 162
0.486083 0.309743 -0.810403 190 167 24
0.189234 0.310020 0.927068 152 167 246
-0.764831 0.309534 -0.555091 29 167 56
0.955351 0.314838 -0.109207 248 167 114
-0.626068 0.312426 0.720550 48 167 219
-0.024319 0.302810 -0.925177 124 167 6
0.677169 0.318848 0.701279 212 167 215
-0.943460 0.309048 -0.057867 7 167 120
0.734978 0.309027 -0.594800 222 167 51
-0.140342 0.309299 0.936216 110 167 247
-0.536821 0.313807 -0.796863 60 167 27
0.928508 0.311815 0.223616 245 167 156
-0.809927 0.302089 0.448051 21 167 186
0.310403 0.318223 -0.924670 166 167 13
0.383606 0.308368 0.864198 177 167 238
-0.865966 0.308027 -0.377826 16 167 79
0.897093 0.309067 -0.307499 242 167 88
-0.459388 0.312778 0.843016 69 167 234
-0.229622 0.311191 -0.927530 98 167 10
0.771069 0.301392 0.512355 228 167 195
-0.964102 0.317573 0.150789 8 167 146
0.590328 0.307704 -0.739000 203 167 33
0.063779 0.307022 0.941920 136 167 248
-0.687569 0.308836 -0.655543 40 167 44
0.959117 0.311752 0.019116 249 167 130
-0.717626 0.310554 0.631569 36 167 208
0.099324 0.300720 -0.920680 141 167 7
0.578396 0.316898 0.786387 199 167 225
-0.928274 0.307055 -0.183347 9 167 104
0.805876 0.306013 -0.490353 231 167 64
-0.265320 0.308603 0.913926 94 167 244
-0.424770 0.310731 -0.859312 74 167 19
0.891608 0.309903 0.345902 241 167 171
-0.863137 0.300071 0.336320 14 167 172
0.431420 0.316198 -0.876009 181 167 19
0.265253 0.306419 0.908698 161 167 244
-0.805953 0.305002 -0.488775 24 167 65
0.934983 0.308368 -0.186103 246 167 104
-0.566384 0.309715 0.772435 56 167 225
-0.104015 0.309237 -0.951029 114 167 7
0.696592 0.299447 0.611240 219 167 208
-0.976473 0.315474 0.020901 6 167 130
0.684494 0.305797 -0.654538 215 167 44
-0.062243 0.303991 0.939761 119 167 249
-0.597134 0.308128 -0.745268 52 167 33
0.945842 0.308707 0.146506 247 167 146
-0.796296 0.308557 0.530810 27 167 195
0.221493 0.298848 -0.900376 156 167 10
0.468679 0.314727 0.857060 186 167 234
-0.896823 0.305186 -0.305931 13 167 88
0.861976 0.302979 -0.377597 239 167 79
-0.386830 0.307883 0.874932 78 167 239
-0.305707 0.307708 -0.906256 89 167 12
0.838303 0.307860 0.462138 234 167 186
-0.901660 0.298272 0.218555 10 167 156
0.544617 0.313956 -0.811010 195 167 27
0.141933 0.304587 0.937411 146 166 248
-0.731792 0.301969 -0.590440 33 166 51
0.956378 0.307631 -0.060073 249 166 120
-0.662890 0.306717 0.688518 43 166 215
0.023749 0.307147 -0.957152 131 166 6
0.609949 0.297720 0.699915 207 166 219
-0.970743 0.313162 -0.109519 7 166 114
0.766939 0.303998 -0.558347 226 166 56
-0.186546 0.300963 0.920818 103 166 247
-0.494944 0.307370 -0.822428 65 166 23
0.915941 0.305738 0.270756 244 166 162
-0.860501 0.306418 0.420147 18 166 181
0.340265 0.297192 -0.864546 172 166 14
0.350204 0.312347 0.911894 171 166 241
-0.849520 0.303417 -0.423536 19 166 73
0.902434 0.299960 -0.258654 244 166 94
-0.502569 0.307099 0.819652 64 166 231
-0.181766 0.304770 -0.937046 104 166 8
0.769545 0.305673 0.570058 225 166 200
-0.924841 0.296687 0.096588 7 166 140
0.647754 0.311511 -0.730980 208 166 37
0.015694 0.302845 0.949732 130 166 249
-0.644971 0.298964 -0.681110 44 166 39
0.960589 0.306817 0.068331 249 166 136
-0.747353 0.303814 0.592842 32 166 203
0.151215 0.304911 -0.945716 147 166 8
0.512449 0.296204 0.776938 194 166 229
-0.947061 0.310655 -0.237884 10 166 98
0.836167 0.302280 -0.451969 234 166 70
-0.306941 0.297975 0.885622 88 166 242
-0.382706 0.306521 -0.885364 79 166 16
0.870087 0.302872 0.389773 238 166 177
-0.908957 0.304132 0.301688 12 166 166
0.453748 0.295743 -0.813671 187 166 21
0.225336 0.309780 0.949848 156 166 246
-0.787039 0.301720 -0.534109 27 166 59
0.926721 0.296994 -0.135693 248 166 110
-0.610260 0.306211 0.748851 51 166 222
-0.055097 0.301944 -0.951309 120 166 6
0.686629 0.303336 0.667556 215 166 212
-0.932214 0.295303 -0.027681 6 166 124
0.738833 0.308886 -0.637550 220 166 48
-0.111321 0.301165 0.945301 113 166 248
-0.547157 0.296024 -0.759326 56 166 29
0.947250 0.305886 0.196716 247 166 152
-0.818453 0.301030 0.487128 23 166 190
0.275914 0.302525 -0.916913 163 166 11
0.405557 0.294883 0.841001 180 166 237
-0.905967 0.307976 -0.361682 15 166 82
0.890856 0.300613 -0.337147 241 166 84
-0.421383 0.295064 0.834975 73 166 236
-0.262396 0.305545 -0.932645 95 166 10
0.809183 0.300132 0.501597 231 166 192
-0.940711 0.301696 0.177719 8 166 150
0.560092 0.294482 -0.748432 200 166 30
0.096549 0.307051 0.970263 140 166 249
-0.710320 0.300063 -0.635659 37 166 46
0.934604 0.294117 -0.010883 249 166 126
-0.707713 0.305185 0.663644 39 166 211
0.072156 0.299249 -0.948935 137 166 6
0.591156 0.300853 0.752741 203 166 223
-0.923512 0.294100 -0.152288 7 166 108
0.816148 0.306110 -0.532616 229 166 61
-0.236897 0.299514 0.924030 97 166 245
-0.440153 0.293183 -0.823890 70 166 20
0.916356 0.304808 0.322609 242 166 168
-0.875098 0.298383 0.373212 16 166 175
0.395435 0.299993 -0.871309 178 166 17
0.290891 0.293735 0.890941 165 166 243
-0.848370 0.305157 -0.478539 22 166 68
0.929899 0.298965 -0.215817 246 166 100
-0.527989 0.292264 0.769912 59 166 228
-0.136229 0.304410 -0.963130 110 166 7
0.734341 0.297534 0.604420 221 166 205
-0.955170 0.299119 0.050647 6 166 134
0.657500 0.293386 -0.669718 213 166 41
-0.033639 0.304191 0.972867 123 166 249
-0.620577 0.298414 -0.726296 48 166 35
0.926129 0.291361 0.113647 248 166 142
-0.792892 0.303992 0.565489 28 165 198
0.197884 0.296701 -0.930061 153 165 8
0.484998 0.298230 0.823993 189 165 232
-0.898679 0.293052 -0.275216 11 165 92
0.878316 0.303215 -0.418283 237 165 75
-0.358782 0.297861 0.886125 82 165 240
-0.325851 0.290474 -0.873863 85 165 13
0.868277 0.303553 0.443517 236 165 183
-0.916430 0.295886 0.253016 10 165 160
0.507485 0.297328 -0.809831 192 165 24
0.170221 0.292732 0.925758 150 165 247
-0.775505 0.302230 -0.586277 30 165 54
0.952433 0.297304 -0.090085 249 165 116
-0.625065 0.289605 0.691662 46 165 218
-0.006604 0.303093 -0.976012 127 165 6
0.646853 0.295087 0.696586 210 165 217
-0.952114 0.296412 -0.077071 6 165 118
0.744248 0.292424 -0.578639 224 165 53
-0.162740 0.301236 0.957765 107 165 248
-0.519291 0.296741 -0.804275 61 165 25
0.901595 0.288755 0.235838 245 165 158
-0.863976 0.302610 0.456165 20 165 184
0.320026 0.294306 -0.895056 169 165 13
0.370239 0.295485 0.879998 175 165 240
-0.857893 0.292127 -0.394405 17 165 77
0.924299 0.300237 -0.296800 243 165 90
-0.474729 0.296173 0.832103 67 165 233
-0.206198 0.287924 -0.908558 101 165 9
0.803776 0.302104 0.556998 228 165 197
-0.941814 0.293541 0.128530 7 165 144
0.609950 0.294546 -0.733735 205 165 34
0.045468 0.291840 0.944644 133 165 249
-0.688890 0.299231 -0.682954 41 165 42
0.957881 0.295598 0.037800 249 165 132
-0.711104 0.287113 0.601619 34 165 206
0.123945 0.301574 -0.970856 143 165 7
0.548180 0.292793 0.776610 198 165 227
-0.931699 0.293597 -0.202988 8 165 102
0.818713 0.291561 -0.476528 233 165 66
-0.288349 0.298222 0.925417 91 165 244
-0.408205 0.295014 -0.868038 76 165 17
0.861529 0.286323 0.353724 240 165 174
-0.919421 0.301022 0.337740 13 165 170
0.436587 0.292062 -0.844516 183 165 19
0.249120 0.292638 0.919783 159 165 245
-0.801585 0.291289 -0.507780 25 165 62
0.953410 0.297211 -0.170502 247 165 106
-0.582543 0.294422 0.762802 54 165 224
-0.083166 0.285555 -0.927524 117 165 6
0.723996 0.300445 0.660730 218 165 210
-0.950842 0.291347 0.001795 6 165 128
0.700950 0.291671 -0.644566 217 165 45
-0.081310 0.291022 0.947010 117 165 249
-0.590273 0.296199 -0.766904 53 165 31
0.945980 0.293819 0.165489 248 165 149
-0.784795 0.284808 0.501306 25 165 193
0.252825 0.299845 -0.947627 159 165 10
0.439936 0.290648 0.843175 184 165 236
-0.894440 0.290697 -0.324736 13 165 86
0.879405 0.290759 -0.364950 240 165 81
-0.408198 0.295187 0.876603 76 165 238
-0.289298 0.293206 -0.916268 91 165 11
0.806659 0.284084 0.465444 233 165 188
-0.958013 0.299221 0.212513 8 165 154
0.545649 0.289963 -0.779252 197 165 28
0.123974 0.289717 0.942730 143 165 248
-0.730458 0.290499 -0.613276 34 165 49
0.965303 0.294176 -0.041744 249 165 122
-0.680134 0.292580 0.679385 41 165 214
0.041268 0.283382 -0.930535 133 165 6
0.630438 0.298573 0.752583 206 165 221
-0.943336 0.289293 -0.125112 7 165 111
0.778877 0.288732 -0.544107 228 165 58
-0.207938 0.290239 0.932522 101 165 247
-0.481574 0.293169 -0.836745 67 165 22
0.916808 0.291943 0.290581 244 165 164
-0.845018 0.282702 0.392357 17 165 179
0.377449 0.297901 -0.906697 174 165 15
0.323877 0.288638 0.895151 169 164 242
-0.841185 0.287743 -0.440079 19 164 71
0.925009 0.289979 -0.245698 245 164 96
-0.520194 0.292165 0.812388 62 164 230
-0.164754 0.291292 -0.947933 107 164 7
0.737901 0.282046 0.569246 224 164 202
-0.978910 0.297206 0.082962 6 164 138
0.645387 0.287995 -0.700291 210 164 38
-0.002837 0.286752 0.948572 127 164 250
-0.645505 0.289716 -0.708881 45 164 37
0.959962 0.291167 0.087142 249 164 139
-0.765579 0.290628 0.583328 30 164 201
0.165138 0.281412 -0.917578 149 164 7
0.524928 0.296489 0.830680 193 164 231
-0.919351 0.287365 -0.250091 10 164 95
0.842422 0.285759 -0.434328 236 164 72
-0.332150 0.289450 0.901133 85 164 242
-0.364840 0.290176 -0.891397 81 164 15
0.870802 0.289949 0.410678 238 164 180
-0.890838 0.280802 0.276498 11 164 164
0.495316 0.295749 -0.848838 189 164 22
0.201892 0.286746 0.931604 153 164 247
-0.773080 0.284767 -0.546967 28 164 57
0.954431 0.289178 -0.120779 249 164 112
-0.622447 0.289192 0.734080 49 164 221
-0.036913 0.289256 -0.962324 123 164 5
0.656335 0.280214 0.663502 213 164 214
-0.981665 0.294987 -0.048335 6 164 121
0.734086 0.286138 -0.608874 221 164 50
-0.128979 0.283776 0.937389 111 164 248
-0.548016 0.288901 -0.792681 58 164 27
0.937670 0.288217 0.213893 247 164 155
-0.837170 0.288548 0.476397 21 164 188
0.286496 0.279648 -0.888842 165 164 11
0.409560 0.294203 0.893453 178 164 239
-0.879186 0.285540 -0.371039 15 164 80
0.890592 0.282788 -0.317323 243 164 87
-0.451633 0.288615 0.853112 70 164 235
-0.242192 0.287251 -0.930072 97 164 9
0.808758 0.287825 0.523450 230 164 194
-0.921509 0.279105 0.155534 7 164 148
0.604080 0.293399 -0.775205 203 164 31
0.075991 0.284950 0.951814 137 164 249
-0.691519 0.281804 -0.643569 38 164 44
0.966839 0.288320 0.007608 250 164 128
-0.713290 0.286297 0.643183 37 164 209
0.091781 0.287086 -0.959084 139 164 6
0.563207 0.278583 0.746699 201 164 225
-0.966241 0.292575 -0.178766 7 164 105
0.810168 0.284369 -0.506452 231 164 63
-0.252203 0.280825 0.909575 95 164 245
-0.439578 0.288014 -0.862914 72 164 19
0.898986 0.285353 0.336349 242 164 170
-0.893477 0.286331 0.360612 14 164 173
0.403423 0.278082 -0.844713 180 164 17
0.286641 0.291733 0.939685 163 164 244
-0.823397 0.283794 -0.485870 22 164 65
0.922710 0.279852 -0.195257 247 164 102
-0.564073 0.287696 0.789066 56 164 227
-0.115788 0.284423 -0.952267 113 164 6
0.731823 0.285561 0.626696 220 164 207
-0.936469 0.277602 0.031347 5 164 132
0.701613 0.290872 -0.687296 215 164 42
-0.051710 0.283224 0.955303 121 164 250
-0.598101 0.278887 -0.728299 50 164 33
0.961712 0.287366 0.137110 249 164 145
-0.791285 0.283505 0.541365 27 164 197
0.218842 0.284776 -0.938235 155 164 8
0.459915 0.277142 0.817457 187 164 234
-0.933002 0.289994 -0.305762 11 164 89
0.872216 0.282659 -0.394687 239 164 77
-0.370382 0.277932 0.865815 79 164 240
-0.322060 0.287021 -0.918027 87 164 12
0.844714 0.282601 0.452476 235 164 185
-0.933381 0.283975 0.238197 9 164 158
0.514036 0.276701 -0.785783 194 164 25
0.158616 0.289100 0.968534 147 164 248
-0.752803 0.282097 -0.592547 31 164 52
0.938405 0.276986 -0.070315 249 164 118
-0.667219 0.286660 0.709955 44 163 217
0.012209 0.281711 -0.957749 129 163 5
0.641471 0.283158 0.718407 209 163 219
-0.935353 0.276278 -0.094117 6 163 115
0.786060 0.288191 -0.586901 226 163 54
-0.179010 0.281538 0.941852 105 163 248
-0.494581 0.276052 -0.799832 63 163 23
0.938872 0.286284 0.265266 245 163 161
-0.855228 0.280836 0.430421 18 163 183
0.341809 0.282327 -0.900175 171 163 13
0.348015 0.275872 0.874533 173 163 241
-0.882698 0.287268 -0.426865 17 163 74
0.919010 0.280979 -0.275441 245 163 92
-0.481544 0.275130 0.807045 65 163 233
-0.197585 0.285890 -0.956731 103 163 8
0.775876 0.279977 0.560384 227 163 199
-0.956118 0.281481 0.111526 6 163 142
0.616497 0.275483 -0.712845 208 163 35
0.028006 0.286333 0.979549 131 163 250
-0.668497 0.280421 -0.689116 42 163 40
0.937597 0.274222 0.055340 250 163 135
-0.758941 0.285477 0.617091 33 163 205
0.139662 0.279133 -0.946541 145 163 6
0.539467 0.280621 0.796824 196 163 229
-0.918002 0.275109 -0.218850 8 163 99
0.855877 0.285386 -0.476049 234 163 68
-0.303657 0.279861 0.911527 89 163 244
-0.382823 0.273328 -0.857103 78 163 16
0.898518 0.285046 0.389568 240 163 176
-0.904145 0.278304 0.312245 12 163 167
0.458312 0.279748 -0.845671 186 163 20
0.229218 0.274749 0.916839 157 163 246
-0.816424 0.284429 -0.539786 25 163 60
0.949563 0.279299 -0.150756 248 163 108
-0.583898 0.272450 0.734414 51 163 223
-0.068489 0.284595 -0.978054 119 163 5
0.693688 0.277492 0.658333 216 163 212
-0.961294 0.278861 -0.016945 5 163 125
0.709034 0.274403 -0.626911 219 163 46
-0.102667 0.283462 0.972664 115 163 249
-0.571848 0.278734 -0.773744 55 163 29
0.920469 0.271589 0.179603 248 163 151
-0.837299 0.284124 0.512120 23 163 191
0.264472 0.276696 -0.918907 161 163 10
0.427815 0.277963 0.860477 182 163 237
-0.884482 0.274068 -0.340796 13 163 83
0.909861 0.282489 -0.356942 242 163 83
-0.423379 0.278164 0.864701 74 163 238
-0.264761 0.270744 -0.899305 93 163 10
0.841235 0.283632 0.507526 232 163 191
-0.937293 0.275915 0.188808 7 163 152
0.566137 0.277052 -0.775839 200 163 29
0.105388 0.273743 0.943469 141 163 249
-0.735583 0.281508 -0.642461 35 163 47
0.963157 0.277589 -0.022835 250 163 125
-0.675840 0.269918 0.649249 39 163 212
0.062730 0.283118 -0.981382 135 163 5
0.599541 0.275151 0.744750 204 163 223
-0.948893 0.276131 -0.144742 6 163 109
0.789959 0.273428 -0.529218 229 163 59
-0.230939 0.280523 0.948180 99 163 247
-0.464490 0.277008 -0.844771 68 163 20
0.887449 0.269110 0.300453 244 163 167
-0.900604 0.282583 0.396994 15 163 177
0.384602 0.274402 -0.875339 177 163 15
0.308705 0.275200 0.908231 167 163 244
-0.835104 0.273121 -0.457870 20 163 69
0.947157 0.279534 -0.231894 247 163 98
-0.535935 0.276419 0.802068 59 163 229
-0.142368 0.268322 -0.925874 109 163 6
0.768001 0.282025 0.616740 223 163 204
-0.954155 0.273669 0.062140 5 163 135
0.663279 0.274261 -0.692106 212 163 39
-0.021466 0.272821 0.953720 125 163 250
-0.641831 0.278542 -0.733083 47 163 35
0.959376 0.275822 0.105999 249 163 141
-0.755961 0.267553 0.553023 29 163 200
0.193483 0.281446 -0.966495 152 163 7
0.494986 0.272951 0.818228 191 162 232
-0.919269 0.273313 -0.269439 10 162 93
0.857706 0.272526 -0.421231 238 162 73
-0.354461 0.277549 0.906737 83 162 242
-0.348309 0.275215 -0.900754 83 162 13
0.839173 0.266805 0.415967 237 162 182
-0.947478 0.280844 0.273928 10 162 162
0.498083 0.272248 -0.816550 191 162 23
0.184448 0.272358 0.939298 151 162 248
-0.770447 0.272234 -0.567983 29 162 55
0.967263 0.276556 -0.103271 249 162 114
-0.639169 0.274599 0.724648 46 162 219
-0.017632 0.266078 -0.936479 125 162 5
0.680164 0.280219 0.714970 212 162 216
-0.954440 0.271560 -0.065684 5 162 119
0.747992 0.271397 -0.596161 223 162 51
-0.149205 0.271945 0.947135 108 162 249
-0.537024 0.275565 -0.810131 60 162 25
0.938139 0.273971 0.233347 247 162 157
-0.823043 0.265372 0.447328 20 162 186
0.321155 0.279573 -0.933576 167 162 11
0.381725 0.270885 0.877540 176 162 240
-0.873127 0.270432 -0.388723 15 162 78
0.910864 0.271657 -0.304651 244 162 89
-0.471045 0.274575 0.849280 68 162 235
-0.225411 0.273333 -0.940517 99 162 8
0.776477 0.264687 0.524333 229 162 196
-0.976898 0.278904 0.145339 6 162 146
0.603033 0.270223 -0.743474 205 162 32
0.057412 0.269463 0.953248 135 162 250
-0.691373 0.271369 -0.669078 39 162 42
0.970010 0.273590 0.026567 250 162 131
-0.731058 0.272682 0.633785 35 162 208
0.107464 0.264023 -0.931006 142 162 6
0.579417 0.278214 0.800203 199 162 227
-0.938093 0.269574 -0.192561 7 162 103
0.818820 0.268491 -0.489904 233 162 64
-0.275586 0.271079 0.923526 92 162 245
-0.423167 0.272609 -0.872378 74 162 17
0.899718 0.272019 0.356787 242 162 173
-0.876061 0.263381 0.333857 13 162 171
0.443182 0.277501 -0.883222 183 162 18
0.261596 0.268936 0.921652 161 162 246
-0.811484 0.267518 -0.500440 23 162 63
0.948221 0.270786 -0.181401 248 162 104
-0.578694 0.271635 0.777012 54 162 226
-0.098087 0.271342 -0.963192 115 162 5
0.700368 0.262760 0.623854 219 162 209
-0.988229 0.276768 0.013784 5 162 129
0.697672 0.268310 -0.657255 217 162 43
-0.070037 0.266545 0.950003 118 162 250
-0.599042 0.270488 -0.759177 51 162 31
0.955547 0.270667 0.155311 249 162 147
-0.809780 0.270652 0.531124 25 162 195
0.230953 0.262161 -0.909550 158 162 8
0.467750 0.276014 0.870714 186 162 236
-0.905298 0.267693 -0.316374 12 162 87
0.874616 0.265573 -0.375390 240 162 79
-0.398297 0.270184 0.883013 77 162 239
-0.302362 0.269707 -0.918897 89 162 11
0.844749 0.269948 0.473935 235 162 188
-0.914173 0.261582 0.214387 8 162 156
0.557125 0.275240 -0.816422 197 162 26
0.136566 0.267086 0.949736 145 162 249
-0.735632 0.264603 -0.602646 32 162 50
0.968813 0.269873 -0.053608 250 162 121
-0.675627 0.268757 0.691360 42 162 215
0.031247 0.269229 -0.968255 131 162 5
0.612022 0.261024 0.712953 208 162 221
-0.981245 0.274447 -0.118117 6 162 113
0.780344 0.266488 -0.559255 227 162 56
-0.195595 0.263637 0.929817 102 162 248
-0.494914 0.269553 -0.836428 65 162 22
0.924311 0.267816 0.280738 245 162 163
-0.873760 0.268496 0.418585 17 162 181
0.350890 0.260487 -0.872404 173 162 14
0.347391 0.273635 0.925114 171 162 243
-0.856491 0.265897 -0.435012 18 162 72
0.914555 0.262676 -0.254767 246 161 95
-0.515001 0.269224 0.826048 62 161 232
-0.176765 0.266886 -0.949051 105 161 7
0.774224 0.267749 0.582511 226 161 201
-0.936725 0.259969 0.090777 5 161 139
0.660737 0.272805 -0.734529 210 161 36
0.008718 0.265312 0.961194 129 161 250
-0.647090 0.261720 -0.693630 44 161 38
0.971964 0.268884 0.076425 250 161 137
-0.760292 0.265967 0.593927 31 161 203
0.160100 0.266987 -0.955551 148 161 6
0.512771 0.259470 0.790177 194 161 231
-0.956131 0.271958 -0.247752 9 161 97
0.849543 0.264733 -0.451050 236 161 70
-0.317061 0.260771 0.893247 86 161 243
-0.380742 0.268532 -0.899163 80 161 14
0.876997 0.265060 0.400743 239 161 179
-0.921725 0.266211 0.298317 11 161 165
0.465362 0.258990 -0.820066 188 161 21
0.220745 0.271094 0.962381 155 161 247
-0.792373 0.264158 -0.546398 26 161 58
0.938123 0.259831 -0.130228 249 161 111
-0.623397 0.268166 0.753435 49 161 222
-0.048549 0.264166 -0.962481 121 161 5
0.689481 0.265420 0.680398 215 161 214
-0.943255 0.258529 -0.035047 5 161 123
0.752020 0.270216 -0.639213 221 161 48
-0.119772 0.263586 0.955680 112 161 250
-0.547552 0.258900 -0.771940 56 161 27
0.957333 0.267787 0.206265 248 161 153
-0.831369 0.263286 0.486461 21 161 190
0.285978 0.264615 -0.925306 164 161 10
0.404107 0.258084 0.854209 180 161 239
-0.913463 0.269323 -0.372591 14 161 81
0.903945 0.263017 -0.334420 243 161 85
-0.432380 0.257979 0.841121 71 161 237
-0.258549 0.267392 -0.945958 95 161 9
0.814533 0.262419 0.513357 232 161 193
-0.952739 0.263796 0.172647 6 161 149
0.572496 0.257656 -0.753236 202 161 30
0.090320 0.268418 0.981881 139 161 250
-0.713914 0.262449 -0.648521 36 161 45
0.945106 0.257070 -0.003961 251 161 127
-0.721277 0.266981 0.666330 37 161 211
0.080122 0.261566 -0.959090 138 161 5
0.592163 0.262963 0.765705 203 161 225
-0.933502 0.257243 -0.161091 6 161 107
0.829276 0.267500 -0.532412 231 161 61
-0.246654 0.261881 0.933124 96 161 246
-0.438846 0.256173 -0.836383 70 161 19
0.924945 0.266554 0.333401 243 161 169
-0.887770 0.260728 0.370821 14 161 175
0.406448 0.262117 -0.878124 179 161 16
0.287677 0.256844 0.903876 165 161 245
-0.854190 0.266571 -0.490250 21 161 66
0.942443 0.261313 -0.211338 248 161 101
-0.539666 0.255290 0.774499 57 161 228
-0.130594 0.266108 -0.975681 111 161 6
0.738052 0.259904 0.616759 222 161 206
-0.966234 0.261258 0.044014 5 161 133
0.670474 0.256459 -0.672828 214 161 40
-0.041342 0.265632 0.983372 122 161 250
-0.622362 0.260742 -0.739476 48 161 33
0.935569 0.254421 0.121890 250 161 143
-0.806592 0.265645 0.566237 27 161 198
0.207120 0.259096 -0.939033 154 161 7
0.484184 0.260387 0.836815 189 161 234
-0.907423 0.256086 -0.285308 10 161 91
0.891135 0.264685 -0.416268 239 161 75
-0.369649 0.260169 0.893756 80 161 241
-0.322886 0.253567 -0.886028 85 161 12
0.875207 0.265162 0.455313 237 161 184
-0.928641 0.258302 0.248954 9 161 159
0.519205 0.259505 -0.814971 194 161 24
0.165286 0.255725 0.938178 149 161 249
-0.779585 0.263731 -0.598544 30 161 53
0.964184 0.259592 -0.083951 250 161 117
-0.637219 0.252729 0.694633 44 161 218
0.000679 0.264660 -0.987545 128 161 4
0.648871 0.257523 0.709289 211 160 218
-0.962019 0.258611 -0.085095 5 160 117
0.757556 0.255373 -0.579978 225 160 53
-0.171732 0.262770 0.966988 106 160 249
-0.519241 0.259009 -0.817505 61 160 24
0.909828 0.251908 0.245251 246 160 160
-0.877521 0.264138 0.454986 18 160 184
0.330366 0.256760 -0.902695 170 160 12
0.367665 0.257708 0.892431 174 160 241
-0.865214 0.255031 -0.405609 16 160 75
0.936577 0.261804 -0.293061 245 160 91
-0.486480 0.258421 0.838124 66 160 234
-0.201640 0.251104 -0.920198 101 160 7
0.808922 0.263596 0.569535 228 160 198
-0.953353 0.256011 0.122874 5 160 143
0.622130 0.256795 -0.737141 207 160 33
0.038888 0.254696 0.956307 133 160 251
-0.691200 0.260835 -0.695535 41 160 40
0.968604 0.257827 0.045456 251 160 133
-0.723531 0.250318 0.602938 33 160 206
0.132698 0.263033 -0.981143 144 160 5
0.548476 0.255276 0.789452 198 160 229
-0.940282 0.255874 -0.212211 7 160 100
0.832103 0.254367 -0.476054 234 160 66
-0.298430 0.259863 0.933221 90 160 245
-0.406333 0.257224 -0.881050 76 160 16
0.868427 0.249551 0.364144 241 160 175
-0.932529 0.262449 0.334688 11 160 169
0.447846 0.254556 -0.850692 185 160 18
0.244881 0.254945 0.931597 159 160 247
-0.807328 0.254044 -0.519890 24 160 61
0.964936 0.258889 -0.165151 249 160 107
-0.594932 0.256614 0.767103 52 160 225
-0.077099 0.248802 -0.938450 117 160 5
0.727280 0.261845 0.673731 218 160 211
-0.961507 0.253850 -0.005351 4 160 127
0.713344 0.254009 -0.646217 219 160 45
-0.089422 0.253724 0.957684 116 160 250
-0.590815 0.257916 -0.779561 53 160 29
0.955465 0.255994 0.174498 249 160 150
-0.797290 0.248073 0.500960 23 160 193
0.262836 0.261220 -0.956473 160 160 9
0.438506 0.253158 0.855929 184 160 237
-0.901571 0.253068 -0.334951 12 160 85
0.892615 0.253407 -0.362657 242 160 81
-0.419158 0.256943 0.882882 75 160 239
-0.285659 0.255364 -0.928797 91 160 10
0.812115 0.247363 0.476695 234 160 190
-0.970416 0.260574 0.207688 7 160 153
0.557625 0.252478 -0.783855 199 160 27
0.118194 0.252122 0.953716 143 160 250
-0.734498 0.253091 -0.626060 34 160 47
0.975888 0.255972 -0.034917 251 160 123
-0.692901 0.254724 0.681895 40 160 214
0.048740 0.246673 -0.940568 134 160 4
0.631829 0.259907 0.765766 206 160 223
-0.952934 0.251811 -0.133620 5 160 110
0.791247 0.251172 -0.544019 229 160 58
-0.217431 0.252774 0.941987 100 160 248
-0.480380 0.255005 -0.849250 67 160 20
0.924875 0.254072 0.300742 245 160 166
-0.857373 0.246003 0.390352 15 160 179
0.388484 0.259220 -0.913946 176 160 14
0.320746 0.251155 0.907585 169 160 244
-0.846770 0.250220 -0.451071 19 160 69
0.937775 0.252456 -0.241621 247 160 97
-0.531817 0.254042 0.817066 60 160 231
-0.159444 0.253409 -0.959727 107 160 6
0.741822 0.245353 0.581142 225 160 204
-0.990364 0.258512 0.076502 4 160 137
0.657862 0.250511 -0.703237 212 160 37
-0.010011 0.249267 0.958550 126 160 251
-0.647751 0.252136 -0.722086 45 160 36
0.969438 0.253085 0.095292 250 160 140
-0.778454 0.252734 0.584019 29 160 202
0.173892 0.244723 -0.926550 150 160 6
0.524439 0.257785 0.843767 193 160 232
-0.927706 0.249877 -0.259805 9 160 94
0.854542 0.248313 -0.432545 238 159 72
-0.342839 0.251811 0.909192 84 159 243
-0.361968 0.252133 -0.903533 82 159 13
0.877302 0.252046 0.421765 239 159 181
-0.902846 0.244112 0.272864 9 159 163
0.507122 0.257039 -0.854377 191 159 21
0.197117 0.249252 0.943488 153 159 248
-0.777054 0.247360 -0.558516 27 159 55
0.966491 0.251481 -0.114993 250 159 113
-0.634518 0.251190 0.737106 47 159 221
-0.030066 0.251346 -0.973149 124 159 4
0.658650 0.243521 0.675844 214 159 216
-0.991956 0.256274 -0.056256 4 159 121
0.746829 0.248637 -0.610105 223 159 49
-0.137385 0.246409 0.946201 110 159 250
-0.548417 0.251145 -0.806038 58 159 25
0.945895 0.250254 0.223198 248 159 156
-0.849886 0.250632 0.475283 20 159 188
0.296390 0.242950 -0.896595 166 159 10
0.407247 0.255490 0.906176 178 159 240
-0.886141 0.248030 -0.381780 14 159 79
0.902250 0.245461 -0.313918 244 159 87
-0.463300 0.250800 0.859596 69 159 236
-0.237723 0.249327 -0.941635 97 159 8
0.813583 0.249905 0.535219 231 159 195
-0.932963 0.242397 0.150324 6 159 147
0.616395 0.254689 -0.778965 204 159 31
0.069659 0.247429 0.962926 136 159 251
-0.693850 0.244517 -0.655456 38 159 43
0.977943 0.250447 0.014985 251 159 129
-0.725591 0.248410 0.644535 35 159 210
0.099997 0.249164 -0.968735 140 159 5
0.563866 0.241863 0.759278 201 159 227
-0.975188 0.253871 -0.187950 6 159 104
0.822938 0.246835 -0.505944 233 159 63
-0.261664 0.243579 0.917093 94 159 246
-0.438125 0.250084 -0.876146 72 159 17
0.905838 0.247504 0.346631 243 159 172
-0.905774 0.248410 0.357748 13 159 173
0.414294 0.241347 -0.851105 182 159 16
0.282598 0.253037 0.951795 163 159 246
-0.828817 0.246246 -0.497434 22 159 64
0.933712 0.242647 -0.190325 249 159 103
-0.576476 0.249710 0.793842 55 159 227
-0.109824 0.246609 -0.963067 114 159 5
0.734905 0.247642 0.638891 221 159 209
-0.947165 0.240848 0.024639 4 159 131
0.714176 0.252188 -0.689246 216 159 42
-0.059478 0.245662 0.965427 120 159 251
-0.598783 0.241722 -0.740311 50 159 31
0.971630 0.249324 0.145921 250 159 146
-0.803602 0.245725 0.541043 25 159 197
0.228230 0.246861 -0.946535 156 159 7
0.458891 0.240366 0.830055 187 159 236
-0.940463 0.251325 -0.315989 10 159 88
0.884766 0.245080 -0.392448 240 159 77
-0.380713 0.240806 0.871936 78 159 241
-0.318789 0.248924 -0.930857 87 159 11
0.850094 0.244854 0.463545 236 159 187
-0.945016 0.246066 0.233679 8 159 157
0.525701 0.239901 -0.790687 196 159 25
0.152972 0.250448 0.979806 147 159 250
-0.756582 0.244502 -0.604709 31 159 50
0.948576 0.239899 -0.063971 251 159 119
-0.680093 0.248511 0.712930 42 159 217
0.019549 0.243996 -0.967611 130 159 4
0.642785 0.245259 0.730771 209 159 220
-0.945093 0.239450 -0.102218 5 159 114
0.798613 0.249559 -0.587054 227 159 54
-0.188062 0.243924 0.950790 104 159 249
-0.493633 0.239003 -0.811763 63 159 22
0.947401 0.248083 0.275317 246 159 162
-0.867350 0.243151 0.428450 17 159 182
0.352152 0.244438 -0.906985 172 159 12
0.345311 0.239014 0.886924 172 159 243
-0.888566 0.248658 -0.437904 17 159 73
0.931094 0.243347 -0.271516 246 159 93
-0.492556 0.238118 0.811690 63 159 233
-0.192578 0.247639 -0.968891 103 159 6
0.779707 0.242319 0.572042 227 158 201
-0.966869 0.243606 0.105482 5 158 141
0.628753 0.238591 -0.716158 209 158 35
0.020916 0.247747 0.989786 130 158 251
-0.670563 0.242769 -0.701635 42 158 38
0.946779 0.237245 0.062967 251 158 136
-0.772009 0.247179 0.618215 31 158 205
0.148238 0.241501 -0.955305 146 158 5
0.539027 0.242761 0.809100 196 158 230
-0.926598 0.238181 -0.228211 7 158 98
0.868176 0.246827 -0.474452 236 158 68
-0.313811 0.242190 0.919104 88 158 245
-0.380285 0.236386 -0.868754 78 158 14
0.905490 0.246702 0.400635 241 158 178
-0.915866 0.240696 0.308672 10 158 167
0.469378 0.241906 -0.850889 187 158 19
0.224865 0.237783 0.928792 157 158 248
-0.820631 0.245899 -0.551402 25 158 58
0.960941 0.241608 -0.145228 250 158 109
-0.595398 0.235540 0.737526 50 158 224
-0.061870 0.246207 -0.989291 120 158 4
0.695914 0.239906 0.670375 217 158 213
-0.970967 0.241039 -0.024356 4 158 124
0.721660 0.237395 -0.628554 221 158 46
-0.111025 0.244963 0.981698 114 158 250
-0.572164 0.241023 -0.786367 55 158 27
0.928524 0.234710 0.188370 249 158 152
-0.850280 0.245694 0.511390 21 158 191
0.274130 0.239130 -0.926427 163 158 9
0.425675 0.240162 0.872424 182 158 239
-0.891760 0.237017 -0.351256 12 158 82
0.921679 0.244022 -0.353674 243 158 83
-0.434425 0.240434 0.870769 72 158 238
-0.260694 0.233894 -0.910487 93 158 9
0.846520 0.245163 0.519360 233 158 192
-0.948412 0.238367 0.183703 6 158 151
0.577688 0.239276 -0.779403 201 158 28
0.099450 0.236647 0.954753 140 158 251
-0.738096 0.243076 -0.654417 35 158 45
0.973599 0.239839 -0.015823 251 158 125
-0.687633 0.233095 0.650793 38 158 213
0.070798 0.244613 -0.991470 136 158 4
0.600131 0.237619 0.756965 204 158 225
-0.957324 0.238381 -0.153338 5 158 108
0.802719 0.236285 -0.529141 231 158 59
-0.240374 0.242126 0.955874 97 158 248
-0.463059 0.239238 -0.857241 69 158 19
0.894253 0.232312 0.310205 244 158 168
-0.913224 0.244045 0.394454 14 158 177
0.395168 0.236883 -0.881488 178 158 15
0.304950 0.237477 0.919622 166 158 245
-0.840912 0.235928 -0.469239 19 158 67
0.958287 0.241173 -0.227062 248 158 99
-0.547644 0.238630 0.806512 58 158 230
-0.136851 0.231547 -0.936407 110 158 5
0.771513 0.243456 0.629076 223 158 206
-0.964477 0.236162 0.055597 4 158 135
0.675078 0.236567 -0.693988 214 158 39
-0.028891 0.235576 0.964112 124 158 251
-0.642647 0.240219 -0.745150 47 158 34
0.968676 0.238015 0.114341 251 158 142
-0.767851 0.230798 0.552984 27 158 200
0.202804 0.242849 -0.975236 153 158 6
0.493934 0.235453 0.830400 191 158 234
-0.926329 0.235650 -0.279023 9 158 92
0.870352 0.235228 -0.419419 239 158 74
-0.364771 0.239265 0.912986 82 158 243
-0.345174 0.237392 -0.912815 84 158 12
0.844622 0.230068 0.426539 238 158 183
-0.959474 0.242222 0.269663 8 158 161
0.509369 0.234757 -0.821222 193 158 22
0.179193 0.234728 0.949929 150 158 249
-0.774656 0.234883 -0.580046 28 158 53
0.977519 0.238311 -0.097003 251 158 115
-0.651291 0.236759 0.727391 45 158 220
-0.010761 0.229355 -0.946192 126 158 4
0.681862 0.241575 0.727537 212 158 218
-0.963782 0.234073 -0.073549 4 158 118
0.759806 0.233802 -0.596371 225 157 51
-0.157982 0.234538 0.956420 107 157 250
-0.536173 0.237360 -0.822086 60 157 24
0.946116 0.236117 0.242833 248 157 158
-0.834836 0.228661 0.445710 18 157 186
0.331507 0.240910 -0.940813 169 157 11
0.379048 0.233400 0.889452 176 157 242
-0.878717 0.232872 -0.399085 15 157 76
0.923143 0.234194 -0.301127 245 157 89
-0.482024 0.236411 0.854005 67 157 235
-0.220656 0.235464 -0.951924 100 157 7
0.780482 0.227985 0.535550 230 157 198
-0.988028 0.240225 0.139476 5 157 145
0.614836 0.232739 -0.746582 206 157 32
0.050796 0.231939 0.962939 134 157 251
-0.693888 0.233848 -0.681599 39 157 41
0.979230 0.235466 0.034126 251 157 132
-0.743338 0.234801 0.634788 33 157 208
0.115576 0.227328 -0.939739 143 157 4
0.579304 0.239522 0.812730 199 157 228
-0.946284 0.232088 -0.201605 6 157 102
0.830428 0.231005 -0.488482 234 157 65
-0.285547 0.233500 0.931510 91 157 246
-0.420701 0.234525 -0.884013 74 157 16
0.906222 0.234126 0.367205 242 157 174
-0.887560 0.226689 0.330684 11 157 171
0.454323 0.238800 -0.888837 184 157 17
0.257341 0.231447 0.933084 160 157 247
-0.815539 0.230071 -0.511370 22 157 62
0.959882 0.233149 -0.176226 249 157 105
-0.590133 0.233591 0.780165 53 157 226
-0.091831 0.233441 -0.973715 116 157 4
0.702859 0.226069 0.635530 219 157 211
-0.998280 0.238061 0.006483 3 157 128
0.709774 0.230815 -0.658740 218 157 43
-0.077859 0.229137 0.958600 117 157 251
-0.599802 0.232793 -0.771902 51 157 30
0.963591 0.232663 0.163999 250 157 148
-0.821959 0.232743 0.530392 23 157 195
0.240174 0.225466 -0.917152 159 157 8
0.465871 0.237303 0.882941 185 157 237
-0.912184 0.230192 -0.326430 11 157 86
0.885813 0.228205 -0.372402 242 157 79
-0.409241 0.232430 0.889526 76 157 240
-0.298357 0.231743 -0.930014 90 157 9
0.849665 0.232033 0.485055 235 157 189
-0.925183 0.224882 0.209707 7 157 155
0.568804 0.236529 -0.820337 198 157 26
0.130811 0.229576 0.960473 144 157 250
-0.738117 0.227275 -0.613932 32 157 48
0.979613 0.232061 -0.046885 251 157 122
-0.687318 0.230830 0.692915 40 157 216
0.038848 0.231311 -0.977688 132 157 4
0.612947 0.224315 0.724893 208 157 222
-0.990036 0.235739 -0.126668 4 157 112
0.792519 0.228966 -0.559087 229 157 56
-0.204452 0.226349 0.937192 101 157 249
-0.493901 0.231684 -0.849093 65 157 20
0.931060 0.229927 0.290385 246 157 164
-0.885585 0.230576 0.416163 15 157 180
0.361070 0.223765 -0.878739 175 157 13
0.343833 0.234932 0.936795 170 157 244
-0.861940 0.228363 -0.445892 17 157 70
0.925151 0.225428 -0.250304 247 157 95
-0.526701 0.231297 0.830955 61 157 232
-0.171316 0.229034 -0.959467 106 157 5
0.777480 0.229829 0.594087 226 157 203
-0.947052 0.223232 0.084657 4 157 139
0.672698 0.234111 -0.736708 211 157 36
0.001569 0.227765 0.971031 128 157 252
-0.647997 0.224513 -0.705066 44 157 36
0.981677 0.230900 0.084555 251 157 138
-0.772030 0.228150 0.593884 29 157 203
0.168863 0.229069 -0.963719 149 157 5
0.512102 0.222715 0.802177 194 157 232
-0.963516 0.233275 -0.257344 8 157 95
0.861556 0.227170 -0.449229 238 157 70
-0.326777 0.223604 0.899300 85 157 244
-0.377980 0.230493 -0.911502 80 157 13
0.882356 0.227278 0.411169 240 156 180
-0.932958 0.228297 0.294289 9 156 165
0.476331 0.222214 -0.825010 190 156 20
0.215625 0.232427 0.973294 154 156 249
-0.796276 0.226580 -0.557892 26 156 56
0.947948 0.222703 -0.124398 251 156 111
-0.635604 0.230073 0.756634 48 156 223
-0.041770 0.226417 -0.972027 122 156 3
0.691043 0.227513 0.692181 215 156 215
-0.952711 0.221727 -0.042511 3 156 122
0.764015 0.231565 -0.639661 223 156 48
-0.128175 0.225991 0.964423 111 156 251
-0.546898 0.221811 -0.783325 56 156 26
0.965757 0.229640 0.215624 249 156 155
-0.842952 0.225568 0.484841 20 156 189
0.295696 0.226716 -0.932068 165 156 9
0.401839 0.221255 0.866054 180 156 240
-0.919334 0.230692 -0.383003 13 156 80
0.915561 0.225404 -0.330980 244 156 85
-0.442772 0.220928 0.845774 70 156 238
-0.254105 0.229194 -0.957709 96 156 7
0.818426 0.224730 0.524374 232 156 195
-0.963161 0.225908 0.167131 5 156 149
0.584067 0.220796 -0.756687 203 156 29
0.083785 0.229808 0.991830 138 156 251
-0.716195 0.224817 -0.660403 36 156 43
0.954007 0.220055 0.003112 252 156 128
-0.733726 0.228734 0.667764 36 156 211
0.088101 0.223906 -0.967613 139 156 4
0.592038 0.225089 0.777448 203 156 226
-0.941906 0.220350 -0.169781 5 156 105
0.841065 0.228915 -0.531170 233 156 61
-0.256146 0.224231 0.940600 95 156 247
-0.436669 0.219194 -0.847527 71 156 17
0.931908 0.228258 0.343781 244 156 171
-0.899001 0.223093 0.367667 12 156 175
0.416900 0.224258 -0.883373 181 156 15
0.283833 0.219916 0.915351 164 156 246
-0.858474 0.228013 -0.501252 20 156 65
0.953429 0.223643 -0.206350 249 156 101
-0.550550 0.218345 0.777695 56 156 229
-0.124577 0.227767 -0.986597 112 156 4
0.740424 0.222294 0.628173 222 156 208
-0.975652 0.223417 0.037158 3 156 132
0.682442 0.219493 -0.674704 216 156 40
-0.049124 0.227103 0.992189 121 156 252
-0.622978 0.223052 -0.751506 48 156 32
0.943412 0.217509 0.130070 251 156 144
-0.819015 0.227260 0.565893 25 156 198
0.216153 0.221508 -0.946392 155 156 6
0.482415 0.222566 0.848281 189 156 236
-0.914607 0.219079 -0.295076 9 156 89
0.902495 0.226186 -0.413408 241 156 76
-0.380034 0.222459 0.899818 79 156 242
-0.319243 0.216686 -0.896751 86 156 10
0.880576 0.226736 0.466479 237 156 186
-0.939329 0.220734 0.244330 7 156 159
0.530161 0.221705 -0.818640 195 156 23
0.159919 0.218674 0.949063 148 156 250
-0.782245 0.225264 -0.609907 29 156 51
0.974319 0.221862 -0.077521 251 156 118
-0.648408 0.215877 0.696339 43 156 218
0.008120 0.226195 -0.997401 129 156 3
0.649690 0.219973 0.720901 211 156 220
-0.970269 0.220835 -0.093118 4 156 116
0.769698 0.218278 -0.580226 227 156 53
-0.180576 0.224337 0.974538 105 156 250
-0.518185 0.221260 -0.829437 62 156 22
0.916496 0.215083 0.254391 247 156 161
-0.889650 0.225636 0.452893 17 156 184
0.340291 0.219225 -0.908769 171 156 11
0.364331 0.219957 0.903397 174 156 243
-0.871028 0.217888 -0.416281 15 156 74
0.947306 0.223407 -0.288684 246 156 91
-0.497542 0.220653 0.842654 64 156 235
-0.196604 0.214304 -0.930326 102 156 6
0.812604 0.225060 0.581234 229 156 200
-0.963313 0.218490 0.116866 4 156 142
0.633360 0.219072 -0.739198 208 155 33
0.032085 0.217503 0.966386 132 155 252
-0.692232 0.222474 -0.707036 40 155 39
0.977685 0.220040 0.053188 252 155 134
-0.734840 0.213540 0.603139 31 155 206
0.141381 0.224467 -0.989743 145 155 4
0.547731 0.217767 0.801057 198 155 230
-0.947233 0.218180 -0.221212 6 155 99
0.844186 0.217124 -0.474651 236 155 67
-0.308141 0.221539 0.939397 89 155 246
-0.403637 0.219419 -0.892638 76 155 14
0.873820 0.212793 0.374087 242 155 176
-0.944107 0.223855 0.330921 10 155 169
0.458487 0.217056 -0.855376 186 155 18
0.240089 0.217282 0.941863 158 155 248
-0.811643 0.216747 -0.531268 23 155 59
0.974850 0.220604 -0.159378 250 155 107
-0.606437 0.218792 0.770017 51 155 225
-0.070761 0.212062 -0.947822 118 155 3
0.729225 0.223226 0.685703 218 155 213
-0.970563 0.216357 -0.012636 3 155 126
0.724622 0.216379 -0.646666 220 155 45
-0.097542 0.216374 0.966749 115 155 251
-0.590243 0.219670 -0.790984 53 155 28
0.963312 0.218156 0.183360 250 155 151
-0.808533 0.211348 0.499658 22 155 193
0.272551 0.222579 -0.963655 161 155 8
0.436212 0.215669 0.867321 183 155 239
-0.907124 0.215472 -0.344730 11 155 83
0.904400 0.216001 -0.359615 243 155 82
-0.429537 0.218737 0.887608 73 155 240
-0.281395 0.217511 -0.939804 92 155 8
0.816147 0.210650 0.487276 234 155 191
-0.981205 0.221913 0.202361 6 155 153
0.568791 0.214992 -0.787065 200 155 27
0.112076 0.214561 0.963104 142 155 251
-0.737214 0.215629 -0.637923 33 155 46
0.984830 0.217806 -0.027889 252 155 124
-0.704603 0.216857 0.683149 38 155 214
0.056274 0.209969 -0.949032 135 155 3
0.632031 0.221231 0.777748 206 155 224
-0.960924 0.214325 -0.142051 4 155 109
0.802357 0.213648 -0.542895 231 155 58
-0.226715 0.215255 0.949849 99 155 249
-0.478254 0.216879 -0.860392 67 155 19
0.931335 0.216193 0.310537 246 155 167
-0.868365 0.209306 0.387570 14 155 178
0.399000 0.220531 -0.919587 177 155 13
0.316942 0.213668 0.918557 168 155 245
-0.850858 0.212734 -0.461422 18 155 68
0.949020 0.214880 -0.236989 248 155 97
-0.542663 0.215957 0.820291 59 155 231
-0.153719 0.215519 -0.969927 108 155 4
0.744425 0.208659 0.592188 225 155 205
-1.000152 0.219814 0.069764 3 155 136
0.669349 0.213021 -0.704911 213 155 37
-0.017307 0.211818 0.966907 125 155 252
-0.648803 0.214501 -0.734195 45 155 34
0.977271 0.215039 0.103422 251 155 141
-0.790105 0.214834 0.583607 27 155 202
0.182500 0.208029 -0.933962 151 155 5
0.522934 0.219080 0.855503 192 155 234
-0.934479 0.212381 -0.269229 8 155 93
0.865283 0.210904 -0.429911 239 155 72
-0.353104 0.214118 0.915683 83 155 244
-0.358359 0.214128 -0.914204 82 155 12
0.882259 0.214139 0.432273 239 155 182
-0.913403 0.207416 0.268641 8 155 163
0.518197 0.218330 -0.858395 192 155 21
0.191870 0.211750 0.953835 152 155 250
-0.779640 0.209990 -0.569235 27 155 54
0.976961 0.213730 -0.108860 251 155 114
-0.645630 0.213223 0.738806 46 155 221
-0.023023 0.213433 -0.982339 125 155 3
0.659775 0.206819 0.687170 214 155 217
-1.000560 0.217564 -0.064229 3 155 120
0.758424 0.211125 -0.610209 225 155 49
-0.145695 0.209079 0.953403 109 155 251
-0.547776 0.213335 -0.818142 58 154 24
0.952504 0.212326 0.232266 249 154 157
-0.861241 0.212715 0.473241 18 154 188
0.305932 0.206238 -0.902824 167 154 9
0.404111 0.216784 0.917427 178 154 242
-0.891566 0.210508 -0.392021 13 154 77
0.912438 0.208172 -0.309858 246 154 87
-0.474334 0.212933 0.864575 68 154 237
-0.232722 0.211437 -0.951658 98 154 6
0.816958 0.211986 0.546206 231 154 197
-0.942903 0.205674 0.144724 4 154 146
0.627783 0.215988 -0.781317 206 154 30
0.063066 0.209895 0.972449 136 154 252
-0.694924 0.207268 -0.666343 38 154 41
0.987417 0.212523 0.022493 252 154 130
-0.736773 0.210556 0.644707 34 154 210
0.108186 0.211245 -0.976739 141 154 4
0.563480 0.205124 0.770694 201 154 228
-0.982462 0.215179 -0.196957 5 154 103
0.834419 0.209288 -0.504471 234 154 63
-0.270817 0.206370 0.923039 92 154 247
-0.435804 0.212103 -0.887989 73 154 16
0.911130 0.209685 0.356464 244 154 173
-0.916599 0.210493 0.354149 11 154 172
0.424614 0.204590 -0.856034 183 154 16
0.277941 0.214356 0.962340 162 154 247
-0.832787 0.208684 -0.508297 21 154 63
0.943181 0.205477 -0.184944 250 154 104
-0.588043 0.211674 0.797205 53 154 228
-0.103539 0.208825 -0.972280 114 154 4
0.736658 0.209730 0.650118 221 154 210
-0.956309 0.204070 0.017745 3 154 130
0.725633 0.213522 -0.689932 218 154 42
-0.067292 0.208084 0.973941 119 154 252
-0.598361 0.204592 -0.751172 50 154 30
0.979907 0.211233 0.154641 251 154 147
-0.814660 0.207974 0.539708 24 154 196
0.237371 0.208955 -0.953210 158 154 6
0.456988 0.203564 0.841361 187 154 237
-0.946295 0.212675 -0.325818 10 154 87
0.895909 0.207485 -0.389426 242 154 78
-0.390533 0.203714 0.876551 77 154 241
-0.314843 0.210781 -0.942187 88 154 9
0.853997 0.207134 0.473965 237 154 188
-0.955096 0.208169 0.228631 6 154 157
0.536625 0.203071 -0.794214 197 154 24
0.146932 0.211818 0.989451 146 154 251
-0.759017 0.206889 -0.615982 31 154 49
0.957178 0.202845 -0.057388 252 154 120
-0.691943 0.210316 0.714612 41 154 217
0.026993 0.206305 -0.975866 131 154 3
0.642915 0.207372 0.741998 209 154 222
-0.953268 0.202590 -0.110296 4 154 113
0.809905 0.210950 -0.586107 229 154 54
-0.196945 0.206293 0.958124 102 154 250
-0.491751 0.201986 -0.822414 63 154 20
0.954310 0.209838 0.285055 247 154 163
-0.878097 0.205488 0.425646 15 154 182
0.362032 0.206565 -0.912221 174 154 12
0.341905 0.202121 0.897914 172 154 244
-0.892881 0.210074 -0.448332 16 154 72
0.941676 0.205697 -0.267003 248 154 93
-0.502865 0.201136 0.814919 62 154 234
-0.187102 0.209346 -0.979466 104 154 5
0.782167 0.204682 0.582863 228 154 202
-0.976013 0.205748 0.099124 3 154 140
0.640090 0.201663 -0.718202 211 154 34
0.013654 0.209189 0.998365 129 154 252
-0.671414 0.205100 -0.713091 42 154 37
0.954385 0.200298 0.070621 252 154 137
-0.783884 0.208840 0.618192 30 154 205
0.156705 0.203888 -0.962468 148 154 4
0.537570 0.204921 0.820095 196 154 232
-0.933642 0.201215 -0.237341 7 154 97
0.879086 0.208298 -0.471939 237 154 68
-0.323581 0.204501 0.925112 86 154 245
-0.376998 0.199471 -0.879021 78 154 13
0.910892 0.208320 0.411170 241 154 179
-0.926119 0.203106 0.304460 9 154 166
0.479776 0.204085 -0.854616 189 153 19
0.220001 0.200776 0.939260 156 153 249
-0.823388 0.207400 -0.562207 24 153 57
0.970747 0.203899 -0.139318 251 153 110
-0.606017 0.198657 0.739337 48 153 224
-0.055000 0.207784 -0.998889 121 153 3
0.696899 0.202336 0.681411 217 153 215
-0.979010 0.203240 -0.031860 3 153 123
0.733202 0.200345 -0.629058 222 153 46
-0.119332 0.206496 0.989074 113 153 251
-0.571417 0.203294 -0.797772 55 153 26
0.935021 0.197855 0.196955 250 153 153
-0.861921 0.207232 0.509682 20 153 191
0.283467 0.201578 -0.932382 164 153 8
0.422701 0.202386 0.882969 181 153 240
-0.897527 0.199922 -0.361278 12 153 81
0.932005 0.205589 -0.349690 244 153 84
-0.444880 0.202685 0.875331 71 153 239
-0.256072 0.197067 -0.920206 94 153 7
0.850318 0.206665 0.530453 233 153 194
-0.957996 0.200831 0.178161 5 153 150
0.588380 0.201526 -0.781583 203 153 28
0.093203 0.199504 0.964493 140 153 252
-0.739287 0.204677 -0.665381 35 153 44
0.982432 0.202072 -0.008643 252 153 126
-0.698386 0.196292 0.651171 36 153 213
0.078895 0.206081 -0.999894 137 153 3
0.599629 0.200096 0.768021 204 153 226
-0.964135 0.200658 -0.161808 4 153 107
0.814247 0.199093 -0.528076 232 153 60
-0.249537 0.203764 0.961943 96 153 248
-0.460737 0.201452 -0.868358 69 153 17
0.899546 0.195532 0.319572 245 153 169
-0.924379 0.205481 0.391123 12 153 176
0.405210 0.199372 -0.886134 179 153 14
0.300561 0.199784 0.929519 166 153 246
-0.845273 0.198685 -0.479970 19 153 66
0.967852 0.202849 -0.221723 249 153 100
-0.558562 0.200827 0.809541 57 153 230
-0.130980 0.194786 -0.945423 110 153 4
0.773649 0.204865 0.640477 224 153 207
-0.973225 0.198660 0.048826 3 153 134
0.685844 0.198904 -0.694622 215 153 39
-0.036414 0.198281 0.972924 123 153 252
-0.642296 0.201933 -0.756063 47 153 32
0.976356 0.200194 0.122632 251 153 143
-0.778562 0.194056 0.551932 26 153 200
0.211929 0.204232 -0.982324 154 153 5
0.491954 0.197958 0.841281 191 153 235
-0.931808 0.198020 -0.288265 8 153 91
0.881640 0.197879 -0.416791 240 153 74
-0.374598 0.201018 0.917669 80 153 243
-0.341337 0.199555 -0.923414 84 153 10
0.848630 0.193340 0.436532 239 153 185
-0.969910 0.203583 0.264812 7 153 160
0.519937 0.197267 -0.824476 194 153 22
0.173513 0.197132 0.959002 150 153 250
-0.777512 0.197478 -0.591280 28 153 52
0.986167 0.200104 -0.090444 252 153 116
-0.662438 0.198907 0.728836 43 153 220
-0.003740 0.192640 -0.954362 127 153 3
0.682321 0.202918 0.738990 212 153 219
-0.971536 0.196586 -0.081428 3 153 117
0.770436 0.196240 -0.595488 226 153 51
-0.166645 0.197078 0.964119 106 153 251
-0.534324 0.199192 -0.832751 60 153 22
0.952491 0.198251 0.252051 248 153 159
-0.845330 0.191955 0.443248 17 153 186
0.341440 0.202236 -0.946438 170 153 10
0.375626 0.195914 0.899961 176 153 243
-0.882795 0.195347 -0.408901 14 153 75
0.933960 0.196677 -0.296972 247 153 90
-0.492318 0.198283 0.857254 65 153 236
-0.215401 0.197586 -0.961785 100 153 6
0.783140 0.191286 0.546004 230 153 199
-0.997533 0.201539 0.133243 4 153 144
0.625738 0.195251 -0.748383 208 153 32
0.043968 0.194452 0.971038 133 153 252
-0.695166 0.196274 -0.693111 39 152 39
0.986828 0.197378 0.041757 252 152 133
-0.754476 0.196912 0.634636 32 152 208
0.123631 0.190632 -0.946927 144 152 4
0.578114 0.200826 0.823986 199 152 230
-0.952901 0.194597 -0.210451 5 152 101
0.840725 0.193556 -0.486141 236 152 65
-0.295180 0.195868 0.937929 90 152 247
-0.417424 0.196478 -0.894244 75 152 14
0.911173 0.196228 0.377142 243 152 175
-0.897663 0.189993 0.326850 10 152 170
0.464832 0.200097 -0.892910 185 152 17
0.252536 0.193951 0.943028 160 152 248
-0.818178 0.192660 -0.521561 22 152 60
0.970001 0.195458 -0.170620 251 152 106
-0.600702 0.195583 0.781955 51 152 227
-0.085288 0.195535 -0.982638 117 152 3
0.704119 0.189370 0.646274 220 152 212
-1.006673 0.199354 -0.000965 2 152 127
0.720810 0.193312 -0.659051 220 152 43
-0.085676 0.191766 0.965602 116 152 252
-0.599468 0.195043 -0.783455 51 152 28
0.970027 0.194694 0.172544 251 152 149
-0.832850 0.194831 0.528670 22 152 195
0.249134 0.188762 -0.923234 160 152 7
0.463099 0.198596 0.893764 185 152 239
-0.917537 0.192679 -0.336081 10 152 84
0.895596 0.190874 -0.368684 243 152 80
-0.419647 0.194623 0.894526 74 152 241
-0.293739 0.193812 -0.939641 90 152 8
0.853110 0.194117 0.495488 236 152 190
-0.934723 0.188169 0.204557 5 152 154
0.579649 0.197824 -0.822812 200 152 25
0.124708 0.192053 0.969662 143 152 252
-0.739306 0.189984 -0.624302 32 152 47
0.988818 0.194196 -0.039941 253 152 122
-0.697972 0.192938 0.693244 39 152 216
0.046518 0.193393 -0.985499 133 152 3
0.612779 0.187590 0.735747 208 152 224
-0.997168 0.197039 -0.135141 4 152 111
0.803479 0.191432 -0.557897 230 152 56
-0.213094 0.189099 0.942999 100 152 250
-0.491957 0.193762 -0.860442 65 152 19
0.936246 0.192071 0.299678 247 152 166
-0.896002 0.192658 0.412933 14 152 180
0.370789 0.187025 -0.883602 176 152 12
0.339579 0.196241 0.946968 170 152 245
-0.865922 0.190815 -0.456165 17 152 69
0.934259 0.188217 -0.245310 249 152 96
-0.537661 0.193319 0.834426 60 152 233
-0.165461 0.191213 -0.968334 106 152 4
0.779371 0.191913 0.604786 226 152 204
-0.955861 0.186474 0.078268 3 152 138
0.683642 0.195431 -0.737577 213 152 36
-0.005717 0.190202 0.979285 127 152 253
-0.647750 0.187342 -0.715427 43 152 35
0.989772 0.192867 0.092689 252 152 139
-0.782583 0.190364 0.592770 28 152 203
0.177475 0.191158 -0.970273 150 152 4
0.510493 0.185936 0.812953 194 152 234
-0.969272 0.194610 -0.266637 7 152 94
0.872227 0.189592 -0.446556 239 152 70
-0.336072 0.186472 0.903836 84 152 245
-0.374468 0.192405 -0.922403 80 152 12
0.886221 0.189525 0.421038 241 152 181
-0.942688 0.190392 0.289651 8 152 164
0.486649 0.185410 -0.828557 191 152 20
0.210022 0.193778 0.982624 154 152 250
-0.798806 0.188985 -0.568588 26 152 55
0.956237 0.185610 -0.118243 252 152 112
-0.646879 0.191932 0.758505 46 152 223
-0.034797 0.188695 -0.979993 123 152 2
0.691372 0.189617 0.702912 215 152 217
-0.960625 0.184897 -0.050041 2 152 121
0.774829 0.192935 -0.638953 224 152 48
-0.136503 0.188379 0.971578 110 152 251
-0.545250 0.184755 -0.793500 57 152 24
0.972570 0.191448 0.224768 250 152 156
-0.853224 0.187875 0.482322 18 152 189
0.305048 0.188831 -0.937252 166 151 8
0.398801 0.184395 0.876562 179 151 241
-0.923637 0.192084 -0.392900 12 151 78
0.925730 0.187773 -0.326876 246 151 86
-0.452549 0.183909 0.848989 69 151 238
-0.249109 0.190952 -0.967928 96 151 6
0.820919 0.187066 0.534643 232 151 196
-0.972016 0.188036 0.161214 4 151 148
0.594805 0.183903 -0.758837 205 151 29
0.076985 0.191224 1.000152 137 151 252
-0.717220 0.187168 -0.671308 36 151 42
0.961354 0.183072 0.010302 253 151 129
-0.745069 0.190444 0.668002 34 151 211
0.096062 0.186267 -0.974551 140 151 3
0.590836 0.187232 0.787986 203 151 228
-0.948770 0.183422 -0.178329 4 151 104
0.851534 0.190357 -0.528946 234 151 61
-0.265349 0.186562 0.946511 94 151 248
-0.433673 0.182245 -0.857348 71 151 16
0.937298 0.189923 0.353728 245 151 172
-0.908820 0.185479 0.363800 11 151 174
0.426779 0.186418 -0.887114 182 151 15
0.279404 0.182949 0.925393 164 151 247
-0.861281 0.189483 -0.511536 20 151 64
0.962891 0.185954 -0.200897 250 151 102
-0.560637 0.181428 0.779558 54 151 229
-0.118219 0.189388 -0.995915 113 151 3
0.741515 0.184702 0.638664 222 151 209
-0.983467 0.185596 0.030117 2 151 131
0.693407 0.182485 -0.675399 217 151 40
-0.056949 0.188604 0.999368 120 151 253
-0.622478 0.185344 -0.762397 48 151 30
0.949708 0.180623 0.138158 251 151 146
-0.830175 0.188839 0.564509 24 151 198
0.224957 0.183936 -0.952191 156 151 6
0.479744 0.184767 0.858412 189 151 237
-0.920280 0.182029 -0.304497 9 151 88
0.912424 0.187719 -0.409757 242 151 76
-0.389922 0.184731 0.904364 78 151 243
-0.314968 0.179829 -0.906061 86 151 9
0.884439 0.188276 0.477001 238 151 187
-0.948528 0.183180 0.239189 6 151 158
0.540349 0.183929 -0.820895 196 151 23
0.154163 0.181579 0.958444 147 151 251
-0.783545 0.186830 -0.620367 29 151 50
0.982879 0.184115 -0.070834 253 151 118
-0.658636 0.179047 0.696837 41 151 219
0.015683 0.187699 -1.005622 129 151 2
0.649366 0.182435 0.731430 211 151 221
-0.976913 0.183085 -0.101109 3 151 115
0.780685 0.181135 -0.579433 228 151 53
-0.189244 0.185938 0.980468 104 151 251
-0.516174 0.183494 -0.840089 62 151 21
0.921652 0.178278 0.263236 248 151 162
-0.900383 0.187107 0.449939 15 151 184
0.349783 0.181701 -0.913332 172 151 10
0.360286 0.182235 0.912926 174 151 244
-0.875383 0.180696 -0.426407 15 151 73
0.956518 0.185044 -0.283717 248 151 92
-0.507907 0.182868 0.845745 63 151 235
-0.191133 0.177521 -0.938979 102 151 5
0.814878 0.186500 0.592090 229 151 201
-0.971733 0.180977 0.110544 3 151 142
0.643642 0.181378 -0.739964 210 151 33
0.025096 0.180261 0.974916 131 151 253
-0.692045 0.184148 -0.717465 40 151 37
0.985168 0.182237 0.060963 253 151 135
-0.745042 0.176778 0.602274 30 151 206
0.149963 0.185878 -0.996703 146 151 4
0.546000 0.180264 0.811441 197 151 232
-0.952604 0.180517 -0.229967 6 151 98
0.854980 0.179829 -0.472367 237 151 67
-0.317463 0.183252 0.944001 88 151 246
-0.400166 0.181600 -0.902827 77 151 13
0.877759 0.176048 0.383540 242 151 178
-0.954182 0.185241 0.326488 9 151 168
0.468498 0.179560 -0.858622 188 151 17
0.234789 0.179651 0.950615 158 151 249
-0.814579 0.179399 -0.541905 23 150 58
0.983193 0.182356 -0.153227 251 150 108
-0.617055 0.180956 0.771598 49 150 225
-0.064189 0.175332 -0.955680 119 150 2
0.729887 0.184590 0.696648 218 150 214
-0.978056 0.178866 -0.020026 2 150 125
0.734793 0.178782 -0.645970 222 150 45
-0.105639 0.178970 0.974249 114 150 252
-0.588613 0.181461 -0.801189 53 150 26
0.969565 0.180305 0.192050 251 150 152
-0.818542 0.174630 0.497451 20 150 193
0.281944 0.183923 -0.969224 163 150 7
0.433104 0.178181 0.877373 183 150 240
-0.911153 0.177910 -0.354055 11 150 82
0.914781 0.178542 -0.355870 244 150 82
-0.439324 0.180568 0.890837 72 150 240
-0.276550 0.179646 -0.949316 92 150 7
0.818808 0.173942 0.497181 235 150 193
-0.990415 0.183242 0.196576 4 150 152
0.579142 0.177505 -0.788936 202 150 26
0.105658 0.177036 0.970933 141 150 252
-0.738658 0.178113 -0.648863 33 150 45
0.992173 0.179678 -0.020697 253 150 125
-0.715246 0.178980 0.683200 37 150 214
0.063839 0.173268 -0.955968 136 150 2
0.631100 0.182546 0.788538 206 150 225
-0.967350 0.176837 -0.150376 4 150 108
0.812224 0.176160 -0.540790 232 150 58
-0.235766 0.177682 0.956154 97 150 249
-0.475247 0.178791 -0.870194 67 150 17
0.936239 0.178305 0.319945 246 150 168
-0.878018 0.172608 0.384056 13 150 178
0.408980 0.181836 -0.923673 178 150 13
0.312511 0.176176 0.928093 168 150 246
-0.853505 0.175283 -0.471124 18 150 67
0.958772 0.177249 -0.231847 249 150 98
-0.552727 0.177908 0.822121 57 150 232
-0.147620 0.177622 -0.978567 109 150 3
0.745763 0.171961 0.602383 225 150 206
-1.008313 0.181112 0.062785 2 150 135
0.679851 0.175524 -0.705368 215 150 37
-0.024689 0.174407 0.973689 124 150 253
-0.648711 0.176812 -0.745212 45 150 33
0.983508 0.177030 0.111500 252 150 142
-0.800543 0.176930 0.582146 26 150 201
0.190935 0.171329 -0.939860 152 150 4
0.520468 0.180375 0.865907 192 150 235
-0.939716 0.174877 -0.278340 7 150 92
0.874669 0.173532 -0.426476 240 150 72
-0.362926 0.176371 0.920653 81 150 244
-0.354061 0.176157 -0.923438 83 150 10
0.885727 0.176229 0.442188 240 150 184
-0.922539 0.170710 0.263874 7 150 162
0.528533 0.179624 -0.860946 193 150 21
0.186194 0.174237 0.962674 151 150 251
-0.780894 0.172658 -0.579122 27 150 53
0.985874 0.175925 -0.102420 252 150 115
-0.655787 0.175291 0.739236 44 150 221
-0.015820 0.175518 -0.989933 125 150 2
0.659760 0.170105 0.697487 214 150 219
-1.007523 0.178861 -0.072220 2 150 119
0.768880 0.173603 -0.609237 226 150 50
-0.153880 0.171787 0.959042 108 150 251
-0.546144 0.175472 -0.829003 58 150 23
0.957548 0.174431 0.241071 249 150 158
-0.871253 0.174798 0.470322 17 150 187
0.315103 0.169512 -0.907577 169 150 9
0.400204 0.178085 0.927230 177 150 243
-0.895511 0.172973 -0.401747 13 150 76
0.921185 0.170919 -0.305190 247 150 88
-0.484720 0.175013 0.868100 66 150 237
-0.227234 0.173579 -0.960174 99 150 5
0.818937 0.174069 0.556406 231 150 198
-0.951361 0.168933 0.138773 3 150 146
0.638242 0.177298 -0.782320 207 150 30
0.056248 0.172347 0.980420 135 150 253
-0.694798 0.170056 -0.676233 38 150 40
0.995299 0.174547 0.030096 253 150 131
-0.746844 0.172734 0.643755 32 150 209
0.116319 0.173331 -0.983141 142 149 3
0.562100 0.168365 0.780958 201 149 229
-0.988111 0.176500 -0.205762 5 149 102
0.844626 0.171725 -0.502084 235 149 63
-0.279639 0.169197 0.927463 91 149 248
-0.432664 0.174072 -0.898461 73 149 14
0.914916 0.171897 0.365831 244 149 174
-0.925977 0.172583 0.349863 10 149 172
0.434370 0.167810 -0.859548 184 149 15
0.272716 0.175692 0.971350 161 149 248
-0.835357 0.171106 -0.518451 21 149 61
0.951150 0.168344 -0.179156 251 149 104
-0.598769 0.173588 0.799208 52 149 228
-0.096975 0.171069 -0.979943 115 149 2
0.737136 0.171826 0.660378 221 149 211
-0.963937 0.167266 0.010701 2 149 129
0.735991 0.174873 -0.689409 219 149 42
-0.075122 0.170489 0.980884 118 149 253
-0.596890 0.167497 -0.760893 50 149 29
0.986586 0.173095 0.163240 251 149 148
-0.824475 0.170250 0.537411 22 149 196
0.246240 0.171060 -0.958308 159 149 6
0.454251 0.166733 0.851391 187 149 238
-0.950549 0.174046 -0.335228 9 149 86
0.905664 0.169873 -0.385666 243 149 78
-0.399825 0.166657 0.879711 76 149 242
-0.310267 0.172591 -0.952040 89 149 8
0.856475 0.169440 0.483725 237 149 189
-0.963652 0.170285 0.223098 5 149 156
0.546800 0.166210 -0.796413 199 149 24
0.140538 0.173210 0.997505 145 149 252
-0.760158 0.169258 -0.626363 31 149 48
0.964250 0.165825 -0.050602 253 149 121
-0.702772 0.172077 0.715053 39 149 217
0.034509 0.168639 -0.982555 132 149 2
0.641914 0.169501 0.752096 209 149 223
-0.959918 0.165696 -0.118323 3 149 112
0.819951 0.172367 -0.584115 230 149 55
-0.205631 0.168644 0.963899 101 149 250
-0.488986 0.165000 -0.831803 64 149 19
0.959645 0.171551 0.294457 248 149 164
-0.887489 0.167848 0.422059 14 149 181
0.371431 0.168709 -0.915936 175 149 11
0.337842 0.165192 0.907527 171 149 245
-0.895695 0.171516 -0.458136 16 149 70
0.950782 0.168028 -0.261944 249 149 94
-0.512462 0.164185 0.816786 61 149 234
-0.181200 0.171013 -0.988486 105 149 4
0.783309 0.167066 0.592846 228 149 203
-0.983585 0.167909 0.092492 2 149 139
0.650505 0.164696 -0.719027 212 149 34
0.006256 0.170660 1.005327 128 149 253
-0.671101 0.167412 -0.723487 42 149 35
0.960456 0.163379 0.078272 253 149 138
-0.794574 0.170464 0.617073 28 149 205
0.165034 0.166295 -0.968078 149 149 4
0.535147 0.167101 0.829823 196 149 233
-0.939178 0.164208 -0.246215 6 149 96
0.888625 0.169798 -0.468562 239 149 69
-0.332946 0.166793 0.929597 85 149 246
-0.373007 0.162583 -0.887928 79 149 12
0.914775 0.169902 0.421158 242 149 180
-0.934931 0.165533 0.299654 8 149 166
0.489496 0.166286 -0.856903 190 149 18
0.214669 0.163726 0.948270 155 149 250
-0.824750 0.168932 -0.572196 24 149 56
0.979015 0.166172 -0.133065 252 149 111
-0.615755 0.161798 0.739900 47 149 224
-0.047915 0.169327 -1.006883 122 149 2
0.696694 0.164781 0.691442 217 149 216
-0.985466 0.165464 -0.039425 2 149 122
0.743664 0.163250 -0.628473 224 149 46
-0.127557 0.168062 0.994839 112 149 252
-0.569657 0.165548 -0.807968 55 149 25
0.940007 0.161023 0.205334 250 149 154
-0.872235 0.168739 0.507046 19 149 191
0.292461 0.164038 -0.936821 165 149 7
0.418945 0.164637 0.892134 181 149 241
-0.901827 0.162780 -0.370843 11 148 80
0.940866 0.167189 -0.345037 246 148 84
-0.454728 0.164920 0.878436 70 148 239
-0.250936 0.160260 -0.928491 95 148 6
0.852680 0.168138 0.540796 234 148 195
-0.966077 0.163305 0.172225 4 148 150
0.598210 0.163803 -0.782435 204 148 28
0.086685 0.162314 0.972719 139 148 253
-0.739213 0.166314 -0.675355 35 148 43
0.989691 0.164288 -0.001330 253 148 127
-0.708105 0.159508 0.650435 35 148 213
0.086986 0.167523 -1.006697 138 148 2
0.598084 0.162582 0.777926 204 148 227
-0.969372 0.162964 -0.170125 4 148 106
0.824555 0.161851 -0.526073 234 148 60
-0.258405 0.165438 0.966434 95 148 249
-0.457572 0.163651 -0.878139 69 148 16
0.903375 0.158768 0.328536 246 148 170
-0.934092 0.166895 0.387050 11 148 176
0.414711 0.161868 -0.889326 181 148 13
0.295583 0.162121 0.937950 165 148 247
-0.848237 0.161392 -0.490049 19 148 65
0.975884 0.164561 -0.215921 250 148 100
-0.568681 0.163008 0.811205 55 148 231
-0.124792 0.158040 -0.952958 111 148 3
0.774460 0.166253 0.650937 224 148 208
-0.980434 0.161162 0.041864 2 148 133
0.695582 0.161273 -0.694060 217 148 39
-0.044005 0.160934 0.980193 122 148 253
-0.640829 0.163684 -0.765832 47 148 31
0.982456 0.162360 0.130844 252 148 144
-0.788105 0.157324 0.549917 24 148 200
0.220828 0.165598 -0.987804 155 148 5
0.489097 0.160466 0.850885 190 148 237
-0.935754 0.160423 -0.297146 8 148 89
0.891585 0.160477 -0.413390 242 148 75
-0.383924 0.162808 0.920839 79 148 244
-0.336844 0.161705 -0.932573 85 148 9
0.851247 0.156621 0.445933 239 148 186
-0.978814 0.164930 0.259420 6 148 160
0.529776 0.159777 -0.826363 195 148 22
0.167449 0.159569 0.966552 149 148 251
-0.779062 0.160021 -0.601676 28 148 51
0.993243 0.161934 -0.083633 253 148 117
-0.672610 0.161044 0.729035 42 148 220
0.003396 0.155930 -0.961026 128 148 2
0.681594 0.164248 0.749331 212 148 221
-0.977743 0.159097 -0.089292 2 148 116
0.779892 0.158714 -0.593564 228 148 51
-0.175166 0.159564 0.970271 105 148 251
-0.531529 0.161062 -0.842140 60 148 21
0.957310 0.160375 0.260976 249 148 161
-0.854543 0.155252 0.439989 16 148 185
0.350933 0.163554 -0.950498 171 148 9
0.371504 0.158424 0.909090 175 148 244
-0.885411 0.157858 -0.418156 14 148 74
0.943335 0.159105 -0.292229 248 148 90
-0.501918 0.160193 0.859079 64 148 236
-0.209689 0.159700 -0.970129 101 148 4
0.784503 0.154586 0.555689 230 148 200
-1.005447 0.162846 0.126680 3 148 143
0.635737 0.157759 -0.748927 209 148 32
0.036966 0.157000 0.977586 132 148 253
-0.695257 0.158644 -0.703613 39 148 38
0.992845 0.159328 0.049427 253 148 134
-0.764477 0.159016 0.633380 31 148 208
0.131602 0.153933 -0.952611 145 148 3
0.575899 0.162126 0.833982 199 148 231
-0.957987 0.157099 -0.219075 5 148 99
0.849726 0.156143 -0.482931 237 148 65
-0.304463 0.158180 0.942826 89 148 247
-0.413385 0.158467 -0.903093 75 148 13
0.914621 0.158325 0.386579 243 148 177
-0.906393 0.153292 0.322398 9 148 170
0.474693 0.161394 -0.895494 186 148 16
0.247222 0.156446 0.951510 159 148 249
-0.819452 0.155287 -0.531004 22 148 59
0.978604 0.157713 -0.164624 252 148 107
-0.610397 0.157611 0.782435 50 147 227
-0.078497 0.157625 -0.989997 118 147 2
0.704199 0.152663 0.656085 220 147 213
-1.013446 0.160650 -0.008526 2 147 126
0.730783 0.155799 -0.658236 221 147 43
-0.093459 0.154433 0.971052 115 147 253
-0.598086 0.157240 -0.793840 52 147 27
0.974902 0.156761 0.180917 251 147 150
-0.842466 0.156918 0.526006 21 147 194
0.257811 0.152046 -0.927838 161 147 6
0.459483 0.159894 0.903202 185 147 240
-0.921401 0.155156 -0.345306 10 147 83
0.903988 0.153580 -0.364283 244 147 80
-0.429499 0.156762 0.898056 73 147 241
-0.288555 0.155916 -0.947806 91 147 7
0.855131 0.156202 0.505223 236 147 192
-0.942822 0.151441 0.198977 4 147 154
0.589653 0.159127 -0.823901 201 147 25
0.118297 0.154518 0.977333 143 147 253
-0.739251 0.152731 -0.633754 32 147 46
0.996461 0.156279 -0.032812 253 147 123
-0.707591 0.155078 0.692398 37 147 216
0.054222 0.155478 -0.991726 134 147 2
0.611564 0.150847 0.745519 207 147 225
-1.002682 0.158350 -0.143507 3 147 110
0.813234 0.153884 -0.555733 232 147 56
-0.221495 0.151885 0.947281 99 147 250
-0.489127 0.155788 -0.870486 66 147 18
0.939915 0.154247 0.308594 247 147 167
-0.905029 0.154745 0.408943 13 147 179
0.380032 0.150265 -0.887038 177 147 12
0.334678 0.157564 0.955658 169 147 246
-0.868484 0.153253 -0.465817 16 147 68
0.941906 0.151043 -0.239828 250 147 96
-0.547868 0.155290 0.836508 58 147 233
-0.159242 0.153423 -0.975685 107 147 3
0.779947 0.154004 0.614601 226 147 205
-0.963184 0.149693 0.071645 2 147 137
0.693569 0.156767 -0.737189 214 147 36
-0.013105 0.152624 0.985992 126 147 253
-0.646400 0.150207 -0.724720 44 147 33
0.996285 0.154784 0.100795 253 147 140
-0.791960 0.152607 0.590636 26 147 203
0.185908 0.153255 -0.975253 151 147 4
0.507991 0.149131 0.822518 194 147 235
-0.973445 0.155962 -0.275606 6 147 93
0.881572 0.151998 -0.443079 240 147 71
-0.344929 0.149375 0.906905 83 147 245
-0.370251 0.154269 -0.931886 81 147 10
0.888641 0.151799 0.430335 241 147 182
-0.950941 0.152498 0.284448 7 147 164
0.496302 0.148578 -0.830752 192 147 19
0.203977 0.155149 0.990402 153 147 251
-0.800010 0.151373 -0.578476 25 147 54
0.963024 0.148551 -0.111801 253 147 113
-0.657217 0.153745 0.759094 45 147 223
-0.027665 0.150999 -0.986416 124 147 2
0.690520 0.151733 0.712593 215 147 218
-0.967032 0.148035 -0.057605 2 147 120
0.784470 0.154328 -0.637140 225 147 48
-0.144726 0.150749 0.977183 109 147 252
-0.542658 0.147732 -0.802477 57 147 23
0.977811 0.153211 0.233670 250 147 157
-0.862202 0.150207 0.478953 17 147 189
0.314012 0.150960 -0.940905 167 147 8
0.395039 0.147501 0.885747 179 147 243
-0.926421 0.153501 -0.402265 12 147 77
0.934475 0.150125 -0.322150 247 147 86
-0.461699 0.146922 0.850817 67 147 238
-0.243604 0.152668 -0.976638 97 147 5
0.822063 0.149424 0.544157 233 147 197
-0.979333 0.150180 0.154937 3 147 147
0.604702 0.146974 -0.759733 206 147 29
0.069958 0.152667 1.006884 136 147 253
-0.717036 0.149500 -0.681233 36 147 41
0.967182 0.146119 0.017575 254 147 130
-0.755305 0.152114 0.667092 33 147 211
0.103974 0.148649 -0.979945 141 147 2
0.588607 0.149393 0.797326 202 147 229
-0.954133 0.146455 -0.186710 4 146 103
0.860699 0.151828 -0.525789 235 146 62
-0.274239 0.148874 0.950896 93 146 249
-0.429906 0.145324 -0.865864 71 146 15
0.941157 0.151548 0.363221 245 146 173
-0.917249 0.147884 0.359265 10 146 173
0.436068 0.148599 -0.889393 183 146 14
0.274430 0.145942 0.934024 163 146 248
-0.862661 0.150984 -0.521093 20 146 62
0.970854 0.148247 -0.195019 251 146 103
-0.569923 0.144538 0.780137 53 146 229
-0.111560 0.150972 -1.003663 114 146 2
0.741374 0.147127 0.648229 222 146 211
-0.989717 0.147798 0.022926 1 146 130
0.703369 0.145436 -0.674960 218 146 40
-0.064785 0.150136 1.004948 119 146 253
-0.620909 0.147618 -0.772153 48 146 29
0.954498 0.143762 0.146128 252 146 147
-0.840079 0.150385 0.562133 23 146 198
0.233509 0.146379 -0.956471 157 146 5
0.476221 0.146992 0.867223 188 146 238
-0.924481 0.144935 -0.313551 8 146 87
0.920941 0.149284 -0.405360 243 146 77
-0.399294 0.146986 0.907438 77 146 243
-0.310106 0.142995 -0.913982 87 146 8
0.886843 0.149785 0.486864 238 146 188
-0.956264 0.145639 0.233573 5 146 157
0.549759 0.146180 -0.821788 198 146 23
0.148054 0.144438 0.966348 147 146 252
-0.783537 0.148430 -0.629917 29 146 48
0.989893 0.146350 -0.063927 253 146 119
-0.667904 0.142238 0.696174 40 146 219
0.023334 0.149174 -1.012243 130 146 1
0.647947 0.144908 0.740882 211 146 222
-0.981991 0.145363 -0.109038 2 146 114
0.790521 0.143945 -0.577646 229 146 53
-0.197708 0.147574 0.984820 103 146 251
-0.513255 0.145711 -0.849469 62 146 20
0.925338 0.141491 0.271764 249 146 163
-0.909734 0.148551 0.446169 14 146 183
0.358823 0.144186 -0.916427 173 146 10
0.355576 0.144541 0.921037 173 146 245
-0.878323 0.143456 -0.435968 14 146 71
0.964239 0.146717 -0.278205 249 146 93
-0.517560 0.145068 0.847445 62 146 235
-0.185266 0.140755 -0.946183 103 146 4
0.815790 0.147916 0.602095 229 146 202
-0.978644 0.143471 0.103948 2 146 141
0.652975 0.143715 -0.739490 211 146 33
0.017954 0.142969 0.981928 130 146 254
-0.690689 0.145859 -0.726825 41 146 36
0.991086 0.144420 0.068748 253 146 136
-0.754142 0.140029 0.600392 29 146 206
0.158416 0.147269 -1.002062 147 146 3
0.543330 0.142765 0.820613 197 146 233
-0.956439 0.142886 -0.238451 5 146 97
0.864494 0.142483 -0.469248 238 146 67
-0.326376 0.145002 0.947078 86 146 247
-0.395965 0.143766 -0.911632 77 146 12
0.880289 0.139315 0.392485 243 146 179
-0.962776 0.146610 0.321432 8 146 167
0.477868 0.142067 -0.860478 189 146 17
0.229023 0.142054 0.957882 157 146 250
-0.816182 0.141999 -0.551791 23 146 57
0.989995 0.144145 -0.146738 252 146 109
-0.626780 0.143108 0.771894 48 146 225
-0.057418 0.138611 -0.962056 120 146 2
0.729313 0.145939 0.706563 218 146 215
-0.984018 0.141375 -0.027486 1 146 124
0.743862 0.141219 -0.644177 223 146 45
-0.113684 0.141514 0.980215 113 146 253
-0.585975 0.143290 -0.810186 54 146 25
0.974266 0.142443 0.200539 251 146 153
-0.827329 0.137918 0.494385 19 146 192
0.290992 0.145256 -0.973223 164 146 7
0.429228 0.140691 0.886100 183 146 241
-0.913704 0.140383 -0.362908 10 146 81
0.923775 0.141029 -0.351465 245 146 83
-0.448504 0.142436 0.892617 71 145 240
-0.271168 0.141772 -0.957357 93 145 6
0.820146 0.137237 0.506398 235 145 194
-0.998071 0.144561 0.190375 4 145 151
0.588673 0.140014 -0.789514 203 145 26
0.098980 0.139545 0.977235 140 145 253
-0.738873 0.140543 -0.658873 33 145 43
0.997955 0.141586 -0.013377 254 145 126
-0.724830 0.141095 0.682096 36 145 214
0.071404 0.136566 -0.961414 137 145 2
0.629084 0.143855 0.798141 206 145 227
-0.972251 0.139343 -0.158569 3 145 107
0.820859 0.138708 -0.537752 233 145 58
-0.244558 0.140055 0.960939 96 145 250
-0.471409 0.140739 -0.878672 68 145 16
0.939630 0.140411 0.328945 247 145 169
-0.886349 0.135907 0.379855 11 145 177
0.418406 0.143138 -0.926250 179 145 12
0.307496 0.138678 0.936213 167 145 247
-0.854759 0.137870 -0.480162 17 145 66
0.967052 0.139563 -0.226233 250 145 99
-0.562000 0.139895 0.822605 56 145 232
-0.141187 0.139720 -0.985675 110 145 3
0.745883 0.135258 0.611722 225 145 208
-1.014880 0.142410 0.055603 1 145 134
0.689367 0.138018 -0.704653 216 145 37
-0.032124 0.137033 0.978933 123 145 254
-0.647521 0.139069 -0.755137 45 145 32
0.988190 0.139056 0.119498 253 145 143
-0.809776 0.139022 0.579682 25 145 201
0.199174 0.134620 -0.944282 154 145 4
0.517089 0.141672 0.874989 192 145 236
-0.943460 0.137364 -0.287115 7 145 91
0.882717 0.136197 -0.422286 241 145 73
-0.372284 0.138570 0.924143 80 145 245
-0.349120 0.138222 -0.931257 83 145 9
0.887748 0.138317 0.451495 240 145 185
-0.930274 0.133993 0.258601 6 145 161
0.538115 0.140924 -0.862078 194 145 20
0.180127 0.136714 0.970033 151 145 252
-0.780864 0.135363 -0.588172 27 145 52
0.993257 0.138066 -0.095710 253 145 115
-0.664986 0.137393 0.738444 43 145 221
-0.008491 0.137604 -0.995963 126 145 1
0.658652 0.133376 0.706794 214 145 220
-1.012881 0.140165 -0.080197 2 145 118
0.778200 0.136067 -0.607236 227 145 50
-0.161913 0.134532 0.963159 107 145 252
-0.543565 0.137557 -0.838628 59 145 22
0.961071 0.136570 0.249590 250 145 159
-0.879935 0.136884 0.466573 16 145 187
0.323882 0.132769 -0.910894 170 145 8
0.395572 0.139398 0.935602 177 145 244
-0.898019 0.135425 -0.410939 13 145 75
0.928515 0.133704 -0.299957 248 145 89
-0.494444 0.137042 0.870213 65 145 237
-0.221299 0.135753 -0.967210 99 145 4
0.819567 0.136157 0.565808 231 145 199
-0.958365 0.132172 0.132507 2 145 145
0.647766 0.138622 -0.782021 208 145 30
0.049241 0.134785 0.986870 134 145 254
-0.693519 0.132880 -0.685128 38 145 39
1.001619 0.136520 0.037761 254 145 132
-0.755810 0.134942 0.641727 31 145 209
0.124365 0.135423 -0.987979 143 145 2
0.559770 0.131584 0.790075 201 145 231
-0.992175 0.137837 -0.214336 4 145 101
0.853568 0.134147 -0.498828 237 145 64
-0.288110 0.132060 0.930409 90 145 248
-0.428748 0.135991 -0.907572 74 145 13
0.917239 0.134139 0.374713 244 145 175
-0.933926 0.134681 0.344934 9 145 171
0.443546 0.131004 -0.861691 185 145 15
0.266967 0.137045 0.978850 161 145 249
-0.836573 0.133512 -0.527883 21 145 60
0.957648 0.131245 -0.172999 252 145 105
-0.608644 0.135455 0.799893 51 145 228
-0.090166 0.133342 -0.986087 116 145 2
0.736385 0.133932 0.669666 221 145 213
-0.970079 0.130434 0.003538 1 144 128
0.745250 0.136245 -0.687726 220 144 42
-0.082935 0.132877 0.986292 117 144 253
-0.594415 0.130436 -0.769480 50 144 27
0.991701 0.134910 0.171690 252 144 149
-0.833056 0.132552 0.534200 21 144 196
0.254812 0.133177 -0.961869 160 144 5
0.450724 0.129871 0.860157 186 144 239
-0.953270 0.135439 -0.344197 9 144 85
0.914047 0.132244 -0.381213 244 144 79
-0.408575 0.129633 0.881461 74 144 242
-0.305103 0.134357 -0.960434 89 144 7
0.857576 0.131770 0.492813 237 144 190
-0.970709 0.132414 0.217122 4 144 155
0.556217 0.129316 -0.797326 200 144 24
0.133828 0.134627 1.003997 144 144 253
-0.760051 0.131610 -0.635845 31 144 46
0.969823 0.128836 -0.043649 254 144 122
-0.712574 0.133794 0.714298 38 144 217
0.042063 0.130995 -0.987714 133 144 1
0.639829 0.131646 0.761068 209 144 224
-0.965076 0.128767 -0.126268 2 144 111
0.828757 0.133809 -0.581125 231 144 55
-0.214095 0.130977 0.968150 100 144 251
-0.485384 0.128045 -0.839943 64 144 18
0.963443 0.133223 0.303497 248 144 165
-0.895543 0.130228 0.417734 13 144 181
0.380331 0.130871 -0.918171 176 144 11
0.333163 0.128225 0.915777 171 144 246
-0.897056 0.132987 -0.467300 15 144 69
0.958432 0.130342 -0.256382 250 144 95
-0.521337 0.127263 0.817336 60 144 234
-0.174910 0.132642 -0.995974 106 144 3
0.783180 0.129469 0.601982 228 144 205
-0.989615 0.130090 0.085623 2 144 138
0.659994 0.127689 -0.718675 213 144 34
-0.001244 0.132160 1.010706 127 144 254
-0.669668 0.129706 -0.732823 42 144 34
0.965030 0.126488 0.085890 253 144 139
-0.804081 0.132051 0.614904 27 144 204
0.173198 0.128718 -0.972171 150 144 3
0.531805 0.129303 0.838293 195 144 234
-0.943241 0.127158 -0.254808 5 144 95
0.896809 0.131330 -0.464368 240 144 69
-0.341886 0.129068 0.932600 84 144 246
-0.368357 0.125721 -0.895493 79 144 11
0.917178 0.131450 0.430578 242 144 181
-0.942323 0.127974 0.294296 7 144 165
0.498522 0.128511 -0.857797 191 144 18
0.208906 0.126632 0.955842 154 144 251
-0.824764 0.130497 -0.581359 24 144 55
0.985770 0.128428 -0.126508 253 144 111
-0.624607 0.124962 0.739260 46 144 224
-0.040654 0.130838 -1.013302 122 144 1
0.695345 0.127238 0.700468 217 144 217
-0.990367 0.127715 -0.047017 1 144 122
0.753048 0.126110 -0.626841 225 144 47
-0.135670 0.129662 0.999031 110 144 253
-0.566928 0.127785 -0.816960 55 144 24
0.943520 0.124212 0.213481 251 144 155
-0.881231 0.130216 0.503525 18 144 190
0.301091 0.126510 -0.939783 166 144 7
0.414449 0.126914 0.899934 180 144 242
-0.904699 0.125591 -0.379932 11 144 79
0.948282 0.128825 -0.339760 247 144 85
-0.463953 0.127138 0.880126 69 144 239
-0.245328 0.123471 -0.935365 95 144 5
0.853648 0.129584 0.550375 234 144 196
-0.972681 0.125788 0.165932 3 144 149
0.607169 0.126109 -0.782003 205 144 28
0.079932 0.125074 0.979454 138 144 254
-0.737922 0.127986 -0.684335 35 144 41
0.995405 0.126488 0.006081 254 144 128
-0.716791 0.122740 0.648630 34 144 212
0.095040 0.128941 -1.011911 139 144 2
0.595542 0.125075 0.786686 204 144 228
-0.973071 0.125300 -0.178260 3 144 105
0.833648 0.124560 -0.523172 235 144 60
-0.266953 0.127148 0.969391 94 143 249
-0.453607 0.125834 -0.886594 70 143 15
0.905782 0.122017 0.337076 246 143 172
-0.942375 0.128288 0.382278 10 143 175
0.423656 0.124368 -0.891106 182 143 13
0.290060 0.124489 0.944935 165 143 248
-0.849842 0.124047 -0.499461 18 143 63
0.982410 0.126309 -0.209696 251 143 101
-0.577991 0.125176 0.811549 54 143 231
-0.118324 0.121304 -0.959036 112 143 2
0.773992 0.127624 0.660451 224 143 210
-0.986134 0.123668 0.034746 1 143 132
0.704289 0.123675 -0.692350 218 143 39
-0.051629 0.123535 0.985945 121 143 254
-0.638295 0.125472 -0.774460 47 143 30
0.987010 0.124513 0.138945 253 143 145
-0.796487 0.120601 0.546984 23 143 199
0.229476 0.126949 -0.991711 156 143 4
0.485405 0.122974 0.859223 190 143 238
-0.938209 0.122859 -0.305642 7 143 88
0.900199 0.123022 -0.409260 243 143 75
-0.392729 0.124635 0.922540 78 143 244
-0.331736 0.123844 -0.940308 85 143 8
0.852515 0.119907 0.454726 239 143 187
-0.986205 0.126264 0.253527 5 143 159
0.538876 0.122287 -0.826927 197 143 21
0.161040 0.122042 0.972603 148 143 252
-0.779348 0.122510 -0.611224 28 143 49
0.998780 0.123801 -0.076606 254 143 118
-0.681799 0.123170 0.728032 41 143 220
0.010617 0.119223 -0.966214 129 143 1
0.679727 0.125569 0.758561 212 143 222
-0.982433 0.121606 -0.097109 2 143 115
0.788180 0.121223 -0.590647 229 143 52
-0.183516 0.121995 0.974908 104 143 252
-0.527836 0.122969 -0.850263 61 143 20
0.960610 0.122491 0.269583 249 143 162
-0.862485 0.118549 0.435977 15 143 185
0.359963 0.124864 -0.953034 172 143 9
0.366726 0.120930 0.916852 174 143 245
-0.886610 0.120405 -0.426833 13 143 73
0.951284 0.121479 -0.286939 249 143 91
-0.510810 0.122140 0.859526 63 143 236
-0.203559 0.121806 -0.976978 102 143 4
0.784611 0.117884 0.564595 230 143 201
-1.011796 0.124150 0.119826 2 143 142
0.644827 0.120260 -0.748259 210 143 32
0.029824 0.119586 0.982611 131 143 254
-0.694202 0.120961 -0.713099 39 143 37
0.997315 0.121314 0.057104 254 143 135
-0.773343 0.121115 0.631065 29 143 208
0.139459 0.117228 -0.956823 146 143 2
0.572705 0.123425 0.842721 199 143 232
-0.961576 0.119594 -0.227451 4 143 98
0.857444 0.118768 -0.478898 238 143 66
-0.313371 0.120439 0.946236 88 143 248
-0.408629 0.120492 -0.910576 76 143 12
0.916606 0.120418 0.395496 244 143 178
-0.913766 0.116582 0.317368 8 143 169
0.483891 0.122692 -0.896631 188 143 16
0.241439 0.118932 0.958549 158 143 250
-0.819406 0.117951 -0.539688 22 143 58
0.985712 0.119914 -0.158274 252 143 107
-0.619212 0.119675 0.781651 49 143 227
-0.071494 0.119714 -0.995816 118 143 1
0.703141 0.115945 0.664957 219 143 214
-1.018630 0.121950 -0.016163 1 143 125
0.739691 0.118275 -0.656341 222 143 43
-0.101178 0.117136 0.974985 114 143 253
-0.595701 0.119384 -0.803058 52 143 26
0.978252 0.118862 0.189092 252 143 152
-0.850813 0.119005 0.522445 20 143 194
0.266180 0.115317 -0.931000 162 143 6
0.455067 0.121199 0.911265 184 143 241
-0.923814 0.117621 -0.354086 9 143 82
0.911007 0.116324 -0.359242 245 143 81
-0.438776 0.118849 0.900154 72 143 241
-0.282845 0.118054 -0.954529 92 143 6
0.855773 0.118289 0.514245 236 143 193
-0.949499 0.114697 0.193006 3 142 153
0.598805 0.120441 -0.823648 202 142 25
0.111613 0.116970 0.983511 142 142 253
-0.737997 0.115514 -0.642284 32 142 44
1.002565 0.118309 -0.025535 254 142 124
-0.716174 0.117251 0.690423 36 142 215
0.061930 0.117566 -0.996400 135 142 1
0.609347 0.114086 0.754210 207 142 226
-1.006615 0.119674 -0.151735 2 142 109
0.821788 0.116321 -0.552638 233 142 57
-0.229631 0.114708 0.950079 98 142 251
-0.485454 0.117763 -0.879231 66 142 17
0.942108 0.116454 0.317112 248 142 168
-0.912679 0.116838 0.404236 12 142 179
0.388777 0.113482 -0.889085 178 142 11
0.329172 0.118901 0.962881 168 142 247
-0.869666 0.115675 -0.474831 16 142 67
0.948116 0.113905 -0.233898 250 142 97
-0.557310 0.117211 0.837241 57 142 233
-0.152697 0.115663 -0.981545 108 142 2
0.779253 0.116103 0.623524 226 142 207
-0.969044 0.112887 0.064822 1 142 136
0.702473 0.118121 -0.735590 215 142 36
-0.020564 0.115030 0.991179 125 142 254
-0.643992 0.113107 -0.732945 44 142 32
1.001245 0.116652 0.108842 253 142 141
-0.800166 0.114878 0.587526 25 142 202
0.194135 0.115362 -0.978696 152 142 3
0.504638 0.112298 0.830877 193 142 236
-0.976075 0.117334 -0.284225 6 142 92
0.889599 0.114387 -0.438839 241 142 71
-0.353326 0.112313 0.908546 82 142 246
-0.365371 0.116086 -0.939960 82 142 9
0.889657 0.114100 0.439043 241 142 184
-0.957734 0.114616 0.278720 6 142 163
0.505278 0.111716 -0.831633 193 142 19
0.197532 0.116542 0.996651 152 142 252
-0.799928 0.113744 -0.587547 25 142 53
0.968335 0.111525 -0.105109 253 142 114
-0.666609 0.115513 0.758444 44 142 223
-0.020410 0.113327 -0.991324 125 142 1
0.688532 0.113863 0.721220 215 142 219
-0.971961 0.111141 -0.065172 1 142 119
0.792939 0.115745 -0.634269 226 142 48
-0.152813 0.113101 0.981269 108 142 253
-0.539165 0.110742 -0.810261 57 142 22
0.981514 0.114931 0.242303 250 142 158
-0.869895 0.112562 0.474777 16 142 188
0.322564 0.113105 -0.943065 168 142 8
0.390591 0.110572 0.893619 178 142 244
-0.927729 0.114943 -0.411078 12 142 76
0.941809 0.112458 -0.316845 248 142 87
-0.470208 0.109965 0.851299 66 142 238
-0.237630 0.114342 -0.983857 98 142 4
0.821901 0.111803 0.552903 233 142 198
-0.985137 0.112342 0.148337 2 142 146
0.613750 0.110007 -0.759414 207 142 29
0.062741 0.114137 1.012053 135 142 254
-0.715687 0.111814 -0.690173 36 142 40
0.971524 0.109195 0.024898 254 142 131
-0.764432 0.113744 0.665077 32 142 211
0.111808 0.111051 -0.983829 142 142 2
0.585396 0.111574 0.805473 202 142 230
-0.958024 0.109448 -0.194897 3 142 102
0.868565 0.113328 -0.521745 236 142 62
-0.282791 0.111169 0.953792 91 142 249
-0.425409 0.108431 -0.873085 72 142 14
0.943522 0.113138 0.372237 245 142 174
-0.924302 0.110306 0.354104 9 142 173
0.444750 0.110801 -0.890252 184 142 14
0.268951 0.108893 0.941257 162 142 249
-0.862659 0.112515 -0.529907 20 142 61
0.977338 0.110523 -0.188754 252 142 103
-0.578398 0.107674 0.779475 52 142 229
-0.104635 0.112522 -1.009863 114 142 1
0.740044 0.109567 0.656863 222 142 212
-0.994428 0.110023 0.015621 1 142 129
0.712322 0.108342 -0.673426 220 142 40
-0.072599 0.111700 1.008961 118 141 254
-0.618315 0.109874 -0.780773 49 141 28
0.957816 0.106924 0.153951 253 141 148
-0.848730 0.111898 0.558809 22 141 197
0.241782 0.108835 -0.959269 158 141 5
0.471888 0.109242 0.874723 188 141 239
-0.927244 0.107795 -0.322214 8 141 86
0.928060 0.110883 -0.400263 244 141 77
-0.408130 0.109223 0.909077 76 141 243
-0.304696 0.106182 -0.920530 88 141 7
0.887825 0.111265 0.496051 238 141 189
-0.962558 0.108109 0.227522 4 141 157
0.558379 0.108457 -0.821360 199 141 23
0.141629 0.107250 0.972794 146 141 253
-0.782265 0.110065 -0.638552 29 141 47
0.995386 0.108570 -0.056835 254 141 120
-0.676208 0.105448 0.694394 39 141 218
0.031038 0.110622 -1.017290 131 141 1
0.645477 0.107390 0.749254 210 141 224
-0.985535 0.107668 -0.116874 2 141 113
0.799206 0.106707 -0.574905 230 141 53
-0.205942 0.109246 0.987632 102 141 252
-0.509471 0.107913 -0.857583 63 141 19
0.927590 0.104721 0.279952 249 141 164
-0.917711 0.109971 0.441627 13 141 182
0.367391 0.106677 -0.918093 175 141 10
0.350244 0.106877 0.927747 172 141 246
-0.879884 0.106165 -0.444947 14 141 70
0.970490 0.108426 -0.272190 250 141 93
-0.526488 0.107252 0.847792 61 141 235
-0.179040 0.104003 -0.951960 104 141 3
0.815384 0.109310 0.611235 229 141 204
-0.984070 0.105971 0.097113 1 141 140
0.661351 0.106083 -0.737819 212 141 33
0.010693 0.105625 0.987444 129 141 254
-0.688212 0.107607 -0.735113 41 141 35
0.995469 0.106588 0.076511 254 141 137
-0.762143 0.103293 0.597535 28 141 206
0.166709 0.108641 -1.005851 148 141 2
0.539764 0.105270 0.828577 197 141 234
-0.958774 0.105287 -0.246638 5 141 96
0.872733 0.105085 -0.465333 239 141 68
-0.334855 0.106789 0.948669 85 141 247
-0.391077 0.105920 -0.919062 78 141 11
0.881449 0.102590 0.400904 243 141 180
-0.969902 0.107962 0.315796 7 141 167
0.486579 0.104574 -0.860981 190 141 17
0.222830 0.104489 0.963683 156 141 251
-0.816488 0.104545 -0.560910 23 141 56
0.995281 0.105971 -0.139948 253 141 110
-0.635603 0.105248 0.770944 47 141 225
-0.050482 0.101896 -0.966975 121 141 1
0.727548 0.107274 0.715441 218 141 216
-0.988477 0.103884 -0.034986 1 141 123
0.751828 0.103691 -0.641332 224 141 45
-0.121646 0.104005 0.984674 112 141 253
-0.582374 0.105156 -0.817977 54 141 24
0.977445 0.104571 0.208799 252 141 154
-0.834899 0.101211 0.490501 18 141 192
0.299669 0.106578 -0.975686 165 141 6
0.424626 0.103200 0.893511 182 141 242
-0.914816 0.102891 -0.371267 10 141 80
0.931391 0.103463 -0.346438 246 141 83
-0.457059 0.104342 0.892991 70 141 240
-0.265288 0.103889 -0.963942 94 141 5
0.820197 0.100533 0.514913 235 141 195
-1.004193 0.105873 0.183797 3 141 150
0.597370 0.102520 -0.788841 204 141 26
0.092077 0.102092 0.982035 139 141 254
-0.737900 0.102919 -0.667945 33 141 42
1.002203 0.103531 -0.005964 254 141 127
-0.733350 0.103202 0.679878 34 141 214
0.078939 0.099863 -0.965396 138 141 1
0.626027 0.105160 0.806556 205 141 228
-0.975658 0.101844 -0.166599 2 141 106
0.828266 0.101292 -0.533824 234 141 59
-0.253063 0.102373 0.964232 95 141 250
-0.466783 0.102723 -0.885834 68 141 15
0.941542 0.102511 0.337513 247 140 170
-0.893367 0.099202 0.375006 11 140 177
0.427256 0.104439 -0.927357 181 140 12
0.301936 0.101172 0.942933 166 140 248
-0.854661 0.100493 -0.488523 17 140 65
0.973874 0.101824 -0.220187 251 140 100
-0.570471 0.101919 0.821786 55 140 232
-0.134456 0.101814 -0.991271 110 140 2
0.744823 0.098548 0.620195 225 140 209
-1.019876 0.103710 0.048256 1 140 133
0.697890 0.100504 -0.702809 217 140 37
-0.039581 0.099696 0.982668 122 140 254
-0.645273 0.101271 -0.763966 46 140 31
0.991348 0.101118 0.127383 253 140 144
-0.817803 0.101112 0.576259 24 140 201
0.207188 0.097902 -0.947259 155 140 4
0.512839 0.102973 0.882754 191 140 237
-0.945743 0.099840 -0.295529 6 140 90
0.889438 0.098900 -0.417383 242 140 74
-0.381154 0.100715 0.926186 79 140 245
-0.343577 0.100321 -0.937675 84 140 8
0.888363 0.100404 0.460173 240 140 186
-0.936623 0.097263 0.252861 5 140 161
0.546930 0.102230 -0.861833 195 140 20
0.173707 0.099178 0.975928 150 140 252
-0.779593 0.098106 -0.596373 27 140 50
0.999128 0.100155 -0.088765 254 140 116
-0.673221 0.099529 0.736475 42 140 221
-0.001073 0.099692 -1.000456 127 140 1
0.656490 0.096631 0.715087 213 140 221
-1.016664 0.101479 -0.088126 1 140 117
0.786385 0.098519 -0.604246 228 140 50
-0.169766 0.097314 0.965787 106 140 252
-0.540079 0.099590 -0.847017 59 140 21
0.963107 0.098741 0.257796 250 140 160
-0.887294 0.098974 0.462036 15 140 186
0.332247 0.096007 -0.912808 171 140 8
0.390257 0.100722 0.942555 176 140 245
-0.899125 0.097862 -0.419579 13 140 74
0.934442 0.096526 -0.294199 249 140 89
-0.503486 0.099020 0.870949 64 140 237
-0.214958 0.097958 -0.972785 100 140 4
0.818887 0.098250 0.574398 231 140 200
-0.963932 0.095389 0.125962 2 140 144
0.656345 0.099959 -0.780463 209 140 30
0.042080 0.097207 0.991820 133 140 254
-0.691131 0.095740 -0.693023 38 140 38
1.006400 0.098444 0.045455 254 140 133
-0.763669 0.097180 0.638665 30 140 209
0.132293 0.097522 -0.991281 144 140 2
0.556530 0.094777 0.798046 200 140 232
-0.994689 0.099191 -0.222652 4 140 100
0.861250 0.096554 -0.494743 238 140 64
-0.296205 0.094959 0.931912 89 140 248
-0.424097 0.097862 -0.915329 74 140 12
0.918137 0.096408 0.383090 245 140 176
-0.940459 0.096789 0.339403 8 140 171
0.452124 0.094172 -0.862496 186 140 15
0.260735 0.098417 0.984856 160 140 250
-0.836471 0.095901 -0.536577 21 140 59
0.962696 0.094181 -0.166511 253 140 106
-0.617653 0.097274 0.799300 50 140 228
-0.083150 0.095641 -0.990737 117 140 1
0.734448 0.096050 0.677974 221 140 214
-0.974758 0.093572 -0.003710 1 140 127
0.753408 0.097639 -0.684927 221 140 42
-0.090700 0.095249 0.990190 116 140 254
-0.590980 0.093408 -0.776935 51 140 26
0.995280 0.096680 0.179960 252 140 150
-0.840408 0.094879 0.530117 20 140 195
0.263062 0.095307 -0.963927 161 140 5
0.446446 0.092977 0.867661 186 140 240
-0.954495 0.096856 -0.352703 8 140 84
0.921067 0.094597 -0.376107 245 140 80
-0.416763 0.092640 0.881841 73 140 242
-0.299389 0.096079 -0.967378 90 140 6
0.857338 0.094123 0.501213 237 140 192
-0.976283 0.094560 0.210741 3 140 154
0.564860 0.092387 -0.796991 201 140 24
0.126842 0.096069 1.008950 143 139 253
-0.758734 0.093944 -0.644417 31 139 45
0.973924 0.091877 -0.036562 254 139 123
-0.721342 0.095471 0.712388 37 139 217
0.049624 0.093373 -0.991370 134 139 1
0.636703 0.093808 0.768913 208 139 225
-0.968768 0.091801 -0.134102 2 139 110
0.836326 0.095279 -0.577182 232 139 55
-0.222308 0.093291 0.970907 99 139 251
-0.480985 0.091120 -0.846839 65 139 17
0.965736 0.094856 0.312151 248 139 167
-0.902267 0.092629 0.412711 12 139 180
0.388709 0.093052 -0.918964 177 139 11
0.327905 0.091219 0.922672 170 139 247
-0.897003 0.094486 -0.475805 15 139 68
0.964639 0.092637 -0.250353 250 139 96
-0.529477 0.090368 0.816609 58 139 234
-0.168270 0.094233 -1.001946 106 139 2
0.781821 0.091890 0.610261 228 139 206
-0.994127 0.092292 0.078553 1 139 138
0.668546 0.090641 -0.717184 214 139 35
-0.008811 0.093691 1.014530 126 139 254
-0.667157 0.091982 -0.741092 43 139 33
0.968133 0.089622 0.093444 254 139 140
-0.812402 0.093603 0.611725 26 139 204
0.181168 0.091157 -0.974779 151 139 3
0.527586 0.091528 0.845509 195 139 235
-0.945860 0.090066 -0.263095 5 139 93
0.903646 0.092894 -0.459399 241 139 70
-0.350375 0.091325 0.934152 83 139 246
-0.363087 0.088882 -0.901726 80 139 10
0.918137 0.092965 0.439409 242 139 182
-0.948309 0.090429 0.288426 6 139 164
0.506840 0.090761 -0.857336 192 139 18
0.202749 0.089493 0.961988 154 139 252
-0.823473 0.092095 -0.589685 24 139 54
0.991029 0.090666 -0.119681 254 139 112
-0.632565 0.088148 0.737459 45 139 224
-0.033250 0.092320 -1.018165 123 139 1
0.692895 0.089707 0.708484 216 139 218
-0.993741 0.089992 -0.054604 1 139 121
0.761346 0.088922 -0.624201 226 139 47
-0.143642 0.091295 1.001680 109 139 253
-0.563271 0.090005 -0.824747 56 139 23
0.945592 0.087421 0.221371 251 139 156
-0.888910 0.091667 0.499162 17 139 190
0.309333 0.088991 -0.941301 167 139 7
0.409256 0.089219 0.906378 180 139 243
-0.906173 0.088353 -0.388521 11 139 77
0.954266 0.090495 -0.333899 247 139 86
-0.472535 0.089341 0.880436 67 139 239
-0.239285 0.086700 -0.940843 96 139 4
0.853261 0.091006 0.559173 234 139 197
-0.977826 0.088279 0.159319 2 139 148
0.615247 0.088444 -0.780331 206 139 28
0.072978 0.087785 0.984718 137 139 254
-0.735456 0.089695 -0.692315 35 139 40
0.999598 0.088674 0.013558 254 139 129
-0.724440 0.085986 0.645797 33 139 212
0.103024 0.090337 -1.015560 140 139 1
0.592044 0.087573 0.794299 203 139 229
-0.975265 0.087668 -0.186185 3 139 104
0.841523 0.087218 -0.519413 236 139 61
-0.275155 0.088895 0.970846 93 139 250
-0.448884 0.088004 -0.893727 70 139 14
0.906800 0.085279 0.345171 246 139 173
-0.949237 0.089661 0.376847 9 139 174
0.432023 0.086872 -0.891509 183 139 13
0.284031 0.086889 0.950490 164 139 249
-0.850121 0.086650 -0.508188 18 139 62
0.987446 0.088095 -0.203089 252 139 102
-0.586477 0.087330 0.810609 53 139 230
-0.111611 0.084579 -0.963678 113 139 1
0.772285 0.088978 0.669005 224 139 211
-0.990346 0.086175 0.027506 1 139 131
0.711962 0.086110 -0.689534 219 139 39
-0.059255 0.086083 0.990203 120 139 254
-0.634737 0.087297 -0.781946 47 139 29
0.990044 0.086653 0.146905 253 138 146
-0.803707 0.083885 0.543172 22 138 199
0.237843 0.088286 -0.994075 157 138 4
0.480920 0.085483 0.866297 189 138 239
-0.939209 0.085330 -0.313730 7 138 87
0.907484 0.085514 -0.404438 244 138 76
-0.400994 0.086500 0.922808 77 138 244
-0.326052 0.085973 -0.946628 86 138 7
0.852469 0.083198 0.462896 239 138 188
-0.992098 0.087588 0.247174 4 138 158
0.547221 0.084795 -0.826204 198 138 22
0.154323 0.084549 0.977177 147 138 253
-0.778406 0.084944 -0.619911 28 138 48
1.002798 0.085706 -0.069400 254 138 119
-0.689997 0.085288 0.725866 40 138 220
0.017889 0.082518 -0.969949 130 138 0
0.676760 0.086883 0.766672 212 138 223
-0.985634 0.084111 -0.104849 1 138 114
0.795300 0.083768 -0.586777 230 138 52
-0.191667 0.084373 0.978054 103 138 252
-0.523286 0.084913 -0.857125 61 138 19
0.962421 0.084599 0.277846 250 138 163
-0.869163 0.081845 0.431249 14 138 184
0.368506 0.086170 -0.954079 173 138 9
0.361328 0.083431 0.923256 174 138 246
-0.886427 0.082988 -0.434913 13 138 72
0.957816 0.083799 -0.281138 249 138 92
-0.518979 0.084123 0.858634 62 138 236
-0.197050 0.083907 -0.982346 103 138 3
0.783502 0.081178 0.572708 230 138 202
-1.016596 0.085451 0.112717 1 138 142
0.652996 0.082754 -0.746415 211 138 32
0.022575 0.082208 0.986139 130 138 255
-0.692039 0.083223 -0.721559 40 138 36
1.000267 0.083336 0.064756 254 138 136
-0.781069 0.083210 0.627729 28 138 207
0.147175 0.080517 -0.959591 147 138 2
0.568574 0.084726 0.850205 198 138 233
-0.963698 0.082080 -0.235551 4 138 97
0.863885 0.081430 -0.474082 239 138 66
-0.321879 0.082644 0.948187 87 138 248
-0.403197 0.082553 -0.916702 76 138 11
0.917160 0.082508 0.403870 244 138 179
-0.919792 0.079863 0.311798 7 138 168
0.492405 0.083994 -0.896357 189 138 16
0.235224 0.081408 0.964159 158 138 251
-0.818080 0.080653 -0.547601 22 138 57
0.991337 0.082061 -0.151607 253 138 108
-0.627136 0.081772 0.779643 48 138 227
-0.064314 0.081803 -1.000115 119 138 1
0.700982 0.079214 0.672883 219 138 216
-1.022248 0.083257 -0.023842 0 138 125
0.747529 0.080740 -0.653402 223 138 44
-0.108801 0.079878 0.977428 113 138 254
-0.592348 0.081474 -0.811104 53 138 25
0.980109 0.080996 0.197040 252 138 153
-0.857893 0.081093 0.518027 19 138 193
0.274216 0.078572 -0.932748 163 138 6
0.449893 0.082514 0.917958 183 138 242
-0.924808 0.080073 -0.362395 9 138 81
0.916663 0.079105 -0.353601 246 138 82
-0.447456 0.080884 0.900852 71 138 241
-0.276649 0.080223 -0.959825 92 138 5
0.855070 0.080379 0.522536 236 138 194
-0.954769 0.077935 0.186678 3 138 152
0.607092 0.081766 -0.822093 203 138 25
0.104693 0.079408 0.988211 141 138 254
-0.735585 0.078334 -0.649883 32 138 43
1.007148 0.080289 -0.018141 255 138 125
-0.723716 0.079455 0.687361 35 138 215
0.069608 0.079660 -0.999544 136 138 1
0.606163 0.077303 0.761816 207 138 227
-1.008994 0.081013 -0.159793 2 138 108
0.829140 0.078744 -0.548652 233 138 57
-0.237475 0.077567 0.951422 97 138 251
-0.480977 0.079689 -0.886677 67 138 16
0.942859 0.078691 0.325208 248 138 169
-0.918958 0.078938 0.398850 11 138 178
0.397004 0.076676 -0.889775 179 138 11
0.323100 0.080255 0.968649 168 137 248
-0.869501 0.078082 -0.483188 16 137 66
0.952904 0.076802 -0.227558 251 137 98
-0.565967 0.079084 0.836659 56 137 233
-0.145862 0.077931 -0.985933 109 137 2
0.777327 0.078211 0.631543 226 137 208
-0.973459 0.076054 0.057833 1 137 135
0.710347 0.079493 -0.732821 216 137 36
-0.028060 0.077420 0.994868 124 137 255
-0.640566 0.076041 -0.740100 44 137 31
1.004674 0.078474 0.116798 254 137 142
-0.807201 0.077176 0.583482 24 137 202
0.202127 0.077481 -0.980629 153 137 3
0.500470 0.075436 0.838029 193 137 237
-0.977192 0.078728 -0.292469 6 137 91
0.896313 0.076758 -0.433875 242 137 72
-0.361243 0.075284 0.908792 81 137 246
-0.359866 0.077858 -0.946630 82 137 9
0.889307 0.076425 0.447143 241 137 185
-0.963080 0.076747 0.272506 5 137 162
0.513557 0.074822 -0.831235 194 137 19
0.190725 0.077959 1.001387 151 137 252
-0.798598 0.076097 -0.595783 26 137 51
0.972191 0.074531 -0.098202 254 137 115
-0.675041 0.077237 0.756590 43 137 222
-0.013064 0.075679 -0.994742 126 137 0
0.685446 0.076009 0.728787 215 137 220
-0.975431 0.074212 -0.072712 1 137 118
0.800234 0.077187 -0.630381 227 137 49
-0.160737 0.075435 0.983862 107 137 253
-0.534812 0.073782 -0.816855 58 137 21
0.983705 0.076610 0.250637 251 137 159
-0.876308 0.074938 0.469834 15 137 188
0.330681 0.075268 -0.943765 170 137 8
0.385494 0.073606 0.900183 178 137 244
-0.927595 0.076413 -0.419317 12 137 75
0.947740 0.074773 -0.310996 248 137 88
-0.478058 0.073038 0.850471 65 137 238
-0.231223 0.075977 -0.989594 99 137 4
0.820469 0.074202 0.560868 232 137 199
-0.989445 0.074523 0.141452 2 137 145
0.621934 0.073002 -0.757915 208 137 29
0.055370 0.075637 1.015680 134 137 254
-0.713208 0.074110 -0.698117 37 137 39
0.974402 0.072298 0.032241 255 137 132
-0.772440 0.075337 0.661994 31 137 210
0.119532 0.073470 -0.986227 143 137 1
0.581244 0.073776 0.812424 201 137 231
-0.960469 0.072401 -0.202861 3 137 101
0.875137 0.074858 -0.516855 237 137 63
-0.290979 0.073446 0.955225 90 137 249
-0.420222 0.071563 -0.879018 73 137 13
0.944424 0.074692 0.380752 245 137 175
-0.929987 0.072743 0.348356 8 137 172
0.452805 0.073026 -0.889726 185 137 14
0.263002 0.071802 0.947102 162 137 250
-0.861313 0.074078 -0.537963 20 137 60
0.982355 0.072780 -0.182139 253 137 104
-0.586050 0.070834 0.777608 51 137 229
-0.097482 0.074040 -1.014531 115 137 1
0.737563 0.072021 0.664556 222 137 213
-0.997622 0.072273 0.008234 0 137 129
0.720258 0.071204 -0.670833 221 137 41
-0.080359 0.073298 1.011435 117 137 254
-0.614734 0.072113 -0.788252 49 137 27
0.959687 0.070109 0.161598 253 137 149
-0.856124 0.073381 0.554574 21 137 197
0.249750 0.071303 -0.960612 159 137 4
0.466786 0.071518 0.880915 187 137 240
-0.928596 0.070608 -0.330461 8 137 85
0.933789 0.072516 -0.394506 245 137 78
-0.416407 0.071444 0.909314 75 137 243
-0.298775 0.069390 -0.925716 88 137 6
0.887421 0.072717 0.504540 238 137 190
-0.967422 0.070589 0.221071 4 137 156
0.566194 0.070762 -0.819649 200 137 23
0.134922 0.070013 0.977792 145 137 253
-0.779770 0.071735 -0.646259 30 137 46
0.999375 0.070773 -0.049593 255 136 121
-0.683540 0.068676 0.691536 38 136 218
0.038761 0.072046 -1.020782 132 136 0
0.641995 0.069880 0.756542 210 136 224
-0.987572 0.070003 -0.124587 1 136 112
0.806735 0.069419 -0.571245 231 136 54
-0.213917 0.070953 0.988933 101 136 252
-0.504860 0.070099 -0.864430 63 136 18
0.928437 0.067967 0.287776 249 136 165
-0.924317 0.071369 0.436351 12 136 182
0.375463 0.069175 -0.918361 176 136 10
0.344327 0.069244 0.933064 172 136 247
-0.880094 0.068824 -0.453322 14 136 69
0.975284 0.070172 -0.265710 250 136 94
-0.534672 0.069423 0.846821 60 136 235
-0.172491 0.067264 -0.956325 105 136 2
0.813694 0.070685 0.619494 229 136 205
-0.988027 0.068474 0.090073 1 136 139
0.668762 0.068483 -0.734990 213 136 33
0.003347 0.068230 0.991481 128 136 255
-0.684652 0.069392 -0.742323 41 136 34
0.998338 0.068744 0.084221 254 136 138
-0.769040 0.066566 0.593741 27 136 205
0.174811 0.069996 -1.008095 149 136 2
0.535339 0.067776 0.835332 196 136 235
-0.959638 0.067721 -0.254501 5 136 95
0.879696 0.067635 -0.460658 240 136 68
-0.342877 0.068613 0.948805 84 136 247
-0.385537 0.068062 -0.925123 79 136 10
0.881269 0.065873 0.408777 243 136 181
-0.975567 0.069301 0.309618 6 136 166
0.494613 0.067082 -0.860166 191 136 17
0.216247 0.066959 0.968033 155 136 252
-0.815530 0.067039 -0.569245 23 136 55
0.999069 0.067835 -0.132895 254 136 111
-0.643508 0.067377 0.768786 46 136 225
-0.043413 0.065186 -0.970454 122 136 0
0.724629 0.068599 0.723273 218 136 217
-0.991454 0.066392 -0.042492 0 136 122
0.758687 0.066197 -0.637475 225 136 46
-0.129494 0.066441 0.987647 111 136 254
-0.577850 0.067059 -0.824563 54 136 23
0.979129 0.066689 0.216802 252 136 155
-0.841255 0.064505 0.485837 17 136 191
0.307947 0.067893 -0.976643 166 136 6
0.419334 0.065704 0.899611 181 136 243
-0.914522 0.065435 -0.379111 10 136 79
0.937632 0.065842 -0.340826 247 136 84
-0.464970 0.066285 0.891992 69 136 240
-0.258948 0.065998 -0.969079 95 136 5
0.818997 0.063828 0.522709 235 136 196
-1.008794 0.067180 0.176878 2 136 149
0.605221 0.065020 -0.786952 205 136 27
0.084984 0.064674 0.985353 138 136 254
-0.735772 0.065240 -0.676063 34 136 41
1.004940 0.065513 0.001510 255 136 128
-0.740797 0.065303 0.676586 34 136 213
0.086414 0.063156 -0.967936 139 136 1
0.621968 0.066463 0.813777 205 136 229
-0.977594 0.064338 -0.174438 2 136 105
0.834447 0.063913 -0.529047 235 136 59
-0.261254 0.064637 0.966059 94 136 250
-0.461408 0.064744 -0.891686 69 136 14
0.942005 0.064606 0.345624 247 136 171
-0.899079 0.062490 0.369546 10 136 176
0.435508 0.065740 -0.927024 182 136 12
0.295867 0.063658 0.948259 165 136 249
-0.853247 0.063154 -0.496188 18 136 64
0.979246 0.064030 -0.213742 252 136 100
-0.578124 0.063978 0.819701 54 136 231
-0.127465 0.063905 -0.995371 111 136 1
0.742619 0.061828 0.627791 225 136 210
-1.023321 0.065013 0.040777 0 136 133
0.705410 0.062980 -0.699871 218 136 38
-0.047027 0.062396 0.984916 121 136 255
-0.642002 0.063421 -0.771688 46 136 30
0.993009 0.063215 0.135128 254 136 145
-0.824622 0.063200 0.571913 23 136 200
0.214950 0.061170 -0.948815 156 136 3
0.507759 0.064281 0.889203 191 135 238
-0.946592 0.062304 -0.303557 6 135 89
0.894837 0.061640 -0.411807 243 135 74
-0.389513 0.062808 0.926808 78 135 245
-0.337471 0.062454 -0.942701 85 135 8
0.887603 0.062493 0.468203 240 135 187
-0.941596 0.060518 0.246689 4 135 160
0.554959 0.063545 -0.860245 196 135 21
0.166970 0.061630 0.980372 149 135 253
-0.777118 0.060885 -0.603714 27 135 49
1.003499 0.062191 -0.081620 254 135 117
-0.680482 0.061697 0.733367 41 135 221
0.006403 0.061782 -1.003429 128 135 0
0.653310 0.059869 0.722357 213 135 222
-1.018894 0.062805 -0.095975 1 135 116
0.793426 0.060957 -0.600305 229 135 51
-0.177411 0.060133 0.966953 105 135 253
-0.535724 0.061571 -0.854164 60 135 20
0.963685 0.060944 0.265664 250 135 161
-0.893331 0.061068 0.456748 14 135 185
0.340174 0.059224 -0.913346 172 135 8
0.384298 0.062061 0.948095 175 135 245
-0.898860 0.060285 -0.427642 13 135 73
0.938978 0.059383 -0.287952 249 135 90
-0.511825 0.060947 0.870338 63 135 237
-0.208246 0.060194 -0.976913 101 135 3
0.816934 0.060351 0.582161 231 135 201
-0.968076 0.058583 0.119172 1 135 143
0.663967 0.061314 -0.777685 210 135 31
0.034798 0.059614 0.995286 132 135 255
-0.687670 0.058636 -0.699909 38 135 37
1.009659 0.060319 0.053146 255 135 134
-0.770415 0.059447 0.634610 29 135 208
0.140074 0.059630 -0.993072 145 135 1
0.552415 0.057945 0.804865 200 135 232
-0.995680 0.060564 -0.230680 4 135 99
0.867670 0.058943 -0.489866 238 135 65
-0.303900 0.057892 0.932002 88 135 249
-0.418746 0.059686 -0.921730 75 135 12
0.917643 0.058704 0.390939 245 135 177
-0.945582 0.058907 0.333307 7 135 170
0.460083 0.057310 -0.861993 187 135 15
0.254056 0.059811 0.989379 159 135 251
-0.835084 0.058273 -0.544515 21 135 58
0.966308 0.057151 -0.159728 253 135 107
-0.625779 0.059048 0.797459 49 135 228
-0.075961 0.057965 -0.993909 118 135 1
0.731362 0.058181 0.685291 220 135 215
-0.977989 0.056678 -0.011012 0 135 126
0.760455 0.059055 -0.681052 222 135 43
-0.098386 0.057602 0.992597 115 135 254
-0.586623 0.056413 -0.783254 51 135 26
0.997343 0.058406 0.188020 253 135 151
-0.846530 0.057230 0.525200 19 135 195
0.270961 0.057453 -0.964509 162 135 5
0.441451 0.056049 0.873905 185 135 241
-0.954255 0.058298 -0.360720 8 135 82
0.926727 0.056931 -0.370383 246 135 80
-0.424370 0.055679 0.880880 72 135 242
-0.293164 0.057759 -0.972879 91 135 6
0.855794 0.056499 0.508907 237 135 193
-0.980387 0.056722 0.203991 3 135 153
0.572713 0.055421 -0.795437 202 135 24
0.119616 0.057539 1.012379 142 135 254
-0.756242 0.056260 -0.652065 31 135 44
0.976570 0.054949 -0.029375 255 135 124
-0.729061 0.057107 0.709355 36 135 216
0.057159 0.055771 -0.993544 135 135 0
0.632573 0.055989 0.775622 208 135 226
-0.971013 0.054796 -0.141797 2 135 109
0.842655 0.056778 -0.572326 233 135 56
-0.230241 0.055588 0.972194 98 135 251
-0.475828 0.054222 -0.852493 65 135 16
0.966549 0.056450 0.320390 248 135 168
-0.907666 0.055047 0.407027 11 135 180
0.396542 0.055253 -0.918345 178 135 11
0.322104 0.054172 0.928217 169 135 248
-0.895570 0.056016 -0.483633 15 135 67
0.969412 0.054915 -0.243895 251 134 96
-0.536866 0.053499 0.814639 57 134 234
-0.161317 0.055789 -1.006411 107 134 2
0.779266 0.054326 0.617668 227 134 207
-0.997136 0.054516 0.071317 1 134 137
0.676149 0.053550 -0.714586 215 134 35
-0.016411 0.055254 1.016820 125 134 255
-0.663602 0.054240 -0.748284 43 134 32
0.969789 0.052780 0.100905 254 134 141
-0.819527 0.055122 0.607572 25 134 203
0.188917 0.053610 -0.975925 152 134 3
0.522528 0.053778 0.851469 194 134 236
-0.947057 0.052928 -0.271049 5 134 92
0.909137 0.054491 -0.453696 241 134 71
-0.358389 0.053565 0.934281 82 134 246
-0.357233 0.052065 -0.906633 81 134 9
0.917681 0.054450 0.447628 242 134 183
-0.952896 0.052896 0.282079 5 134 164
0.514430 0.053037 -0.855554 193 134 18
0.196232 0.052308 0.966717 153 134 252
-0.820912 0.053727 -0.597157 25 134 53
0.994804 0.052887 -0.112621 254 134 113
-0.639617 0.051354 0.734530 44 134 224
-0.025739 0.053773 -1.021488 124 134 0
0.689378 0.052186 0.715478 216 134 219
-0.995610 0.052296 -0.062152 0 134 120
0.768549 0.051687 -0.620586 227 134 48
-0.151440 0.052964 1.002812 108 134 253
-0.558723 0.052208 -0.831324 56 134 22
0.946247 0.050647 0.228977 251 134 157
-0.895271 0.053092 0.493993 16 134 189
0.317160 0.051480 -0.941404 168 134 7
0.403404 0.051554 0.911470 179 134 244
-0.906276 0.051066 -0.396588 11 134 76
0.958826 0.052202 -0.327494 248 134 86
-0.480454 0.051528 0.879396 66 134 239
-0.232841 0.049945 -0.944934 97 134 4
0.851551 0.052405 0.567169 233 134 198
-0.981524 0.050776 0.152420 2 134 147
0.622429 0.050810 -0.777452 207 134 28
0.065855 0.050445 0.988519 136 134 255
-0.731852 0.051439 -0.699284 35 134 40
1.002286 0.050845 0.021067 255 134 130
-0.731045 0.049246 0.641970 32 134 212
0.110907 0.051714 -1.017665 141 134 1
0.587626 0.050075 0.800759 203 134 230
-0.975978 0.050067 -0.193872 3 134 103
0.848177 0.049824 -0.514829 236 134 61
-0.282984 0.050678 0.970830 92 134 250
-0.443437 0.050160 -0.899538 71 134 13
0.906456 0.048551 0.352797 246 134 174
-0.954681 0.051018 0.370795 9 134 174
0.439792 0.049378 -0.890565 184 134 13
0.277533 0.049323 0.954622 163 134 250
-0.849104 0.049201 -0.516208 19 134 61
0.991007 0.049918 -0.196134 252 134 103
-0.594121 0.049473 0.808418 52 134 230
-0.104687 0.047861 -0.966897 114 134 1
0.769373 0.050317 0.676585 223 134 212
-0.993088 0.048682 0.020176 0 134 130
0.718590 0.048579 -0.685647 220 134 40
-0.066853 0.048578 0.992980 119 134 255
-0.630194 0.049159 -0.788284 48 134 28
0.991578 0.048783 0.154695 253 134 147
-0.809763 0.047174 0.538516 21 134 198
0.245899 0.049612 -0.994921 158 134 4
0.475676 0.047990 0.872106 188 134 239
-0.938780 0.047836 -0.321384 7 134 86
0.913440 0.047952 -0.398958 244 134 77
-0.408695 0.048402 0.921675 76 134 244
-0.319830 0.048092 -0.951538 87 134 7
0.851139 0.046492 0.470421 239 134 189
-0.996500 0.048903 0.240397 4 134 157
0.554792 0.047299 -0.824225 199 134 22
0.147334 0.047092 0.980286 146 134 253
-0.776265 0.047325 -0.627718 28 134 47
1.005316 0.047647 -0.062050 255 134 120
-0.697192 0.047398 0.722572 39 134 219
0.025181 0.045813 -0.972249 131 133 0
0.672731 0.048190 0.773654 211 133 224
-0.987363 0.046611 -0.112481 1 133 113
0.801247 0.046350 -0.581992 231 133 53
-0.199590 0.046696 0.979728 102 133 252
-0.517917 0.046894 -0.862724 62 133 18
0.962766 0.046701 0.285737 250 133 164
-0.874576 0.045137 0.425842 13 133 183
0.376537 0.047473 -0.953661 174 133 9
0.355349 0.045924 0.928305 173 133 246
-0.884896 0.045608 -0.442375 14 133 71
0.962932 0.046065 -0.274861 250 133 93
-0.526405 0.046143 0.856436 61 133 236
-0.190196 0.046002 -0.986241 103 133 2
0.781207 0.044465 0.580014 230 133 203
-1.019863 0.046753 0.105391 1 133 141
0.660230 0.045239 -0.743430 212 133 32
0.015254 0.044868 0.988188 129 133 255
-0.688799 0.045431 -0.728981 40 133 35
1.001721 0.045394 0.072352 255 133 137
-0.787647 0.045301 0.623410 28 133 207
0.154720 0.043797 -0.960934 148 133 2
0.563543 0.046029 0.856427 198 133 234
-0.964375 0.044555 -0.243348 4 133 96
0.869048 0.044129 -0.468522 240 133 67
-0.329959 0.044795 0.948700 86 133 248
-0.397126 0.044648 -0.921474 77 133 11
0.916311 0.044598 0.411677 244 133 180
-0.924474 0.043131 0.305722 7 133 167
0.500214 0.045302 -0.894705 190 133 16
0.228612 0.043873 0.968346 157 133 251
-0.815507 0.043392 -0.554724 22 133 56
0.995487 0.044155 -0.144657 254 133 109
-0.634155 0.043904 0.776448 47 133 226
-0.056991 0.043892 -1.002909 120 133 0
0.697755 0.042469 0.679851 219 133 216
-1.024319 0.044572 -0.031531 0 133 124
0.754287 0.043192 -0.649456 224 133 44
-0.116298 0.042656 0.978404 112 133 254
-0.588064 0.043513 -0.817968 53 133 24
0.980496 0.043163 0.204733 252 133 154
-0.863703 0.043183 0.512789 18 133 193
0.281894 0.041809 -0.933107 164 133 6
0.443999 0.043839 0.923283 183 133 242
-0.924408 0.042511 -0.370210 9 133 80
0.920961 0.041922 -0.347396 247 133 83
-0.455515 0.042867 0.900175 70 133 241
-0.270003 0.042424 -0.963701 93 133 5
0.853054 0.042473 0.530077 236 133 195
-0.958638 0.041152 0.180026 2 133 151
0.614495 0.043104 -0.819269 204 133 26
0.097568 0.041831 0.991445 140 133 254
-0.732048 0.041190 -0.656538 33 133 42
1.010222 0.042218 -0.010665 255 133 126
-0.730208 0.041689 0.683247 34 133 215
0.077224 0.041761 -1.001177 137 133 0
0.602047 0.040497 0.768328 206 133 228
-1.009842 0.042367 -0.167652 2 133 107
0.835283 0.041151 -0.543809 234 133 58
-0.245000 0.040461 0.951335 96 133 251
-0.475731 0.041566 -0.892819 68 133 15
0.942194 0.040956 0.332857 248 133 170
-0.923867 0.041046 0.392825 10 133 177
0.404690 0.039844 -0.889131 180 133 12
0.316502 0.041628 0.972968 167 133 249
-0.868019 0.040472 -0.490867 17 133 65
0.956278 0.039734 -0.220844 252 133 99
-0.573818 0.040909 0.834792 55 133 232
-0.138771 0.040226 -0.988860 110 133 1
0.774202 0.040330 0.638642 226 133 209
-0.976440 0.039193 0.050710 0 133 134
0.717178 0.040887 -0.728918 217 133 37
-0.035562 0.039792 0.997073 123 133 255
-0.636159 0.039010 -0.746175 45 133 31
1.006588 0.040250 0.124631 254 133 143
-0.813060 0.039499 0.578539 24 133 201
0.209853 0.039612 -0.981076 154 133 3
0.495521 0.038543 0.843969 192 133 237
-0.976825 0.040144 -0.300310 6 133 90
0.901710 0.039112 -0.428222 243 132 73
-0.368656 0.038288 0.907673 80 132 246
-0.353771 0.039586 -0.951897 83 132 8
0.887619 0.038775 0.454614 241 132 186
-0.966985 0.038892 0.265843 5 132 161
0.521120 0.037895 -0.829583 195 132 20
0.183593 0.039401 1.004621 150 132 253
-0.796049 0.038432 -0.603169 26 132 51
0.974604 0.037569 -0.091113 254 132 116
-0.682497 0.038919 0.753565 42 132 222
-0.005660 0.038054 -0.996683 127 132 0
0.681298 0.038171 0.735282 214 132 221
-0.977457 0.037248 -0.080193 1 132 117
0.806347 0.038656 -0.625514 228 132 49
-0.168466 0.037752 0.984980 106 132 253
-0.529634 0.036852 -0.822255 59 132 20
0.984404 0.038248 0.258643 251 132 160
-0.881439 0.037335 0.464160 15 132 187
0.338336 0.037448 -0.943029 171 132 8
0.379783 0.036602 0.905437 177 132 245
-0.926049 0.037911 -0.426959 12 132 74
0.952270 0.037070 -0.304640 249 132 89
-0.485229 0.036139 0.848363 64 132 238
-0.224420 0.037573 -0.993853 99 132 3
0.817799 0.036619 0.568032 232 132 200
-0.992268 0.036725 0.134317 1 132 145
0.629238 0.035956 -0.755266 209 132 30
0.047879 0.037166 1.017782 133 132 255
-0.709633 0.036388 -0.705050 37 132 38
0.975834 0.035428 0.039571 255 132 133
-0.779318 0.036894 0.657878 30 132 210
0.127118 0.035906 -0.987159 144 132 1
0.576186 0.036000 0.818173 201 132 232
-0.961483 0.035311 -0.210573 3 132 100
0.880412 0.036420 -0.511158 238 132 64
-0.298775 0.035705 0.955219 89 132 249
-0.414381 0.034720 -0.883664 73 132 12
0.943885 0.036212 0.388738 245 132 176
-0.934309 0.035195 0.342056 8 132 171
0.460211 0.035275 -0.887844 186 132 14
0.256616 0.034665 0.951559 161 132 251
-0.858653 0.035674 -0.545240 20 132 59
0.985912 0.035021 -0.175208 253 132 105
-0.592863 0.034016 0.774568 50 132 229
-0.090134 0.035526 -1.017676 116 132 1
0.733965 0.034487 0.671293 222 132 213
-0.999316 0.034549 0.000800 0 132 128
0.727162 0.034020 -0.667212 221 132 41
-0.088032 0.034929 1.012387 116 132 254
-0.610199 0.034335 -0.794579 50 132 26
0.960132 0.033314 0.169041 253 132 150
-0.862254 0.034836 0.549465 20 132 196
0.257385 0.033781 -0.960524 160 132 4
0.460951 0.033822 0.885800 186 132 241
-0.928557 0.033374 -0.338265 8 132 84
0.938132 0.034184 -0.388126 245 132 79
-0.424101 0.033648 0.908171 74 132 243
-0.292379 0.032615 -0.929545 89 132 6
0.885656 0.034143 0.512309 238 132 191
-0.970862 0.033078 0.214256 3 132 155
0.573186 0.033096 -0.816687 201 132 23
0.127967 0.032728 0.981350 144 132 254
-0.776085 0.033440 -0.653023 30 132 45
1.001871 0.032960 -0.042234 255 132 122
-0.689887 0.031919 0.687630 37 132 217
0.046472 0.033446 -1.022735 133 132 0
0.637533 0.032376 0.762736 209 132 225
-0.988122 0.032369 -0.132145 1 132 111
0.813098 0.032080 -0.566699 232 132 55
-0.221604 0.032697 0.988747 100 132 252
-0.499457 0.032270 -0.870005 64 132 17
0.927904 0.031226 0.295209 249 132 166
-0.929548 0.032746 0.430378 12 132 181
0.383015 0.031677 -0.917256 177 132 10
0.337864 0.031642 0.936991 171 132 247
-0.878978 0.031432 -0.461069 15 132 68
0.978627 0.031955 -0.258801 251 132 95
-0.542090 0.031579 0.844559 59 132 235
-0.165653 0.030535 -0.959285 106 131 2
0.810751 0.032043 0.626854 228 131 205
-0.990526 0.030979 0.082861 1 131 138
0.675193 0.030915 -0.731036 214 131 34
-0.004054 0.030782 0.994048 127 131 255
-0.680046 0.031214 -0.748446 42 131 33
0.999707 0.030887 0.091846 254 131 139
-0.774825 0.029847 0.589043 26 131 205
0.182690 0.031337 -1.008812 150 131 2
0.530090 0.030283 0.840873 195 131 235
-0.959057 0.030189 -0.262012 5 131 94
0.885376 0.030131 -0.455256 241 131 69
-0.350417 0.030474 0.947515 83 131 247
-0.379383 0.030192 -0.929813 79 131 10
0.879776 0.029162 0.416080 243 131 182
-0.979774 0.030627 0.302934 6 131 165
0.501948 0.029589 -0.858060 192 131 17
0.209311 0.029464 0.970939 154 131 252
-0.813334 0.029478 -0.576775 24 131 54
1.001371 0.029736 -0.125613 254 131 112
-0.650480 0.029497 0.765451 45 131 225
-0.036244 0.028479 -0.972506 123 131 0
0.720589 0.029916 0.730043 217 131 218
-0.992963 0.028896 -0.049974 0 131 121
0.764430 0.028740 -0.632640 226 131 46
-0.137197 0.028824 0.989146 110 131 254
-0.572440 0.028999 -0.829937 55 131 23
0.979336 0.028799 0.224518 252 131 156
-0.846390 0.027799 0.480426 17 131 190
0.315799 0.029201 -0.976116 167 131 6
0.413387 0.028204 0.904395 180 131 243
-0.912849 0.028016 -0.386415 10 131 78
0.942495 0.028167 -0.334662 248 131 85
-0.472216 0.028265 0.889651 68 131 240
-0.252182 0.028100 -0.972773 96 131 4
0.816571 0.027120 0.529768 234 131 197
-1.011882 0.028484 0.169656 2 131 149
0.612207 0.027513 -0.783875 206 131 27
0.077736 0.027293 0.987201 138 131 255
-0.732517 0.027508 -0.683212 34 131 41
1.006181 0.027532 0.009012 255 131 129
-0.747158 0.027400 0.672250 33 131 213
0.093798 0.026444 -0.969049 140 131 1
0.616942 0.027765 0.819795 204 131 229
-0.978076 0.026823 -0.182056 2 131 104
0.839398 0.026572 -0.523456 236 131 60
-0.269102 0.026847 0.966435 93 131 250
-0.455320 0.026801 -0.896225 70 131 14
0.941042 0.026698 0.353251 247 131 172
-0.903483 0.025769 0.363509 9 131 175
0.443137 0.027044 -0.925281 183 131 13
0.289324 0.026134 0.952193 165 131 249
-0.850545 0.025852 -0.503138 18 131 63
0.983170 0.026183 -0.206934 252 131 101
-0.584943 0.026072 0.816381 53 131 231
-0.120246 0.025994 -0.997981 112 131 1
0.739298 0.025096 0.634492 224 131 211
-1.025226 0.026321 0.033202 0 131 132
0.711913 0.025445 -0.695870 219 131 38
-0.054430 0.025134 0.985696 120 131 255
-0.637739 0.025517 -0.778290 47 131 29
0.993191 0.025345 0.142700 254 131 146
-0.830223 0.025290 0.566680 22 131 199
0.222434 0.024425 -0.948969 157 131 3
0.501885 0.025596 0.894330 190 131 239
-0.946028 0.024757 -0.311171 6 131 88
0.898916 0.024417 -0.405592 244 131 75
-0.397333 0.024848 0.926031 77 131 245
-0.330837 0.024620 -0.946339 85 131 7
0.885495 0.024584 0.475561 240 131 188
-0.945194 0.023755 0.240118 4 131 159
0.562182 0.024870 -0.857344 197 131 21
0.159948 0.024069 0.983371 148 131 253
-0.773469 0.023702 -0.610178 27 131 49
1.006377 0.024176 -0.074308 255 131 118
-0.686755 0.023897 0.729152 40 131 220
0.013903 0.023877 -1.004896 129 131 0
0.649142 0.023086 0.728591 212 131 223
-1.019588 0.024143 -0.103713 1 131 115
0.799316 0.023381 -0.595445 230 130 51
-0.184818 0.022988 0.966676 104 130 253
-0.530531 0.023502 -0.860059 61 130 19
0.962828 0.023177 0.273165 250 130 162
-0.898041 0.023168 0.450745 14 130 185
0.347636 0.022418 -0.912530 173 130 8
0.377731 0.023415 0.952221 175 130 246
-0.897246 0.022693 -0.435105 13 130 72
0.942127 0.022277 -0.281253 250 130 91
-0.519438 0.022825 0.868405 62 130 237
-0.201197 0.022458 -0.979601 102 130 3
0.813735 0.022459 0.589075 231 130 202
-0.970802 0.021751 0.112169 1 130 142
0.670614 0.022686 -0.773717 211 130 31
0.027427 0.022005 0.997277 131 130 255
-0.683171 0.021567 -0.705776 39 130 36
1.011408 0.022146 0.060800 255 130 135
-0.776041 0.021741 0.629594 29 130 208
0.147675 0.021749 -0.993367 146 130 1
0.547457 0.021084 0.810523 199 130 233
-0.995169 0.021956 -0.238390 4 130 98
0.872820 0.021316 -0.484231 239 130 66
-0.311170 0.020859 0.930702 87 130 248
-0.412731 0.021463 -0.926771 76 130 11
0.915781 0.021027 0.398236 244 130 178
-0.949296 0.021038 0.326683 7 130 169
0.467400 0.020417 -0.860206 188 130 15
0.246969 0.021226 0.992424 158 130 251
-0.832438 0.020628 -0.551676 21 130 57
0.968493 0.020154 -0.152682 253 130 108
-0.633002 0.020778 0.794400 48 130 227
-0.068631 0.020314 -0.995616 119 130 0
0.727158 0.020327 0.691602 220 130 215
-0.979782 0.019751 -0.018337 0 130 125
0.766381 0.020496 -0.676133 223 130 43
-0.105961 0.019938 0.993527 114 130 254
-0.581377 0.019450 -0.788429 52 130 25
0.997905 0.020090 0.195839 253 130 152
-0.851417 0.019603 0.519483 19 130 194
0.278481 0.019615 -0.963637 163 130 5
0.435774 0.019085 0.878881 184 130 242
-0.952574 0.019766 -0.368223 9 130 82
0.931023 0.019248 -0.364076 246 130 81
-0.431372 0.018748 0.878607 71 130 242
-0.286461 0.019399 -0.976934 92 130 5
0.852974 0.018894 0.515874 237 130 193
-0.983027 0.018902 0.196908 3 130 153
0.579756 0.018418 -0.792691 203 130 25
0.112183 0.019036 1.014295 142 130 254
-0.752603 0.018558 -0.658771 32 130 44
0.977775 0.018049 -0.022118 255 130 125
-0.735715 0.018705 0.705232 35 130 216
0.064638 0.018187 -0.994251 136 130 0
0.627474 0.018190 0.781187 207 130 227
-0.971824 0.017751 -0.149321 1 130 108
0.847738 0.018307 -0.566591 233 130 57
-0.237867 0.017866 0.972028 97 130 251
-0.469947 0.017351 -0.856901 66 130 16
0.965901 0.018009 0.328185 248 130 169
-0.911738 0.017482 0.400718 11 130 179
0.403806 0.017477 -0.916339 179 130 11
0.315793 0.017083 0.932409 168 130 248
-0.892785 0.017577 -0.490758 16 130 66
0.972751 0.017174 -0.237040 251 130 97
-0.543484 0.016655 0.811453 57 130 233
-0.154084 0.017310 -1.009373 108 130 1
0.775545 0.016778 0.624187 227 130 207
-0.998653 0.016765 0.063947 0 130 136
0.682785 0.016415 -0.710910 216 130 36
-0.024010 0.016849 1.017588 124 130 255
-0.659034 0.016481 -0.754386 44 130 31
0.970014 0.015961 0.108242 254 130 142
-0.825446 0.016609 0.602478 25 130 203
0.196415 0.016075 -0.975628 153 130 3
0.516667 0.016053 0.856167 193 130 237
-0.946848 0.015745 -0.278641 5 130 92
0.913281 0.016121 -0.447293 242 130 71
-0.365901 0.015787 0.933008 81 130 246
-0.350829 0.015269 -0.910215 82 129 9
0.915831 0.015906 0.455207 242 129 184
-0.956087 0.015374 0.275290 5 129 163
0.521272 0.015341 -0.852479 194 129 19
0.189387 0.015075 0.970028 152 129 253
-0.817111 0.015394 -0.603756 25 129 52
0.997101 0.015092 -0.105360 254 129 114
-0.645747 0.014579 0.730503 43 129 223
-0.018153 0.015201 -1.023278 125 129 0
0.684825 0.014674 0.721438 215 129 220
-0.995988 0.014629 -0.069632 0 129 119
0.774644 0.014403 -0.616026 227 129 48
-0.159036 0.014669 1.002445 108 129 253
-0.553315 0.014397 -0.836680 57 129 21
0.945505 0.013890 0.236271 251 129 158
-0.900304 0.014493 0.488052 15 129 188
0.324546 0.013976 -0.940111 169 129 7
0.396928 0.013918 0.915209 178 129 244
-0.905026 0.013729 -0.404104 11 129 76
0.961965 0.013944 -0.320580 248 129 87
-0.487684 0.013700 0.877030 66 129 239
-0.226030 0.013203 -0.947643 98 129 3
0.848544 0.013783 0.574342 233 129 199
-0.983781 0.013278 0.145270 1 129 146
0.628700 0.013208 -0.773397 208 129 29
0.058597 0.013054 0.990865 135 129 255
-0.727144 0.013221 -0.705227 36 129 39
1.003478 0.013002 0.028576 255 129 131
-0.736593 0.012517 0.637181 31 129 211
0.118655 0.013072 -1.018239 142 129 1
0.582321 0.012581 0.806056 202 129 231
-0.975229 0.012499 -0.201290 3 129 102
0.853598 0.012378 -0.509453 237 129 62
-0.290413 0.012499 0.969363 91 129 250
-0.437302 0.012303 -0.904020 72 129 13
0.904773 0.011832 0.359930 246 129 175
-0.958702 0.012359 0.364157 8 129 173
0.446938 0.011884 -0.888297 185 129 14
0.270600 0.011790 0.957336 162 129 250
-0.846811 0.011699 -0.523498 19 129 60
0.993099 0.011778 -0.188867 253 129 104
-0.600903 0.011604 0.805003 51 129 230
-0.097583 0.011149 -0.968700 115 129 1
0.765285 0.011645 0.683173 223 129 212
-0.994367 0.011189 0.012788 0 129 129
0.724161 0.011083 -0.680724 220 129 40
-0.074389 0.011019 0.994287 118 129 255
-0.624698 0.011059 -0.793464 49 129 27
0.991629 0.010903 0.162283 253 129 148
-0.814647 0.010467 0.533050 21 129 197
0.253616 0.010929 -0.994267 159 129 4
0.469708 0.010494 0.876645 188 129 240
-0.936945 0.010377 -0.328578 7 129 85
0.918058 0.010336 -0.392854 245 129 77
-0.415808 0.010342 0.919166 75 129 244
-0.313103 0.010202 -0.955036 88 129 6
0.848548 0.009785 0.477280 239 129 190
-0.999413 0.010212 0.233231 3 129 156
0.561570 0.009799 -0.821017 199 129 22
0.140107 0.009672 0.981938 146 129 254
-0.772951 0.009652 -0.634625 29 129 47
1.006345 0.009626 -0.054587 255 129 121
-0.703365 0.009500 0.718179 38 129 219
0.032463 0.009105 -0.973123 132 129 0
0.667671 0.009495 0.779493 210 129 224
-0.987635 0.009104 -0.119975 1 129 112
0.806014 0.008968 -0.576327 231 129 53
-0.207252 0.008965 0.979943 101 129 252
-0.511765 0.008911 -0.867055 63 129 18
0.961666 0.008798 0.293227 249 129 165
-0.878720 0.008424 0.419786 12 129 182
0.384027 0.008776 -0.951801 175 129 9
0.348820 0.008410 0.931996 172 129 247
-0.882040 0.008266 -0.449196 14 129 70
0.966631 0.008277 -0.268142 250 129 93
-0.533068 0.008198 0.852960 60 129 236
-0.183032 0.008095 -0.988668 104 129 2
0.777752 0.007745 0.586491 229 129 204
-1.021602 0.008057 0.097881 1 129 140
0.666512 0.007715 -0.739330 213 128 33
0.007892 0.007565 0.988769 129 128 255
-0.684512 0.007586 -0.735345 41 128 34
1.001691 0.007487 0.079859 255 128 138
-0.793063 0.007391 0.618140 27 128 206
0.162065 0.007065 -0.960865 149 128 2
0.557645 0.007337 0.861378 197 128 235
-0.963624 0.007020 -0.250812 4 128 95
0.872929 0.006865 -0.462250 240 128 68
-0.337583 0.006892 0.947794 85 128 248
-0.390451 0.006777 -0.924892 78 128 10
0.914083 0.006687 0.418892 243 128 181
-0.927812 0.006386 0.299173 6 128 167
0.507294 0.006618 -0.891699 191 128 17
0.221636 0.006326 0.971110 156 128 252
-0.811715 0.006168 -0.561039 23 128 55
0.998162 0.006197 -0.137457 254 128 110
-0.640251 0.006069 0.772093 46 128 226
-0.049559 0.005983 -1.004205 121 128 0
0.693487 0.005706 0.685842 218 128 217
-1.024853 0.005898 -0.039195 0 128 123
0.759949 0.005630 -0.644530 225 128 45
-0.123640 0.005471 0.977928 112 128 254
-0.582876 0.005500 -0.823636 54 128 23
0.979432 0.005362 0.212141 252 128 154
-0.868232 0.005278 0.506764 17 128 192
0.289186 0.005026 -0.932091 165 128 6
0.437420 0.005178 0.927233 182 128 243
-0.922634 0.004935 -0.377503 9 128 79
0.923901 0.004776 -0.340661 247 128 83
-0.462928 0.004800 0.898143 69 128 241
-0.262942 0.004656 -0.966160 94 128 4
0.849751 0.004574 0.536845 235 128 196
-0.961109 0.004346 0.173085 2 128 150
0.620995 0.004458 -0.815206 205 128 26
0.090274 0.004239 0.993218 139 128 254
-0.727419 0.004083 -0.662235 33 128 42
1.011793 0.004098 -0.003140 255 128 127
-0.735635 0.003952 0.678113 34 128 214
0.084746 0.003869 -1.001312 138 128 0
0.597028 0.003665 0.773732 205 128 228
-1.009175 0.003739 -0.175280 2 128 106
0.840206 0.003542 -0.538141 235 128 59
-0.252178 0.003391 0.949839 95 128 251
-0.469746 0.003394 -0.897646 68 128 15
0.940134 0.003249 0.340032 247 128 171
-0.927404 0.003165 0.386192 10 128 177
0.411808 0.002983 -0.887173 181 128 12
0.309411 0.003020 0.975836 166 128 249
-0.865240 0.002845 -0.497843 17 128 64
0.958244 0.002700 -0.213787 252 128 100
-0.580841 0.002688 0.831661 54 128 232
-0.131459 0.002548 -0.990334 111 128 1
0.769906 0.002461 0.644801 225 128 209
-0.977993 0.002301 0.043484 0 128 133
0.722949 0.002302 -0.723911 218 128 37
-0.043036 0.002147 0.997803 122 128 255
-0.630801 0.002011 -0.751159 46 128 30
1.006997 0.001981 0.132309 254 128 144
-0.817731 0.001847 0.572731 23 128 201
0.217286 0.001757 -0.980051 155 128 3
0.489821 0.001617 0.848687 191 128 238
-0.974992 0.001585 -0.307718 6 128 89
0.905785 0.001449 -0.421912 243 128 74
-0.375539 0.001323 0.905210 79 128 245
-0.347119 0.001271 -0.955754 84 128 8
0.884617 0.001147 0.461432 241 128 186
-0.969449 0.001054 0.258764 4 128 160
0.527943 0.000932 -0.826701 196 128 20
0.176169 0.000868 1.006357 149 128 253
-0.792306 0.000750 -0.609682 26 128 50
0.975583 0.000637 -0.083875 255 128 117
-0.688957 0.000560 0.749394 41 128 221
0.001770 0.000449 -0.997159 128 128 0
0.676120 0.000351 0.740691 213 128 222
-0.978047 0.000246 -0.087584 1 128 116
0.811266 0.000153 -0.619699 229 128 50
-0.175971 0.000050 0.984634 105 128 253
-0.523664 -0.000049 -0.826453 59 127 20
0.983625 -0.000153 0.266291 251 127 161
-0.885283 -0.000249 0.457789 14 127 186
0.345501 -0.000351 -0.940878 171 127 8
0.373489 -0.000442 0.909374 176 127 245
-0.923115 -0.000561 -0.433978 12 127 73
0.955398 -0.000651 -0.297810 249 127 90
-0.491700 -0.000733 0.845000 63 127 238
-0.217254 -0.000867 -0.996634 100 127 3
0.813918 -0.000946 0.574377 232 127 201
-0.993611 -0.001052 0.126965 1 127 144
0.635641 -0.001132 -0.751490 210 127 30
0.040302 -0.001274 1.018367 133 127 255
-0.704989 -0.001352 -0.710956 38 127 37
0.975831 -0.001417 0.046859 255 127 134
-0.785049 -0.001583 0.652757 29 127 209
0.134534 -0.001643 -0.986638 145 127 1
0.570256 -0.001752 0.822710 200 127 232
-0.961081 -0.001823 -0.218004 3 127 99
0.884381 -0.001986 -0.504687 238 127 64
-0.306151 -0.002054 0.953789 89 127 249
-0.407917 -0.002099 -0.887019 74 127 12
0.941924 -0.002299 0.396167 245 127 177
-0.937264 -0.002339 0.335237 7 127 170
0.466943 -0.002451 -0.884631 187 127 15
0.249826 -0.002516 0.954627 160 127 251
-0.854709 -0.002696 -0.551717 20 127 58
0.988010 -0.002756 -0.167994 253 127 106
-0.598818 -0.002781 0.770383 49 127 228
-0.082626 -0.003017 -1.019300 117 127 0
0.729278 -0.003035 0.677057 221 127 214
-0.999519 -0.003149 -0.006650 0 127 127
0.733017 -0.003211 -0.662589 222 127 42
-0.095588 -0.003405 1.011833 116 127 254
-0.604740 -0.003459 -0.799740 51 127 26
0.959167 -0.003462 0.176252 253 127 151
-0.867107 -0.003736 0.543513 19 127 195
0.264659 -0.003731 -0.959022 161 127 5
0.454418 -0.003845 0.889370 186 127 241
-0.927143 -0.003909 -0.345599 8 127 83
0.941084 -0.004112 -0.381158 246 127 80
-0.431184 -0.004163 0.905671 73 127 243
-0.285540 -0.004143 -0.932016 90 127 6
0.882554 -0.004455 0.519332 237 127 192
-0.972881 -0.004427 0.207110 3 127 154
0.579334 -0.004541 -0.812500 202 127 24
0.120796 -0.004608 0.983468 143 127 254
-0.771239 -0.004818 -0.658826 31 127 45
1.002878 -0.004867 -0.034790 255 127 123
-0.695235 -0.004824 0.682707 37 127 217
0.054135 -0.005174 -1.023155 134 127 0
0.632122 -0.005122 0.767821 209 127 226
-0.987198 -0.005235 -0.139519 1 127 110
0.818280 -0.005309 -0.561295 233 127 55
-0.228972 -0.005523 0.987091 99 127 252
-0.493294 -0.005572 -0.874296 65 127 16
0.926008 -0.005504 0.302224 249 127 167
-0.933397 -0.005895 0.423741 11 127 180
0.390021 -0.005818 -0.914797 178 127 10
0.330886 -0.005927 0.939528 170 127 248
-0.876554 -0.006013 -0.468161 15 127 67
0.980521 -0.006226 -0.251498 251 127 96
-0.548719 -0.006277 0.841031 58 127 234
-0.158556 -0.006184 -0.960844 107 127 2
0.806582 -0.006615 0.633291 228 127 206
-0.991573 -0.006514 0.075511 0 127 137
0.680627 -0.006618 -0.725989 215 127 34
-0.011476 -0.006718 0.995149 126 127 255
-0.674424 -0.006927 -0.753467 42 127 33
0.999588 -0.006982 0.099353 254 127 140
-0.779487 -0.006865 0.583471 25 127 204
0.190316 -0.007335 -1.008015 151 127 2
0.524049 -0.007210 0.845188 195 127 236
-0.957046 -0.007308 -0.269145 5 127 93
0.889763 -0.007426 -0.449158 241 127 70
-0.357446 -0.007627 0.944817 82 127 247
-0.372647 -0.007687 -0.933127 80 127 9
0.876990 -0.007546 0.422790 242 127 183
-0.982520 -0.008055 0.295778 5 126 164
0.508562 -0.007907 -0.854684 193 126 18
0.202055 -0.007996 0.972404 153 126 252
-0.809920 -0.008136 -0.583475 24 126 53
1.002192 -0.008326 -0.118136 254 126 113
-0.656496 -0.008393 0.760963 44 126 224
-0.029006 -0.008227 -0.973137 124 126 0
0.715458 -0.008775 0.735733 216 126 219
-0.993012 -0.008605 -0.057399 0 126 120
0.769044 -0.008682 -0.626860 226 126 47
-0.144724 -0.008848 0.989181 109 126 254
-0.566176 -0.009023 -0.834089 56 126 22
0.978080 -0.009098 0.231916 252 126 157
-0.850297 -0.008910 0.474299 16 126 190
0.323194 -0.009495 -0.974122 168 126 6
0.406817 -0.009303 0.907858 180 126 244
-0.909818 -0.009367 -0.393154 10 126 77
0.945974 -0.009563 -0.327978 248 126 86
-0.478771 -0.009719 0.885992 67 126 240
-0.245024 -0.009803 -0.975022 96 126 4
0.812944 -0.009593 0.536066 234 126 198
-1.013457 -0.010213 0.162164 2 126 148
0.618306 -0.010001 -0.779635 207 126 28
0.070364 -0.010050 0.987586 137 126 255
-0.728160 -0.010279 -0.689368 35 126 40
1.005937 -0.010414 0.016508 255 126 130
-0.752416 -0.010508 0.666901 32 126 212
0.101062 -0.010277 -0.968745 141 126 1
0.610981 -0.010931 0.824594 203 126 230
-0.977118 -0.010701 -0.189424 2 126 103
0.843109 -0.010732 -0.517083 236 126 61
-0.276575 -0.010997 0.965373 92 126 250
-0.448554 -0.011107 -0.899445 71 126 13
0.938671 -0.011212 0.360365 247 126 173
-0.906574 -0.010962 0.356925 9 126 174
0.450116 -0.011648 -0.922146 183 126 13
0.282340 -0.011401 0.954731 164 126 250
-0.846581 -0.011413 -0.509349 18 126 62
0.985642 -0.011718 -0.199794 252 126 102
-0.590905 -0.011800 0.811853 52 126 231
-0.112833 -0.011916 -0.999104 113 126 1
0.734888 -0.011649 0.640280 224 126 211
-1.025598 -0.012364 0.025563 0 126 131
0.717379 -0.012102 -0.690833 219 126 39
-0.061760 -0.012092 0.985017 120 126 255
-0.632511 -0.012440 -0.783753 47 126 28
0.991910 -0.012491 0.150070 254 126 147
-0.834593 -0.012619 0.560591 22 126 199
0.229609 -0.012337 -0.947733 158 126 4
0.495249 -0.013078 0.898125 189 126 239
-0.944067 -0.012804 -0.318343 7 126 87
0.901668 -0.012769 -0.398773 244 126 76
-0.404586 -0.013164 0.923870 76 126 244
-0.323709 -0.013182 -0.948586 86 126 7
0.882059 -0.013322 0.482220 239 126 189
-0.947417 -0.013027 0.233179 4 126 158
0.568573 -0.013792 -0.853156 198 126 21
0.152674 -0.013507 0.984924 147 126 253
-0.768675 -0.013446 -0.615746 28 126 48
1.007762 -0.013889 -0.066862 255 126 119
-0.692024 -0.013872 0.723860 39 126 220
0.021395 -0.014023 -1.004864 130 126 0
0.644012 -0.013719 0.733773 212 126 223
-1.018758 -0.014503 -0.111306 1 126 114
0.804037 -0.014211 -0.589695 230 126 52
-0.191958 -0.014121 0.964972 103 126 253
-0.524530 -0.014616 -0.864689 61 126 19
0.960553 -0.014561 0.280272 250 126 163
-0.901417 -0.014724 0.444059 13 126 184
0.354607 -0.014413 -0.910373 174 126 9
0.370592 -0.015214 0.954928 174 126 246
-0.894304 -0.014916 -0.441941 13 126 71
0.943889 -0.014795 -0.274134 250 126 92
-0.526298 -0.015345 0.865170 61 126 236
-0.193847 -0.015250 -0.980851 103 126 2
0.809316 -0.015423 0.595120 230 126 203
-0.972111 -0.015109 0.104984 1 126 141
0.676267 -0.015922 -0.768589 212 126 32
0.020000 -0.015621 0.997799 130 126 255
-0.677661 -0.015468 -0.710607 40 125 35
1.011650 -0.016074 0.068386 255 125 136
-0.780530 -0.015938 0.623647 28 125 207
0.155065 -0.016121 -0.992179 147 125 2
0.541684 -0.015807 0.815007 198 125 234
-0.993170 -0.016629 -0.245753 4 125 97
0.876691 -0.016328 -0.477867 239 125 66
-0.317986 -0.016140 0.928031 86 125 248
-0.406082 -0.016805 -0.930441 77 125 11
0.912571 -0.016626 0.404955 244 125 179
-0.951597 -0.016817 0.319562 7 125 168
0.474049 -0.016508 -0.857151 189 125 16
0.239506 -0.017334 0.993991 157 125 251
-0.828555 -0.017035 -0.558035 22 125 56
0.969254 -0.016812 -0.145407 254 125 109
-0.639297 -0.017536 0.790145 47 125 227
-0.061194 -0.017314 -0.995861 120 125 0
0.721863 -0.017512 0.696887 219 125 216
-0.980142 -0.017211 -0.025652 0 125 124
0.771168 -0.018037 -0.670202 224 125 44
-0.113395 -0.017744 0.992988 113 125 254
-0.575273 -0.017483 -0.792449 53 125 24
0.996977 -0.018268 0.203386 252 125 153
-0.855059 -0.018002 0.512999 18 125 193
0.285593 -0.018206 -0.961325 164 125 5
0.429442 -0.017916 0.882580 183 125 242
-0.949473 -0.018738 -0.375182 9 125 81
0.933949 -0.018453 -0.357218 247 125 82
-0.437745 -0.018154 0.875040 70 125 242
-0.279313 -0.019001 -0.979537 93 125 5
0.848899 -0.018690 0.522090 236 125 194
-0.984202 -0.018897 0.189525 2 125 152
0.585964 -0.018625 -0.788774 204 125 25
0.104579 -0.019437 1.014701 141 125 254
-0.747843 -0.019163 -0.664513 32 125 43
0.977544 -0.018824 -0.014824 255 125 126
-0.741285 -0.019734 0.700044 35 125 215
0.072029 -0.019379 -0.993499 137 125 0
0.621436 -0.019587 0.785590 207 125 227
-0.971209 -0.019336 -0.156645 2 125 107
0.851561 -0.020134 -0.560009 234 125 57
-0.245154 -0.019873 0.970420 96 125 251
-0.463372 -0.019495 -0.860055 67 125 15
0.963806 -0.020467 0.335507 248 125 169
-0.914476 -0.020068 0.393815 10 125 178
0.410473 -0.020275 -0.912966 180 125 11
0.309001 -0.020049 0.935241 167 125 249
-0.888671 -0.020829 -0.497158 16 125 65
0.974654 -0.020584 -0.229821 252 125 98
-0.549310 -0.020165 0.807075 56 125 233
-0.146606 -0.021200 -1.010831 109 125 1
0.770683 -0.020757 0.629796 226 125 208
-0.998684 -0.020962 0.056479 0 125 135
0.688433 -0.020766 -0.706179 216 125 36
-0.031578 -0.021523 1.016845 124 125 255
-0.653481 -0.021295 -0.759379 44 125 31
0.968817 -0.020836 0.115426 254 125 143
-0.830141 -0.021933 0.596473 24 125 202
0.203632 -0.021447 -0.973899 154 125 3
0.510033 -0.021646 0.859592 193 125 237
-0.945244 -0.021485 -0.285842 5 125 91
0.916071 -0.022214 -0.440224 242 125 72
-0.372881 -0.022007 0.930347 80 125 246
-0.343908 -0.021508 -0.912466 83 125 8
0.912608 -0.022665 0.462118 241 125 185
-0.957879 -0.022138 0.268091 5 125 162
0.527340 -0.022328 -0.848134 195 125 19
0.182247 -0.022207 0.971919 151 125 253
-0.812098 -0.022903 -0.609461 26 125 51
0.997921 -0.022718 -0.097932 254 125 115
-0.650935 -0.022180 0.725405 42 125 222
-0.010528 -0.023396 -1.023540 126 125 0
0.679263 -0.022830 0.726346 215 125 221
-0.994884 -0.023008 -0.077010 0 125 118
0.779612 -0.022931 -0.610547 228 125 49
-0.166396 -0.023591 1.000591 107 125 253
-0.547076 -0.023430 -0.840801 58 125 21
0.943379 -0.022853 0.243224 251 125 159
-0.903997 -0.024127 0.481371 15 124 187
0.331464 -0.023523 -0.937438 170 124 7
0.389860 -0.023686 0.917588 177 124 245
-0.902439 -0.023659 -0.411043 12 124 75
0.963679 -0.024277 -0.313191 249 124 88
-0.494200 -0.024142 0.873357 65 124 238
-0.218884 -0.023527 -0.948969 99 124 3
0.844262 -0.024857 0.580666 233 124 200
-0.984596 -0.024217 0.137900 1 124 145
0.634036 -0.024362 -0.768193 209 124 29
0.051235 -0.024389 0.991753 134 124 255
-0.721359 -0.024961 -0.710127 37 124 38
1.003180 -0.024854 0.036052 255 124 132
-0.741068 -0.024203 0.631458 30 124 210
0.126237 -0.025585 -1.017289 143 124 1
0.576156 -0.024913 0.810176 201 124 231
-0.973033 -0.025036 -0.208410 3 124 101
0.857771 -0.025121 -0.503311 237 124 63
-0.297411 -0.025643 0.966462 90 124 249
-0.430509 -0.025565 -0.907163 73 124 12
0.901766 -0.024880 0.366542 246 124 175
-0.961293 -0.026312 0.356965 8 124 172
0.453435 -0.025609 -0.884724 186 124 14
0.263265 -0.025708 0.958629 161 124 250
-0.843262 -0.025856 -0.530032 20 124 60
0.993723 -0.026324 -0.181322 253 124 105
-0.606798 -0.026275 0.800386 50 124 229
-0.090332 -0.025559 -0.969090 116 124 1
0.760048 -0.027038 0.688745 222 124 213
-0.994188 -0.026307 0.005375 0 124 128
0.728657 -0.026378 -0.674792 221 124 41
-0.081832 -0.026594 0.994126 117 124 255
-0.618281 -0.027004 -0.797471 49 124 27
0.990203 -0.026985 0.169637 253 124 149
-0.818344 -0.026240 0.526800 20 124 196
0.260960 -0.027761 -0.992123 160 124 4
0.463045 -0.027007 0.879900 187 124 240
-0.933723 -0.027046 -0.335283 8 124 84
0.921328 -0.027334 -0.386154 245 124 78
-0.422305 -0.027682 0.915301 74 124 243
-0.305904 -0.027694 -0.957116 89 124 6
0.844716 -0.026923 0.483448 238 124 191
-1.000833 -0.028483 0.225710 3 124 156
0.567529 -0.027707 -0.816600 200 124 23
0.132674 -0.027712 0.982136 145 124 254
-0.768486 -0.028076 -0.640606 30 124 46
1.005889 -0.028359 -0.047046 255 124 122
-0.708495 -0.028403 0.712713 38 124 218
0.039704 -0.027608 -0.972577 133 124 0
0.661609 -0.029203 0.784170 210 124 225
-0.986457 -0.028410 -0.127300 1 124 111
0.809586 -0.028377 -0.569810 232 124 54
-0.214624 -0.028820 0.978706 100 124 252
-0.504859 -0.029036 -0.870107 64 124 17
0.959133 -0.029110 0.300286 249 124 166
-0.881584 -0.028296 0.413113 12 124 182
0.390948 -0.029920 -0.948518 176 124 10
0.341772 -0.029114 0.934321 171 124 247
-0.877882 -0.029040 -0.455349 14 124 69
0.968903 -0.029566 -0.261010 251 124 94
-0.538944 -0.029711 0.848229 59 124 235
-0.175590 -0.029815 -0.989624 105 124 2
0.773159 -0.028986 0.592118 229 124 205
-1.021814 -0.030635 0.090220 1 124 139
0.671819 -0.029819 -0.734140 214 124 33
0.000522 -0.029701 0.987888 128 124 255
-0.679199 -0.030313 -0.740631 41 124 34
1.000188 -0.030386 0.087246 254 124 139
-0.797300 -0.030519 0.611945 26 124 205
0.169180 -0.029680 -0.959394 150 124 2
0.550912 -0.031348 0.865043 196 124 235
-0.961455 -0.030526 -0.257914 4 124 94
0.875520 -0.030361 -0.455300 241 124 69
-0.344721 -0.031063 0.945477 84 124 247
-0.383204 -0.031060 -0.926947 79 124 10
0.910492 -0.031222 0.425486 243 124 181
-0.929797 -0.030376 0.292181 6 124 166
0.513617 -0.032057 -0.887361 191 124 17
0.214329 -0.031235 0.972449 155 124 252
-0.806727 -0.031020 -0.566523 23 123 54
0.999360 -0.031813 -0.130039 254 123 111
-0.645403 -0.031734 0.766606 45 123 225
-0.042050 -0.031923 -1.004004 122 123 0
0.688203 -0.031075 0.690838 217 123 218
-1.023856 -0.032765 -0.046802 0 123 122
0.764497 -0.031945 -0.638652 225 123 46
-0.130796 -0.031677 0.976011 111 123 254
-0.576813 -0.032565 -0.828090 55 123 23
0.976929 -0.032408 0.219234 252 123 155
-0.871469 -0.032622 0.499983 17 123 191
0.296062 -0.031778 -0.929712 166 123 6
0.430188 -0.033469 0.929800 181 123 243
-0.919499 -0.032656 -0.384245 10 123 78
0.925479 -0.032334 -0.333428 247 123 84
-0.469663 -0.033317 0.894771 68 123 240
-0.255498 -0.033082 -0.967199 95 123 4
0.845181 -0.033318 0.542813 235 123 196
-0.962178 -0.032484 0.165883 2 123 149
0.626568 -0.034171 -0.809926 205 123 27
0.082841 -0.033369 0.993528 138 123 254
-0.721721 -0.032990 -0.666952 34 123 41
1.011860 -0.034070 0.004401 255 123 128
-0.739980 -0.033756 0.671986 33 123 213
0.092142 -0.034013 -0.999954 139 123 1
0.591131 -0.033194 0.778011 205 123 229
-1.007003 -0.034870 -0.182645 2 123 105
0.843895 -0.034083 -0.531675 235 123 60
-0.258981 -0.033645 0.946946 94 123 250
-0.463054 -0.034824 -0.901143 69 123 14
0.936697 -0.034431 0.346705 247 123 172
-0.929558 -0.034705 0.378984 10 123 176
0.418332 -0.033907 -0.883916 182 123 12
0.301862 -0.035566 0.977249 165 123 249
-0.861184 -0.034799 -0.504090 18 123 63
0.958801 -0.034301 -0.206422 252 123 101
-0.587009 -0.035578 0.827288 54 123 231
-0.123958 -0.035106 -0.990354 112 123 1
0.764464 -0.035395 0.649999 225 123 210
-0.978116 -0.034623 0.036187 0 123 132
0.727641 -0.036259 -0.717828 218 123 38
-0.050452 -0.035515 0.997060 121 123 255
-0.624521 -0.034956 -0.755037 46 123 29
1.005906 -0.036332 0.139800 254 123 145
-0.821202 -0.035782 0.566086 23 123 200
0.224392 -0.036083 -0.977567 156 123 3
0.483399 -0.035344 0.852168 190 123 238
-0.971708 -0.036949 -0.314665 6 123 88
0.908525 -0.036232 -0.414976 243 123 75
-0.381866 -0.035611 0.901420 78 123 245
-0.339941 -0.037085 -0.958190 85 123 7
0.880320 -0.036459 0.467569 240 123 187
-0.970469 -0.036767 0.251303 4 123 159
0.534000 -0.036068 -0.822605 197 123 21
0.168488 -0.037636 1.006594 149 123 253
-0.787391 -0.036951 -0.615298 27 123 49
0.975131 -0.036266 -0.076518 255 123 118
-0.694395 -0.037838 0.744101 41 123 221
0.009193 -0.037137 -0.996173 129 123 0
0.669936 -0.037449 0.744993 213 123 222
-0.977206 -0.036796 -0.094856 1 123 115
0.814975 -0.038321 -0.612968 229 123 51
-0.183218 -0.037670 0.982833 104 123 253
-0.516931 -0.036923 -0.829436 60 123 19
0.981377 -0.038591 0.273550 250 123 162
-0.887827 -0.037816 0.450750 14 123 185
0.352148 -0.038129 -0.937328 172 123 8
0.366640 -0.037528 0.911982 175 123 246
-0.918812 -0.039003 -0.440347 13 123 72
0.957113 -0.038389 -0.290535 249 123 90
-0.497446 -0.037580 0.840402 63 123 237
-0.209757 -0.039342 -0.997928 101 123 3
0.808846 -0.038496 0.579876 231 123 202
-0.993474 -0.038805 0.119429 1 123 143
0.641118 -0.038263 -0.746607 211 123 31
0.032673 -0.039682 1.017439 132 123 255
-0.699300 -0.039109 -0.715811 38 123 36
0.974400 -0.038238 0.054072 255 123 135
-0.789611 -0.040092 0.646657 29 122 208
0.141749 -0.039179 -0.984673 146 122 1
0.563481 -0.039479 0.826019 199 122 233
-0.959267 -0.039002 -0.225123 3 122 98
0.887035 -0.040358 -0.497474 239 122 65
-0.313075 -0.039829 0.950945 88 122 249
-0.400861 -0.038897 -0.889074 75 122 11
0.938555 -0.040840 0.403009 245 122 178
-0.938845 -0.039862 0.327931 7 122 170
0.472974 -0.040150 -0.880105 188 122 15
0.242661 -0.039745 0.956295 159 122 251
-0.849501 -0.041032 -0.557369 21 122 58
0.988644 -0.040550 -0.160530 253 122 107
-0.603892 -0.039558 0.765073 49 122 227
-0.074991 -0.041587 -1.019402 118 122 0
0.723525 -0.040548 0.681826 220 122 215
-0.998236 -0.040818 -0.014082 0 122 126
0.737801 -0.040491 -0.656987 223 122 43
-0.102993 -0.041704 1.009779 115 122 254
-0.598384 -0.041270 -0.803716 51 122 25
0.956800 -0.040221 0.183199 253 122 151
-0.870666 -0.042332 0.536747 19 122 194
0.271542 -0.041236 -0.956115 162 122 5
0.447216 -0.041483 0.891614 185 122 241
-0.924364 -0.041241 -0.352432 8 122 82
0.942639 -0.042373 -0.373634 246 122 81
-0.437629 -0.041989 0.901827 72 122 242
-0.278289 -0.040886 -0.933123 91 122 5
0.878132 -0.043074 0.525580 237 122 193
-0.973474 -0.041925 0.199663 3 122 153
0.584615 -0.042146 -0.807112 202 122 24
0.113439 -0.041994 0.984141 142 122 254
-0.765258 -0.043040 -0.663647 31 122 44
1.002397 -0.042709 -0.027295 255 122 124
-0.699564 -0.041554 0.676789 36 122 216
0.061719 -0.043814 -1.022046 135 122 0
0.625788 -0.042617 0.771779 208 122 226
-0.984809 -0.042806 -0.146676 2 122 109
0.822261 -0.042750 -0.555060 233 122 56
-0.235992 -0.043706 0.983976 98 122 251
-0.486398 -0.043427 -0.877289 66 122 16
0.922761 -0.042224 0.308793 248 122 168
-0.935850 -0.044552 0.416470 11 122 179
0.396452 -0.043311 -0.911000 178 122 11
0.323427 -0.043463 0.940667 169 122 248
-0.872835 -0.043510 -0.474570 16 122 67
0.980963 -0.044369 -0.243833 251 122 97
-0.554531 -0.044145 0.836253 57 122 234
-0.151233 -0.042897 -0.961000 108 122 2
0.801207 -0.045286 0.638781 227 122 207
-0.991165 -0.044008 0.068054 0 122 136
0.685044 -0.044118 -0.719871 215 122 35
-0.018888 -0.044272 0.994783 125 122 255
-0.667814 -0.045031 -0.757367 43 122 32
0.997982 -0.044861 0.106711 254 122 141
-0.783008 -0.043573 0.577051 25 122 203
0.197655 -0.046018 -1.005710 152 122 3
0.517242 -0.044706 0.848262 194 122 236
-0.953620 -0.044770 -0.275867 5 122 92
0.892840 -0.045037 -0.442392 242 122 71
-0.363938 -0.045692 0.940729 82 122 246
-0.365358 -0.045576 -0.935051 81 122 9
0.872925 -0.044252 0.428878 242 122 184
-0.983796 -0.046746 0.288183 5 122 163
0.514426 -0.045407 -0.850058 193 122 19
0.194510 -0.045420 0.972427 152 122 252
-0.805308 -0.045804 -0.589319 25 122 52
1.001533 -0.046351 -0.110496 254 122 114
-0.661534 -0.046289 0.755346 44 122 223
-0.021731 -0.044935 -0.972348 125 122 0
0.709259 -0.047471 0.740319 216 122 219
-0.991605 -0.046111 -0.064737 0 122 119
0.772511 -0.046067 -0.620160 227 122 48
-0.152043 -0.046574 0.987752 108 122 253
-0.559088 -0.047009 -0.837005 57 122 22
0.975369 -0.047001 0.238966 251 122 158
-0.852960 -0.045622 0.467484 16 122 189
0.330101 -0.048192 -0.970674 169 122 7
0.399653 -0.046816 0.909987 179 122 244
-0.905446 -0.046713 -0.399300 11 121 76
0.948056 -0.047346 -0.320805 248 121 87
-0.484610 -0.047667 0.881033 66 121 239
-0.237506 -0.047710 -0.975818 97 121 4
0.808133 -0.046312 0.541579 233 121 198
-1.013517 -0.048910 0.154435 2 121 147
0.623494 -0.047524 -0.774253 207 121 28
0.062901 -0.047357 0.986510 136 121 255
-0.722723 -0.048120 -0.694508 36 121 39
1.004211 -0.048324 0.023968 255 121 131
-0.756550 -0.048418 0.660562 32 121 211
0.108175 -0.047007 -0.967028 142 121 1
0.604113 -0.049623 0.828158 203 121 230
-0.974726 -0.048235 -0.196509 3 121 102
0.845568 -0.047999 -0.509957 237 121 62
-0.283644 -0.048895 0.962880 92 121 250
-0.441139 -0.048981 -0.901336 72 121 13
0.934904 -0.049123 0.366937 246 121 174
-0.908341 -0.047706 0.349824 9 121 173
0.456415 -0.050333 -0.917637 184 121 13
0.274945 -0.048947 0.955865 163 121 250
-0.841374 -0.048640 -0.514796 19 121 61
0.986653 -0.049671 -0.192355 252 121 103
-0.595988 -0.049638 0.806139 52 121 230
-0.105259 -0.049825 -0.998739 114 121 1
0.729406 -0.048410 0.645131 223 121 212
-1.024438 -0.051039 0.017895 0 121 130
0.721788 -0.049662 -0.684784 220 121 40
-0.068985 -0.049280 0.982885 119 121 255
-0.626342 -0.050448 -0.788056 48 121 28
0.989172 -0.050295 0.157205 253 121 147
-0.837716 -0.050525 0.553672 21 121 198
0.236446 -0.049118 -0.945114 158 121 4
0.487882 -0.051741 0.900575 188 121 239
-0.940718 -0.050379 -0.325042 7 121 86
0.903086 -0.049919 -0.391378 244 121 77
-0.411240 -0.051226 0.920336 76 121 244
-0.316117 -0.050953 -0.949434 87 121 7
0.877313 -0.051222 0.488154 239 121 189
-0.948255 -0.049831 0.225903 4 121 157
0.574107 -0.052439 -0.847699 199 121 22
0.145180 -0.051098 0.985026 146 121 253
-0.762758 -0.050557 -0.620395 29 121 47
1.007650 -0.052005 -0.059314 255 121 120
-0.696266 -0.051611 0.717513 39 121 219
0.028845 -0.051916 -1.003335 131 121 0
0.637944 -0.050548 0.737881 211 121 224
-1.016408 -0.053133 -0.118722 1 121 113
0.807571 -0.051818 -0.583080 231 121 53
-0.198801 -0.051194 0.961850 102 121 252
-0.517748 -0.052783 -0.868033 62 121 18
0.956872 -0.052270 0.286954 249 121 164
-0.903445 -0.052606 0.436721 13 121 183
0.361057 -0.051271 -0.906888 175 121 9
0.362911 -0.053823 0.956206 173 121 247
-0.890045 -0.052541 -0.448121 14 121 70
0.944258 -0.051832 -0.266626 250 121 93
-0.532375 -0.053561 0.860646 61 121 236
-0.186225 -0.052931 -0.980658 104 121 2
0.803698 -0.053293 0.600268 230 121 204
-0.971999 -0.051998 0.097649 1 121 140
0.680901 -0.054509 -0.762323 212 121 33
0.012549 -0.053265 0.996848 129 121 255
-0.671166 -0.052470 -0.714382 40 121 35
1.010385 -0.054339 0.075870 254 121 137
-0.783866 -0.053592 0.616796 27 121 206
0.162213 -0.053977 -0.989515 148 121 2
0.535121 -0.052730 0.818297 197 121 234
-0.989695 -0.055191 -0.252736 4 121 96
0.879264 -0.053990 -0.470804 240 121 67
-0.324320 -0.053108 0.924001 85 121 248
-0.398829 -0.055116 -0.932723 77 121 10
0.908029 -0.054256 0.411067 243 121 180
-0.952476 -0.054657 0.311977 7 121 167
0.480002 -0.053467 -0.852844 190 121 17
0.231700 -0.055869 0.994074 156 121 251
-0.823452 -0.054716 -0.563564 22 121 56
0.968590 -0.053747 -0.137934 254 121 110
-0.644639 -0.055891 0.784713 47 120 226
-0.053681 -0.054921 -0.994645 121 120 0
0.715503 -0.055334 0.701124 218 120 217
-0.979066 -0.054210 -0.032928 0 120 123
0.774798 -0.056543 -0.663284 224 120 45
-0.120655 -0.055444 0.990982 112 120 254
-0.568337 -0.054387 -0.795296 53 120 24
0.994562 -0.056666 0.210626 252 120 154
-0.857439 -0.055588 0.505775 18 120 192
0.292267 -0.056007 -0.957585 165 120 6
0.422483 -0.054957 0.884984 182 120 242
-0.944964 -0.057213 -0.381567 9 120 80
0.935491 -0.056172 -0.349838 247 120 83
-0.443462 -0.055028 0.870198 70 120 241
-0.271751 -0.057438 -0.980678 94 120 5
0.843586 -0.056257 0.527529 235 120 195
-0.983909 -0.056676 0.181874 2 120 151
0.591312 -0.055709 -0.783702 204 120 26
0.096836 -0.057880 1.013597 140 120 254
-0.741980 -0.056901 -0.669266 33 120 42
0.975881 -0.055671 -0.007524 255 120 127
-0.745744 -0.058208 0.693813 34 120 214
0.079301 -0.056929 -0.991292 138 120 1
0.614484 -0.057342 0.788814 206 120 228
-0.969169 -0.056465 -0.163736 2 120 106
0.854110 -0.058543 -0.552610 234 120 58
-0.252070 -0.057630 0.967377 95 120 251
-0.456132 -0.056316 -0.861941 68 120 15
0.960273 -0.058975 0.342322 247 120 170
-0.915868 -0.057604 0.386348 10 120 177
0.416513 -0.058004 -0.908240 181 120 12
0.301757 -0.057227 0.936698 167 120 249
-0.883247 -0.059203 -0.502803 17 120 65
0.975110 -0.058359 -0.222270 252 120 99
-0.554318 -0.056964 0.801524 55 120 232
-0.138914 -0.059740 -1.010776 110 120 1
0.764701 -0.058281 0.634471 225 120 209
-0.997226 -0.058662 0.048943 0 120 134
0.693067 -0.057993 -0.700412 217 120 37
-0.039079 -0.059860 1.014594 123 120 255
-0.646965 -0.059088 -0.763240 45 120 30
0.966203 -0.057614 0.122425 254 120 143
-0.833590 -0.060502 0.589580 24 120 201
0.210536 -0.058960 -0.970746 154 120 3
0.502655 -0.059316 0.861729 192 120 237
-0.942252 -0.058763 -0.292619 6 120 90
0.917493 -0.060514 -0.432520 243 120 73
-0.379300 -0.059817 0.926309 79 120 245
-0.336498 -0.058267 -0.913376 84 120 8
0.908022 -0.061261 0.468332 241 120 186
-0.958263 -0.059643 0.260513 5 120 161
0.532608 -0.059967 -0.842537 196 120 20
0.174841 -0.059537 0.972378 150 120 253
-0.805892 -0.061165 -0.614247 26 120 50
0.997259 -0.060545 -0.090368 254 120 116
-0.655160 -0.058923 0.719255 42 120 222
-0.002895 -0.062016 -1.022271 127 120 0
0.672716 -0.060329 0.730179 214 120 221
-0.992303 -0.060614 -0.084255 1 120 117
0.783430 -0.060316 -0.604171 228 120 50
-0.173490 -0.061814 0.997259 106 120 253
-0.540034 -0.061271 -0.843668 59 120 20
0.939877 -0.059583 0.249807 250 120 160
-0.906333 -0.062767 0.473978 15 120 186
0.337882 -0.061018 -0.933395 171 120 8
0.382231 -0.061258 0.918595 176 120 245
-0.898522 -0.061098 -0.417373 12 120 74
0.963959 -0.062460 -0.305357 249 120 89
-0.499971 -0.061997 0.868391 64 120 238
-0.211432 -0.060247 -0.948903 100 120 3
0.838722 -0.063514 0.586112 232 120 200
-0.983966 -0.061710 0.130342 1 120 144
0.638416 -0.061899 -0.761861 209 120 30
0.043800 -0.061884 0.991177 133 120 255
-0.714522 -0.063105 -0.713961 37 120 38
1.001390 -0.062721 0.043464 255 120 133
-0.744451 -0.060915 0.624823 30 120 209
0.133618 -0.064256 -1.014817 144 120 1
0.569157 -0.062406 0.813099 200 119 232
-0.969396 -0.062537 -0.215200 3 119 100
0.860675 -0.062673 -0.496428 238 119 64
-0.303949 -0.063748 0.962138 89 119 249
-0.423086 -0.063444 -0.908952 74 119 12
0.897446 -0.061588 0.372604 245 119 176
-0.962441 -0.064995 0.349251 8 119 171
0.459254 -0.063105 -0.879859 186 119 15
0.255561 -0.063171 0.958494 160 119 250
-0.838468 -0.063466 -0.535778 20 119 59
0.992875 -0.064389 -0.173531 253 119 106
-0.611780 -0.064164 0.794585 50 119 228
-0.082963 -0.062265 -0.968062 117 119 1
0.753681 -0.065728 0.693276 221 119 214
-0.992550 -0.063807 -0.002031 0 119 127
0.732058 -0.063803 -0.667875 221 119 42
-0.089150 -0.064261 0.992495 116 119 254
-0.610969 -0.065030 -0.800287 50 119 26
0.987305 -0.064882 0.176725 253 119 150
-0.820837 -0.062947 0.519793 20 119 196
0.267899 -0.066457 -0.988498 161 119 5
0.455714 -0.064512 0.881857 186 119 241
-0.929124 -0.064432 -0.341471 8 119 84
0.923232 -0.065058 -0.378887 245 119 79
-0.428159 -0.065669 0.910094 73 119 243
-0.298262 -0.065597 -0.957765 90 119 6
0.839657 -0.063635 0.488897 237 119 192
-1.000750 -0.067181 0.217866 3 119 155
0.572642 -0.065221 -0.810992 201 119 24
0.125066 -0.065059 0.980876 144 119 254
-0.762884 -0.065858 -0.645635 30 119 45
1.003949 -0.066308 -0.039458 255 119 123
-0.712560 -0.066310 0.706196 37 119 217
0.046873 -0.064327 -0.970611 134 119 0
0.654569 -0.067899 0.787663 209 119 225
-0.983830 -0.065932 -0.134423 1 119 110
0.811946 -0.065684 -0.562468 232 119 55
-0.221671 -0.066659 0.976019 99 119 252
-0.497230 -0.066947 -0.871864 64 119 17
0.955174 -0.067020 0.306882 249 119 166
-0.883154 -0.065026 0.405849 12 119 181
0.397267 -0.068613 -0.943821 177 119 10
0.334236 -0.066647 0.935266 170 119 247
-0.872435 -0.066308 -0.460809 15 119 68
0.969735 -0.067462 -0.253498 251 119 95
-0.544006 -0.067586 0.842261 58 119 234
-0.167903 -0.067726 -0.989101 106 119 2
0.767444 -0.065730 0.596868 228 119 206
-1.020495 -0.069321 0.082444 1 119 138
0.676127 -0.067365 -0.727880 214 119 34
-0.006825 -0.066930 0.985547 127 119 255
-0.672883 -0.068265 -0.744812 42 119 33
0.997213 -0.068225 0.094480 254 119 139
-0.800338 -0.068429 0.604851 26 119 204
0.176035 -0.066439 -0.956522 151 119 2
0.543371 -0.070024 0.867404 195 119 235
-0.957874 -0.068086 -0.264622 5 119 94
0.876806 -0.067550 -0.447698 241 119 70
-0.351339 -0.069070 0.941758 83 119 247
-0.375415 -0.068865 -0.927629 80 119 10
0.905549 -0.069128 0.431428 242 119 182
-0.930419 -0.067155 0.284774 6 119 165
0.519155 -0.070721 -0.881705 192 119 18
0.206720 -0.068809 0.972351 154 119 252
-0.800562 -0.068170 -0.571150 24 119 54
0.999069 -0.069874 -0.122436 254 119 112
-0.649588 -0.069506 0.760006 45 119 224
-0.034498 -0.069823 -1.002305 123 119 0
0.681921 -0.067878 0.694813 217 119 218
-1.021330 -0.071413 -0.054317 0 119 121
0.767908 -0.069535 -0.631844 226 119 47
-0.137733 -0.068789 0.972657 110 119 253
-0.569898 -0.070679 -0.831305 56 119 23
0.972995 -0.070148 0.225981 251 119 156
-0.873395 -0.070515 0.492472 17 119 190
0.302493 -0.068606 -0.925977 167 119 7
0.422332 -0.072100 0.930967 180 119 243
-0.915014 -0.070263 -0.390407 11 119 78
0.925683 -0.069408 -0.325727 247 119 85
-0.475691 -0.071483 0.890070 68 118 240
-0.247701 -0.070792 -0.966811 96 118 4
0.839360 -0.071202 0.547954 234 118 197
-0.961836 -0.069340 0.158451 2 118 148
0.631186 -0.072781 -0.803450 206 118 27
0.075301 -0.070994 0.992370 137 118 254
-0.714977 -0.070028 -0.670669 35 118 40
1.010417 -0.072286 0.011927 255 118 129
-0.743221 -0.071438 0.664889 33 118 212
0.099380 -0.071884 -0.997106 140 118 1
0.584378 -0.070081 0.781142 204 118 229
-1.003331 -0.073458 -0.189714 3 118 104
0.846328 -0.071726 -0.524437 236 118 61
-0.265377 -0.070648 0.942666 93 118 250
-0.455679 -0.073088 -0.903290 70 118 14
0.931891 -0.072086 0.352846 246 118 173
-0.930317 -0.072562 0.371231 9 118 175
0.424231 -0.070828 -0.879369 183 118 13
0.293885 -0.074129 0.977195 164 118 249
-0.855862 -0.072460 -0.509577 18 118 62
0.957940 -0.071269 -0.198777 252 118 102
-0.592290 -0.073888 0.821685 53 118 231
-0.116298 -0.072736 -0.988917 113 118 1
0.757896 -0.073236 0.654209 224 118 211
-0.976805 -0.071582 0.028850 0 118 131
0.731229 -0.074795 -0.710692 219 118 39
-0.057777 -0.073195 0.994843 120 118 254
-0.617341 -0.071891 -0.757787 47 118 29
1.003312 -0.074686 0.147071 253 118 146
-0.823452 -0.073389 0.558629 22 118 199
0.231140 -0.073905 -0.973628 157 118 4
0.476279 -0.072341 0.854392 189 118 239
-0.966983 -0.075456 -0.321117 7 118 87
0.909912 -0.073932 -0.407440 244 118 76
-0.387608 -0.072515 0.896314 77 118 244
-0.332268 -0.075482 -0.959189 86 118 7
0.874741 -0.074045 0.472999 239 118 188
-0.970034 -0.074570 0.243490 4 118 158
0.539263 -0.073107 -0.817308 198 118 21
0.160582 -0.076113 1.005326 148 118 253
-0.781320 -0.074669 -0.619988 28 118 48
0.973243 -0.073141 -0.069076 254 118 118
-0.698784 -0.076275 0.737704 40 118 220
0.016578 -0.074704 -0.993725 130 118 0
0.662772 -0.075229 0.748168 212 118 223
-0.974929 -0.073878 -0.101976 1 118 114
0.817453 -0.076765 -0.605346 230 118 52
-0.190177 -0.075407 0.979578 103 118 252
-0.509460 -0.073770 -0.831188 61 118 19
0.977664 -0.077064 0.280384 250 118 163
-0.889057 -0.075366 0.443071 14 118 184
0.358245 -0.075884 -0.932389 173 118 9
0.359264 -0.074656 0.913245 174 118 246
-0.913153 -0.077413 -0.446034 13 118 72
0.957403 -0.076146 -0.282847 249 118 91
-0.502439 -0.074401 0.834583 62 118 236
-0.201961 -0.077850 -0.997725 102 118 3
0.802601 -0.076032 0.584504 230 118 202
-0.991852 -0.076535 0.111741 1 118 142
0.645641 -0.075439 -0.740634 211 118 32
0.025023 -0.078057 1.014996 131 118 255
-0.692586 -0.076884 -0.719591 39 118 36
0.971540 -0.075036 0.061180 254 118 135
-0.792980 -0.078632 0.639602 29 118 207
0.148732 -0.076702 -0.981265 147 118 2
0.555889 -0.077180 0.828080 198 118 233
-0.956043 -0.076227 -0.231898 4 118 98
0.888354 -0.078697 -0.489546 239 118 66
-0.319516 -0.077622 0.946695 87 118 248
-0.393240 -0.075675 -0.889813 76 118 11
0.933786 -0.079410 0.409231 244 118 179
-0.939039 -0.077375 0.320166 7 118 169
0.478276 -0.077822 -0.874280 189 118 16
0.235152 -0.077021 0.956551 158 118 251
-0.843047 -0.079333 -0.562167 22 118 57
0.987806 -0.078359 -0.152846 253 118 108
-0.608061 -0.076318 0.758658 48 118 227
-0.067261 -0.080183 -1.017974 119 118 1
0.716725 -0.078053 0.685576 219 117 215
-0.995466 -0.078458 -0.021465 0 117 125
0.741487 -0.077820 -0.650426 223 117 44
-0.110214 -0.079967 1.006229 114 117 254
-0.591153 -0.079095 -0.806484 52 117 25
0.953035 -0.076965 0.189853 252 117 152
-0.872908 -0.080951 0.529192 19 117 193
0.278002 -0.078734 -0.951811 163 117 5
0.439373 -0.079091 0.892517 184 117 242
-0.920225 -0.078624 -0.358732 9 117 81
0.942783 -0.080597 -0.365584 246 117 82
-0.443403 -0.079830 0.896649 71 117 241
-0.270654 -0.077617 -0.932855 92 117 5
0.872403 -0.081714 0.531023 236 117 194
-0.972632 -0.079420 0.191948 3 117 152
0.589001 -0.079719 -0.800539 203 117 25
0.105928 -0.079432 0.983357 141 117 254
-0.758163 -0.081225 -0.667459 32 117 44
1.000423 -0.080563 -0.019781 255 117 125
-0.702849 -0.078274 0.669898 36 117 215
0.069189 -0.082471 -1.019405 136 117 1
0.618553 -0.080110 0.774586 207 117 227
-0.980959 -0.080344 -0.153585 2 117 108
0.825018 -0.080244 -0.548014 233 117 57
-0.242631 -0.081851 0.979411 97 117 251
-0.478796 -0.081295 -0.878963 67 117 16
0.918170 -0.078936 0.314886 248 117 169
-0.936890 -0.083223 0.408594 11 117 178
0.402277 -0.080804 -0.905872 179 117 11
0.315516 -0.080965 0.940396 168 117 248
-0.867830 -0.081060 -0.480263 16 117 66
0.979943 -0.082475 -0.235839 251 117 98
-0.559498 -0.082023 0.830241 56 117 233
-0.143713 -0.079604 -0.959743 109 117 2
0.794644 -0.083969 0.643294 226 117 207
-0.989298 -0.081503 0.060521 1 117 135
0.688420 -0.081582 -0.712705 216 117 36
-0.026258 -0.081880 0.992943 124 117 255
-0.660240 -0.083097 -0.760123 44 117 32
0.994890 -0.082749 0.113887 254 117 142
-0.785367 -0.080278 0.569805 25 117 202
0.204674 -0.084708 -1.001901 153 117 3
0.509694 -0.082205 0.850075 193 117 236
-0.948785 -0.082196 -0.282149 6 117 91
0.894585 -0.082702 -0.434983 242 117 72
-0.369860 -0.083719 0.935260 81 117 246
-0.357547 -0.083473 -0.935571 82 117 9
0.867593 -0.080959 0.434315 241 117 184
-0.983587 -0.085442 0.280179 5 117 162
0.519512 -0.082912 -0.844192 194 117 19
0.186709 -0.082807 0.970999 151 117 252
-0.799508 -0.083527 -0.594275 26 117 52
0.999389 -0.084339 -0.102726 254 117 115
-0.665565 -0.084192 0.748616 43 117 222
-0.014448 -0.081646 -0.970133 126 117 0
0.702015 -0.086169 0.743776 215 117 220
-0.988738 -0.083623 -0.071954 1 117 118
0.774811 -0.083416 -0.612566 227 117 49
-0.159121 -0.084354 0.984858 107 117 253
-0.551201 -0.084959 -0.838664 58 117 21
0.971207 -0.084909 0.245633 251 117 159
-0.854362 -0.082340 0.460005 16 117 188
0.336487 -0.086889 -0.965777 169 117 8
0.391924 -0.084338 0.910765 178 117 244
-0.899744 -0.084022 -0.404822 12 117 75
0.948722 -0.085183 -0.313169 248 117 88
-0.489703 -0.085579 0.874788 65 117 238
-0.229658 -0.085621 -0.975149 98 117 4
0.802151 -0.083041 0.546277 232 117 199
-1.012051 -0.087603 0.146502 2 117 146
0.627743 -0.085057 -0.767745 208 117 29
0.055378 -0.084626 0.983969 135 117 254
-0.716220 -0.086014 -0.698601 37 117 39
1.001003 -0.086200 0.031358 254 117 131
-0.759535 -0.086329 0.653256 31 117 210
0.115105 -0.083750 -0.963896 143 117 1
0.596361 -0.088310 0.830461 202 117 231
-0.970899 -0.085780 -0.203280 3 117 101
0.846755 -0.085229 -0.502105 237 117 63
-0.290273 -0.086845 0.958957 91 116 249
-0.433104 -0.086821 -0.901882 73 116 13
0.929748 -0.087033 0.372935 245 116 175
-0.908766 -0.084465 0.342232 9 116 172
0.462003 -0.089010 -0.911764 185 116 14
0.267168 -0.086506 0.955580 162 116 250
-0.834939 -0.085831 -0.519450 20 116 60
0.986189 -0.087677 -0.184645 252 116 104
-0.600163 -0.087444 0.799255 51 116 229
-0.097556 -0.087732 -0.996876 115 116 1
0.722871 -0.085188 0.649017 222 116 212
-1.021740 -0.089704 0.010231 0 116 129
0.725113 -0.087236 -0.677741 220 116 41
-0.076072 -0.086431 0.979301 118 116 254
-0.619252 -0.088508 -0.791170 49 116 27
0.984980 -0.088068 0.164075 253 116 148
-0.839569 -0.088426 0.545950 21 116 197
0.242913 -0.085919 -0.941114 159 116 5
0.479812 -0.090391 0.901659 187 116 240
-0.935986 -0.087968 -0.331237 8 116 85
0.903153 -0.087032 -0.383437 244 116 78
-0.417263 -0.089339 0.915434 75 116 243
-0.308093 -0.088694 -0.948871 88 116 7
0.871269 -0.089115 0.493331 238 116 190
-0.947695 -0.086657 0.218319 4 116 156
0.578753 -0.091071 -0.840990 199 116 23
0.137497 -0.088704 0.983667 145 116 253
-0.755735 -0.087632 -0.624099 30 116 47
1.006029 -0.090169 -0.051698 254 116 121
-0.699456 -0.089322 0.710133 38 116 218
0.036221 -0.089799 -1.000304 132 116 1
0.630957 -0.087403 0.740889 210 116 224
-1.012539 -0.091745 -0.125927 1 116 112
0.809893 -0.089442 -0.575623 231 116 54
-0.205315 -0.088233 0.957314 101 116 252
-0.510208 -0.090998 -0.870068 63 116 18
0.951791 -0.089952 0.293180 249 116 165
-0.904107 -0.090478 0.428757 13 116 182
0.366955 -0.088157 -0.902078 175 116 10
0.354719 -0.092412 0.956040 172 116 247
-0.884478 -0.090183 -0.453613 15 116 70
0.943222 -0.088835 -0.258758 250 116 94
-0.537636 -0.091824 0.854844 60 116 235
-0.178363 -0.090586 -0.979014 105 116 3
0.796895 -0.091151 0.604492 229 116 204
-0.970454 -0.088918 0.090193 1 116 139
0.684490 -0.093073 -0.754940 213 116 33
0.005106 -0.090925 0.994419 128 116 254
-0.663706 -0.089439 -0.717077 41 116 34
1.007608 -0.092648 0.083218 254 116 138
-0.786025 -0.091223 0.609064 27 116 205
0.169085 -0.091819 -0.985374 149 116 2
0.527789 -0.089687 0.820370 196 116 234
-0.984747 -0.093728 -0.259306 5 116 95
0.880520 -0.091670 -0.463065 240 116 68
-0.330142 -0.090044 0.918619 85 116 247
-0.390998 -0.093470 -0.933598 78 116 10
0.902163 -0.091863 0.416541 243 116 181
-0.951919 -0.092481 0.303957 7 116 166
0.485228 -0.090463 -0.847292 191 116 17
0.223583 -0.094377 0.992661 155 116 251
-0.817140 -0.092415 -0.568234 23 116 55
0.966491 -0.090652 -0.130293 253 116 111
-0.648994 -0.094287 0.778118 46 116 225
-0.046124 -0.092507 -0.991961 122 116 1
0.708095 -0.093137 0.704287 218 116 217
-0.976549 -0.091246 -0.040132 1 116 122
0.777244 -0.095020 -0.655404 225 116 46
-0.127708 -0.093162 0.987506 111 116 253
-0.560592 -0.091262 -0.796950 54 116 24
0.990658 -0.095101 0.217527 251 116 155
-0.858539 -0.093155 0.497835 18 116 191
0.298469 -0.093788 -0.952422 165 116 6
0.414922 -0.092037 0.886072 181 116 242
-0.939058 -0.095658 -0.387347 10 116 79
0.935631 -0.093909 -0.341963 247 116 84
-0.448493 -0.091876 0.864089 69 116 240
-0.263805 -0.095911 -0.980338 95 116 5
0.837050 -0.093808 0.532161 235 115 196
-0.982136 -0.094433 0.173986 3 115 150
0.595767 -0.092835 -0.777486 205 115 27
0.088986 -0.096291 1.010975 139 115 254
-0.735031 -0.094657 -0.673002 34 115 42
0.972779 -0.092493 -0.000250 254 115 127
-0.749064 -0.096715 0.686558 34 115 213
0.086420 -0.094465 -0.987627 139 115 1
0.606641 -0.095072 0.790835 205 115 228
-0.965700 -0.093639 -0.170563 3 115 105
0.855361 -0.096919 -0.544419 235 115 59
-0.258583 -0.095404 0.962900 95 115 250
-0.448252 -0.093115 -0.862541 69 115 15
0.955304 -0.097515 0.348598 247 115 171
-0.915897 -0.095127 0.378344 10 115 176
0.421897 -0.095706 -0.902172 181 115 13
0.294090 -0.094450 0.936763 166 115 249
-0.876524 -0.097543 -0.507663 18 115 64
0.974105 -0.096151 -0.214417 251 115 100
-0.558480 -0.093742 0.794814 55 115 231
-0.131040 -0.098309 -1.009197 111 115 2
0.757613 -0.095793 0.638185 225 115 209
-0.994276 -0.096334 0.041372 1 115 133
0.696659 -0.095267 -0.693624 217 115 38
-0.046482 -0.098162 1.010830 122 115 254
-0.639506 -0.096897 -0.765943 46 115 30
0.962172 -0.094373 0.129207 253 115 144
-0.835768 -0.099098 0.581824 23 115 200
0.217095 -0.096465 -0.966169 155 115 4
0.494559 -0.096958 0.862559 191 115 238
-0.937870 -0.096090 -0.298941 7 115 89
0.917530 -0.098778 -0.424208 243 115 74
-0.385125 -0.097642 0.920899 79 115 245
-0.328626 -0.095010 -0.912929 85 115 8
0.902083 -0.099880 0.473814 240 115 187
-0.957225 -0.097142 0.252584 5 115 160
0.537046 -0.097576 -0.835702 196 115 21
0.167199 -0.096918 0.971392 149 115 253
-0.798512 -0.099391 -0.618085 27 115 50
0.995103 -0.098385 -0.082699 254 115 117
-0.658395 -0.095653 0.712072 41 115 221
0.004712 -0.100655 -1.019461 128 115 1
0.665203 -0.097823 0.732911 213 115 221
-0.988242 -0.098189 -0.091334 1 115 116
0.786070 -0.097752 -0.596917 229 115 51
-0.180284 -0.100000 0.992449 105 115 252
-0.532211 -0.099126 -0.845255 60 115 20
0.935002 -0.096303 0.255987 250 115 161
-0.907288 -0.101424 0.465900 15 115 185
0.343768 -0.098511 -0.927986 172 115 9
0.374068 -0.098798 0.918215 175 115 245
-0.893280 -0.098590 -0.423061 13 115 73
0.962792 -0.100607 -0.297110 249 115 90
-0.504966 -0.099865 0.862142 63 115 237
-0.203705 -0.096959 -0.947434 101 115 3
0.831937 -0.102185 0.590648 231 115 201
-0.981878 -0.099203 0.122626 2 115 143
0.641810 -0.099402 -0.754417 210 115 31
0.036325 -0.099433 0.989127 132 115 254
-0.706652 -0.101212 -0.716702 38 115 37
0.998102 -0.100600 0.050777 254 115 134
-0.746715 -0.097622 0.617296 30 115 208
0.140764 -0.102939 -1.010821 145 115 2
0.561347 -0.099901 0.814801 199 115 232
-0.964321 -0.100002 -0.221627 4 115 99
0.862285 -0.100279 -0.488829 238 115 65
-0.309994 -0.101815 0.956398 88 115 248
-0.415060 -0.101332 -0.909364 75 115 12
0.891821 -0.098293 0.378086 244 115 177
-0.962126 -0.103686 0.341043 8 115 170
0.464363 -0.100603 -0.873709 187 115 15
0.247517 -0.100599 0.956919 159 115 250
-0.832438 -0.101129 -0.540705 21 115 58
0.990543 -0.102418 -0.165525 253 115 107
-0.615817 -0.102061 0.787615 49 115 227
-0.075507 -0.098971 -0.965607 118 115 1
0.746203 -0.104425 0.696735 220 115 214
-0.989444 -0.101311 -0.009400 1 115 126
0.734338 -0.101192 -0.659994 222 115 43
-0.096310 -0.101982 0.989385 115 114 254
-0.602784 -0.103019 -0.801888 51 114 26
0.982932 -0.102785 0.183513 252 114 151
-0.822104 -0.099657 0.512051 20 114 195
0.274400 -0.105156 -0.983393 162 114 5
0.447740 -0.102024 0.882493 185 114 241
-0.923156 -0.101782 -0.347109 9 114 83
0.923748 -0.102837 -0.371079 245 114 80
-0.433337 -0.103620 0.903556 73 114 242
-0.290207 -0.103505 -0.956967 91 114 6
0.833380 -0.100352 0.493595 237 114 192
-0.999152 -0.105879 0.209731 3 114 154
0.576879 -0.102742 -0.804203 201 114 24
0.117317 -0.102370 0.978149 143 114 253
-0.756160 -0.103693 -0.649678 31 114 45
1.000517 -0.104222 -0.031857 254 114 123
-0.715528 -0.104221 0.698644 37 114 216
0.053937 -0.101055 -0.967217 135 114 1
0.646572 -0.106594 0.789944 208 114 226
-0.979750 -0.103465 -0.141312 2 114 109
0.813072 -0.102955 -0.554326 232 114 56
-0.228361 -0.104552 0.971877 98 114 251
-0.488902 -0.104824 -0.872307 66 114 17
0.949792 -0.104931 0.312981 248 114 167
-0.883409 -0.101767 0.398018 12 114 180
0.402951 -0.107300 -0.937718 178 114 11
0.326237 -0.104192 0.934813 169 114 247
-0.865711 -0.103539 -0.465543 16 114 67
0.969109 -0.105410 -0.245632 250 114 96
-0.548224 -0.105427 0.835068 58 114 233
-0.160001 -0.105637 -0.987085 107 114 2
0.760619 -0.102487 0.600712 227 114 206
-1.017636 -0.107999 0.074583 1 114 137
0.679406 -0.104923 -0.720564 214 114 35
-0.014117 -0.104121 0.981741 126 114 254
-0.665578 -0.106270 -0.747858 43 114 33
0.992764 -0.106031 0.101530 254 114 140
-0.802149 -0.106336 0.596879 26 114 203
0.182596 -0.103217 -0.952247 151 114 3
0.535047 -0.108689 0.868437 194 114 235
-0.952880 -0.105659 -0.270903 6 114 93
0.876768 -0.104703 -0.439471 241 114 71
-0.357403 -0.107128 0.936636 82 114 246
-0.367112 -0.106638 -0.926920 81 114 10
0.899263 -0.107030 0.436687 242 114 183
-0.929659 -0.103955 0.276981 6 114 164
0.523875 -0.109372 -0.874743 193 114 19
0.198840 -0.106398 0.970801 153 114 252
-0.793234 -0.105284 -0.574892 25 114 53
0.997274 -0.107986 -0.114678 253 114 113
-0.652776 -0.107247 0.752310 44 114 223
-0.026934 -0.107718 -0.999097 124 114 1
0.674657 -0.104703 0.697740 216 114 219
-1.017269 -0.110046 -0.061708 1 114 120
0.770154 -0.107140 -0.624124 226 114 48
-0.144421 -0.105866 0.967865 109 114 253
-0.562151 -0.108842 -0.833254 57 114 22
0.967630 -0.107859 0.232350 251 114 157
-0.873988 -0.108399 0.484257 17 114 189
0.308444 -0.105459 -0.920886 168 114 7
0.413882 -0.110713 0.930715 179 114 243
-0.909181 -0.107886 -0.395954 11 114 77
0.924498 -0.106448 -0.317587 247 114 86
-0.480976 -0.109697 0.884045 67 114 239
-0.239582 -0.108474 -0.964979 97 114 4
0.832300 -0.109074 0.552236 233 114 198
-0.960069 -0.106225 0.150819 2 114 147
0.634820 -0.111371 -0.795794 207 114 28
0.067685 -0.108635 0.989732 136 114 254
-0.707204 -0.107032 -0.673356 36 114 40
1.007454 -0.110548 0.019402 254 114 130
-0.745332 -0.109093 0.656842 32 114 211
0.106426 -0.109743 -0.992762 141 114 1
0.576788 -0.107000 0.783098 203 114 230
-0.998159 -0.112023 -0.196453 3 114 103
0.847480 -0.109386 -0.516449 236 114 62
-0.271335 -0.107617 0.937000 92 114 249
-0.447647 -0.111396 -0.904062 71 114 14
0.925723 -0.109716 0.358422 246 113 173
-0.929660 -0.110405 0.362960 9 113 174
0.429473 -0.107783 -0.873536 183 113 14
0.285511 -0.112667 0.975660 163 113 249
-0.849282 -0.110139 -0.514272 19 113 62
0.955650 -0.108205 -0.190884 252 113 103
-0.596651 -0.112241 0.814862 53 113 230
-0.108512 -0.110343 -0.986011 114 113 2
0.750216 -0.111061 0.657402 223 113 211
-0.974046 -0.108575 0.021504 1 113 130
0.733686 -0.113304 -0.702522 219 113 40
-0.064977 -0.110894 0.991144 119 113 254
-0.609283 -0.108796 -0.759385 48 113 29
0.999210 -0.113081 0.154085 253 113 147
-0.824458 -0.110975 0.550384 22 113 198
0.237497 -0.111709 -0.968236 158 113 4
0.468482 -0.109376 0.855334 188 113 239
-0.960821 -0.113935 -0.327042 8 113 87
0.909924 -0.111650 -0.399330 244 113 77
-0.392733 -0.109391 0.889900 76 113 243
-0.324126 -0.113917 -0.958729 87 113 7
0.867890 -0.111612 0.477688 238 113 189
-0.968129 -0.112352 0.235356 4 113 157
0.543698 -0.110185 -0.810818 198 113 22
0.152484 -0.114559 1.002542 147 113 253
-0.774104 -0.112406 -0.623721 29 113 48
0.969911 -0.109989 -0.061578 254 113 119
-0.702092 -0.114747 0.730218 40 113 219
0.023893 -0.112254 -0.989806 131 113 1
0.654646 -0.112987 0.750186 211 113 223
-0.971210 -0.111003 -0.108910 2 113 113
0.818675 -0.115178 -0.596854 230 113 53
-0.196813 -0.113163 0.974864 102 113 252
-0.501276 -0.110592 -0.831684 62 113 19
0.972484 -0.115571 0.286760 249 113 163
-0.888950 -0.112902 0.434777 14 113 183
0.363759 -0.113616 -0.926065 174 113 10
0.351386 -0.111828 0.913138 173 113 246
-0.906146 -0.115790 -0.451007 14 113 71
0.956248 -0.113920 -0.274774 249 113 93
-0.506648 -0.111200 0.827553 61 113 236
-0.193897 -0.116390 -0.996006 103 113 3
0.795194 -0.113555 0.588230 229 113 203
-0.988734 -0.114238 0.103933 2 113 141
0.649180 -0.112660 -0.733582 211 113 33
0.017386 -0.116398 1.011031 130 113 254
-0.684862 -0.114676 -0.722264 40 113 36
0.967245 -0.111814 0.068151 254 113 136
-0.795125 -0.117201 0.631608 28 113 206
0.155450 -0.114214 -0.976411 147 113 2
0.547502 -0.114854 0.828870 197 113 233
-0.951404 -0.113500 -0.238295 5 113 97
0.888318 -0.117001 -0.480930 239 113 67
-0.325439 -0.115431 0.941038 86 113 247
-0.385081 -0.112434 -0.889218 77 113 11
0.927620 -0.118005 0.414798 243 113 179
-0.937828 -0.114880 0.311970 7 113 167
0.482816 -0.115464 -0.867165 189 113 17
0.227325 -0.114347 0.955373 157 113 251
-0.835359 -0.117599 -0.566080 23 113 56
0.985478 -0.116185 -0.144973 253 113 109
-0.611294 -0.113061 0.751150 48 113 226
-0.059470 -0.118802 -1.015003 120 113 1
0.708895 -0.115551 0.688277 218 113 216
-0.991202 -0.116069 -0.028766 1 113 124
0.744046 -0.115199 -0.642921 223 113 45
-0.117219 -0.118194 1.001178 113 113 253
-0.583068 -0.116936 -0.808017 53 113 25
0.947871 -0.113694 0.196180 252 113 153
-0.873808 -0.119591 0.520870 19 113 192
0.284006 -0.116228 -0.946108 164 113 6
0.430917 -0.116667 0.892057 183 113 242
-0.914725 -0.116058 -0.364465 10 113 81
0.941498 -0.118785 -0.357036 246 113 83
-0.448473 -0.117685 0.890143 71 113 241
-0.262664 -0.114336 -0.931195 93 113 6
0.865375 -0.120371 0.535625 235 113 194
-0.970338 -0.116912 0.183992 3 113 151
0.592461 -0.117260 -0.792795 203 112 26
0.098294 -0.116922 0.981100 140 112 253
-0.749969 -0.119373 -0.670233 33 112 43
0.996942 -0.118431 -0.012279 254 112 126
-0.705063 -0.114985 0.662050 35 112 214
0.076510 -0.121143 -1.015222 137 112 1
0.610435 -0.117602 0.776216 206 112 227
-0.975645 -0.117848 -0.160212 3 112 107
0.826522 -0.117791 -0.540178 233 112 58
-0.248855 -0.119959 0.973394 96 112 250
-0.470512 -0.119173 -0.879294 68 112 16
0.912236 -0.115642 0.320469 247 112 169
-0.936492 -0.121906 0.400140 11 112 177
0.407464 -0.118298 -0.899418 180 112 12
0.307182 -0.118432 0.938698 167 112 248
-0.861543 -0.118664 -0.485207 17 112 65
0.977448 -0.120544 -0.227545 251 112 99
-0.563585 -0.119912 0.823003 56 112 232
-0.136026 -0.116308 -0.957061 110 112 2
0.786905 -0.122661 0.646798 225 112 208
-0.985958 -0.119001 0.052944 1 112 134
0.690725 -0.119011 -0.704507 216 112 37
-0.033552 -0.119541 0.989615 123 112 254
-0.651721 -0.121127 -0.761709 45 112 31
0.990304 -0.120647 0.120846 253 112 143
-0.786537 -0.116984 0.561754 24 112 201
0.211337 -0.123406 -0.996583 154 112 4
0.501429 -0.119709 0.850600 192 112 237
-0.942545 -0.119586 -0.287956 6 112 91
0.894973 -0.120421 -0.426953 242 112 73
-0.375179 -0.121709 0.928416 80 112 245
-0.349239 -0.121376 -0.934664 83 112 9
0.860998 -0.117668 0.439069 240 112 185
-0.981876 -0.124141 0.271796 6 112 161
0.523786 -0.120424 -0.837094 195 112 20
0.178681 -0.120158 0.968106 150 112 252
-0.792529 -0.121304 -0.598310 26 112 51
0.995748 -0.122291 -0.094857 253 112 115
-0.668557 -0.122101 0.740788 43 112 221
-0.007189 -0.118363 -0.966482 127 112 1
0.693741 -0.124868 0.746074 214 112 220
-0.984404 -0.121144 -0.079019 1 112 117
0.775917 -0.120727 -0.604098 227 112 50
-0.165923 -0.122189 0.980489 106 112 252
-0.542538 -0.122873 -0.839042 59 112 21
0.965591 -0.122820 0.251885 250 112 159
-0.854478 -0.119067 0.451885 16 112 187
0.342317 -0.125584 -0.959433 170 112 8
0.383652 -0.121870 0.910168 177 112 244
-0.892719 -0.121294 -0.409689 12 112 75
0.947948 -0.123075 -0.305097 248 112 89
-0.494018 -0.123457 0.867267 65 112 237
-0.221510 -0.123533 -0.972997 99 112 4
0.795007 -0.119781 0.550130 232 112 200
-1.009044 -0.126291 0.138396 2 112 145
0.631021 -0.122601 -0.760121 208 112 30
0.047828 -0.121858 0.979954 134 112 254
-0.708665 -0.123961 -0.701615 38 112 38
0.996306 -0.124041 0.038646 254 112 132
-0.761341 -0.124240 0.645000 31 112 209
0.121820 -0.120506 -0.959342 143 112 2
0.587747 -0.126989 0.831477 201 112 231
-0.965634 -0.123337 -0.209702 4 112 101
0.846649 -0.122422 -0.493550 237 112 64
-0.296427 -0.124848 0.953599 90 112 248
-0.424473 -0.124628 -0.901059 74 112 13
0.923206 -0.124941 0.378323 245 112 175
-0.907829 -0.121241 0.334174 9 112 171
0.466844 -0.127677 -0.904534 186 112 15
0.259037 -0.124078 0.953857 161 112 250
-0.827286 -0.122984 -0.523282 21 112 60
0.984229 -0.125734 -0.176696 252 112 105
-0.603400 -0.125217 0.791215 51 112 228
-0.089755 -0.125634 -0.993501 116 112 2
0.715293 -0.121986 0.651907 221 112 213
-1.017495 -0.128356 0.002605 1 112 128
0.727322 -0.124824 -0.669719 221 112 42
-0.082990 -0.123546 0.974259 117 112 254
-0.611258 -0.126619 -0.793065 50 112 27
0.979330 -0.125809 0.170645 252 111 149
-0.840125 -0.126321 0.537444 21 111 196
0.248977 -0.122742 -0.935729 160 111 5
0.471062 -0.129025 0.901353 186 111 240
-0.929870 -0.125573 -0.336892 9 111 84
0.901850 -0.124109 -0.374975 244 111 79
-0.422618 -0.127502 0.909165 74 111 242
-0.299663 -0.126405 -0.946879 89 111 7
0.863932 -0.127001 0.497716 237 111 191
-0.945719 -0.123509 0.210453 4 111 155
0.582478 -0.129685 -0.833039 200 111 24
0.129655 -0.126326 0.980829 144 111 253
-0.747620 -0.124673 -0.626829 31 111 46
1.002884 -0.128382 -0.044044 254 111 122
-0.701565 -0.127004 0.701735 38 111 217
0.043491 -0.127673 -0.995762 133 111 1
0.623066 -0.124286 0.742768 209 111 224
-1.007145 -0.130336 -0.132886 2 111 111
0.810975 -0.127083 -0.567342 231 111 55
-0.211468 -0.125238 0.951361 100 111 251
-0.501932 -0.129259 -0.870764 64 111 18
0.945309 -0.127608 0.298915 248 111 166
-0.903378 -0.128338 0.420193 13 111 181
0.372266 -0.125073 -0.895943 176 111 11
0.346043 -0.130979 0.954408 171 111 246
-0.877608 -0.127842 -0.458383 15 111 69
0.940765 -0.125805 -0.250560 250 111 95
-0.542047 -0.130132 0.847770 59 111 234
-0.170291 -0.128217 -0.975902 106 111 3
0.788919 -0.128995 0.607759 228 111 205
-0.967462 -0.125871 0.082646 2 111 138
0.687002 -0.131613 -0.746453 213 111 34
-0.002296 -0.128604 0.990497 127 111 254
-0.655299 -0.126376 -0.718666 42 111 34
1.003306 -0.131001 0.090396 253 111 139
-0.786979 -0.128830 0.600470 27 111 204
0.175648 -0.129645 -0.979751 150 111 3
0.519708 -0.126679 0.821197 195 111 234
-0.978326 -0.132239 -0.265428 5 111 94
0.880431 -0.129367 -0.454674 240 111 69
-0.335418 -0.126950 0.911888 84 111 246
-0.382615 -0.131864 -0.933038 80 111 11
0.894978 -0.129449 0.421344 242 111 181
-0.949904 -0.130286 0.295531 7 111 165
0.489693 -0.127496 -0.840499 191 111 18
0.215186 -0.132857 0.989735 154 111 251
-0.809628 -0.130132 -0.572009 24 111 55
0.962946 -0.127528 -0.122514 253 111 112
-0.652329 -0.132722 0.770370 46 111 224
-0.038555 -0.130075 -0.987799 123 111 1
0.699656 -0.130920 0.706345 216 111 217
-0.972576 -0.128323 -0.047233 1 111 121
0.778479 -0.133468 -0.646578 225 111 47
-0.134521 -0.130898 0.982551 110 111 253
-0.552060 -0.128110 -0.797384 56 111 24
0.985258 -0.133573 0.224051 251 111 156
-0.858332 -0.130706 0.489203 18 111 190
0.304165 -0.131547 -0.945836 166 111 7
0.406781 -0.129160 0.885819 180 111 242
-0.931757 -0.134072 -0.392487 11 111 78
0.934346 -0.131664 -0.333620 247 111 85
-0.452806 -0.128698 0.856721 68 111 239
-0.255503 -0.134418 -0.978495 96 111 5
0.829297 -0.131343 0.535953 234 111 196
-0.978868 -0.132166 0.165892 3 111 149
0.599298 -0.130005 -0.770136 205 111 28
0.081063 -0.134670 1.006822 138 111 253
-0.727009 -0.132430 -0.675686 35 111 41
0.968230 -0.129292 0.006968 254 111 128
-0.751213 -0.135255 0.678294 34 111 212
0.093355 -0.131988 -0.982496 139 111 2
0.597928 -0.132777 0.791625 204 111 228
-0.960795 -0.130859 -0.177091 3 111 105
0.855290 -0.135262 -0.535459 235 111 60
-0.264656 -0.133196 0.956984 94 111 249
-0.439757 -0.129893 -0.861832 70 111 15
0.948898 -0.136084 0.354296 246 111 172
-0.914540 -0.132639 0.369828 10 111 175
0.426588 -0.133381 -0.894764 182 110 13
0.286024 -0.131721 0.935411 164 110 248
-0.868511 -0.135848 -0.511704 19 110 63
0.971620 -0.133960 -0.206289 251 110 101
-0.561765 -0.130501 0.786954 54 110 230
-0.123017 -0.136905 -1.006075 112 110 2
0.749433 -0.133297 0.640904 224 110 210
-0.989820 -0.133979 0.033799 1 110 132
0.699174 -0.132590 -0.685828 218 110 39
-0.053752 -0.136429 1.005547 121 110 254
-0.631122 -0.134722 -0.767455 47 110 30
0.956718 -0.131116 0.135742 253 110 145
-0.836644 -0.137717 0.573223 23 110 199
0.223277 -0.133962 -0.960164 156 110 4
0.485769 -0.134569 0.862054 190 110 238
-0.932094 -0.133467 -0.304771 7 110 88
0.916159 -0.137006 -0.415314 243 110 75
-0.390319 -0.135483 0.914118 78 110 244
-0.320320 -0.131740 -0.911106 86 110 8
0.894793 -0.138520 0.478528 239 110 187
-0.954745 -0.134635 0.244333 5 110 159
0.540622 -0.135153 -0.827638 197 110 22
0.159351 -0.134351 0.968938 148 110 252
-0.789968 -0.137579 -0.620942 28 110 49
0.991437 -0.136240 -0.074959 253 110 118
-0.660608 -0.132372 0.703868 41 110 220
0.012258 -0.139313 -1.015098 129 110 1
0.656738 -0.135315 0.734511 212 110 222
-0.982695 -0.135731 -0.098214 2 110 115
0.787500 -0.135240 -0.588801 229 110 52
-0.186745 -0.138149 0.986157 104 110 252
-0.523628 -0.136994 -0.845535 61 110 20
0.928751 -0.133013 0.261732 249 110 162
-0.906836 -0.140096 0.457158 15 110 184
0.349089 -0.136002 -0.921211 172 110 9
0.365399 -0.136303 0.916425 174 110 245
-0.886712 -0.136135 -0.428071 14 110 73
0.960159 -0.138717 -0.288477 248 110 91
-0.509150 -0.137743 0.854615 63 110 236
-0.195730 -0.133664 -0.944543 102 110 4
0.823915 -0.140870 0.594238 230 110 201
-0.978316 -0.136696 0.114782 2 110 142
0.644188 -0.136870 -0.745876 210 110 32
0.028841 -0.137035 0.985583 131 110 254
-0.697767 -0.139282 -0.718321 40 110 37
0.993304 -0.138489 0.057958 254 110 135
-0.747832 -0.134326 0.608894 30 110 207
0.147640 -0.141632 -1.005290 146 110 3
0.552743 -0.137398 0.815253 198 110 232
-0.957806 -0.137432 -0.227659 5 110 98
0.862571 -0.137939 -0.480531 238 110 66
-0.315512 -0.139846 0.949241 88 110 247
-0.406455 -0.139230 -0.908374 76 110 12
0.884889 -0.134997 0.382953 243 110 178
-0.960325 -0.142384 0.332369 8 110 169
0.468728 -0.138106 -0.866279 188 110 16
0.239161 -0.137990 0.953884 158 110 250
-0.825176 -0.138846 -0.544776 22 110 58
0.986714 -0.140409 -0.157334 252 110 108
-0.618876 -0.139965 0.779483 49 110 226
-0.067994 -0.135679 -0.961709 119 110 2
0.737625 -0.143125 0.699090 219 110 214
-0.984857 -0.138822 -0.016698 1 110 125
0.735469 -0.138544 -0.651166 222 110 44
-0.103277 -0.139757 0.984784 114 110 253
-0.593746 -0.140972 -0.802245 52 110 26
0.977077 -0.140694 0.189967 251 110 152
-0.822117 -0.136373 0.503593 20 110 193
0.280425 -0.143856 -0.976803 162 110 6
0.439146 -0.139544 0.881781 184 110 241
-0.915819 -0.139095 -0.352164 10 110 82
0.922848 -0.140669 -0.362752 245 110 81
-0.437806 -0.141535 0.895690 72 110 241
-0.281766 -0.141417 -0.954698 92 110 6
0.825889 -0.137077 0.497511 236 110 193
-0.996017 -0.144575 0.201334 4 110 153
0.580204 -0.140273 -0.796241 202 110 25
0.109455 -0.139642 0.973942 142 110 253
-0.748320 -0.141583 -0.652700 32 110 45
0.995582 -0.142100 -0.024273 254 109 124
-0.717369 -0.142134 0.690072 37 109 215
0.060866 -0.137794 -0.962384 135 109 2
0.637635 -0.145283 0.790982 207 109 226
-0.974209 -0.141007 -0.147933 3 109 109
0.812938 -0.140188 -0.545404 232 109 57
-0.234657 -0.142498 0.966272 98 109 250
-0.479899 -0.142666 -0.871408 67 109 17
0.942985 -0.142843 0.318549 247 109 168
-0.882324 -0.138522 0.389644 12 109 178
0.407965 -0.145981 -0.930208 178 109 12
0.317802 -0.141748 0.932937 168 109 247
-0.857716 -0.140732 -0.469518 17 109 67
0.966998 -0.143412 -0.237441 250 109 97
-0.551565 -0.143234 0.826660 57 109 232
-0.151915 -0.143545 -0.983559 108 109 3
0.752694 -0.139261 0.603616 226 109 206
-1.013221 -0.146667 0.066671 2 109 136
0.681622 -0.142494 -0.712204 215 109 36
-0.021321 -0.141275 0.976459 125 109 254
-0.657300 -0.144326 -0.749734 44 109 33
0.986834 -0.143805 0.108362 253 109 141
-0.802704 -0.144240 0.588047 26 109 202
0.188831 -0.140013 -0.946560 152 109 4
0.525961 -0.147342 0.868111 193 109 235
-0.946468 -0.143246 -0.276721 6 109 92
0.875382 -0.141819 -0.430642 241 109 72
-0.362876 -0.145238 0.930106 82 109 245
-0.358320 -0.144380 -0.924798 82 109 10
0.891634 -0.144926 0.441225 241 109 183
-0.927494 -0.140777 0.268826 6 109 163
0.527741 -0.148007 -0.866481 193 109 20
0.190716 -0.144002 0.967778 152 109 251
-0.784754 -0.142362 -0.577716 26 109 53
0.993954 -0.146147 -0.106797 253 109 114
-0.654935 -0.144959 0.743529 44 109 222
-0.019391 -0.145604 -0.994366 125 109 1
0.666424 -0.141553 0.699585 215 109 219
-1.011661 -0.148661 -0.068939 2 109 119
0.771203 -0.144762 -0.615508 226 109 49
-0.150826 -0.142907 0.961628 108 109 252
-0.553590 -0.147054 -0.833904 58 109 22
0.960831 -0.145542 0.238305 250 109 158
-0.873219 -0.146274 0.475359 17 109 188
0.313882 -0.142340 -0.914434 168 109 8
0.404861 -0.149306 0.929019 178 109 243
-0.902000 -0.145526 -0.400851 12 109 76
0.921903 -0.143453 -0.309033 247 109 87
-0.485481 -0.147957 0.876696 66 109 238
-0.231168 -0.146130 -0.961685 98 109 5
0.824008 -0.146936 0.555623 232 109 198
-0.956854 -0.143140 0.143015 3 109 146
0.637434 -0.149940 -0.786967 207 109 29
0.060025 -0.146293 0.985595 135 109 253
-0.698415 -0.144003 -0.674984 37 109 40
1.002954 -0.148855 0.026795 254 109 131
-0.746281 -0.146724 0.647861 32 109 210
0.113245 -0.147588 -0.986913 142 109 2
0.568378 -0.143950 0.783848 202 109 230
-0.991480 -0.150564 -0.202826 4 109 102
0.847321 -0.147064 -0.507730 236 109 63
-0.276822 -0.144555 0.929947 92 109 248
-0.438979 -0.149748 -0.903429 72 109 14
0.918191 -0.147324 0.363398 245 109 174
-0.927563 -0.148232 0.354197 10 109 172
0.434020 -0.144773 -0.866417 184 109 15
0.276769 -0.151180 0.972620 162 109 249
-0.841449 -0.147836 -0.518139 20 109 61
0.951914 -0.145112 -0.182771 251 109 104
-0.600056 -0.150635 0.806826 52 109 229
-0.100630 -0.147930 -0.981619 115 109 2
0.741437 -0.148867 0.659543 222 109 211
-0.969824 -0.145606 0.014180 1 109 129
0.734979 -0.151786 -0.693333 219 109 41
-0.072021 -0.148610 0.985947 118 109 253
-0.600364 -0.145673 -0.759801 49 109 29
0.993588 -0.151516 0.160809 252 109 148
-0.824191 -0.148542 0.541369 22 109 197
0.243427 -0.149494 -0.961385 158 108 5
0.460029 -0.146451 0.854963 187 108 239
-0.953221 -0.152385 -0.332403 8 108 86
0.908533 -0.149385 -0.390670 243 108 78
-0.397207 -0.146239 0.882178 76 108 242
-0.315541 -0.152389 -0.956782 88 108 8
0.859769 -0.149162 0.481603 237 108 189
-0.964733 -0.150112 0.226928 5 108 156
0.547269 -0.147306 -0.803138 198 108 23
0.144223 -0.152975 0.998223 146 108 252
-0.765752 -0.150161 -0.626461 30 108 48
0.965121 -0.146812 -0.054054 253 108 120
-0.704283 -0.153254 0.721652 39 108 218
0.031106 -0.149789 -0.984405 131 108 2
0.645575 -0.150721 0.751017 210 108 223
-0.966033 -0.148171 -0.115627 2 108 113
0.818611 -0.153558 -0.587514 230 108 54
-0.203090 -0.150936 0.968682 102 108 251
-0.492397 -0.147391 -0.830899 63 108 19
0.965829 -0.154111 0.292640 248 108 164
-0.887480 -0.150424 0.425891 14 108 182
0.368655 -0.151322 -0.918355 174 108 11
0.343029 -0.149045 0.911635 172 108 245
-0.897795 -0.154134 -0.455231 15 108 71
0.953623 -0.151711 -0.266341 249 108 94
-0.510041 -0.147978 0.819318 61 108 234
-0.185594 -0.154959 -0.992748 104 108 4
0.786633 -0.151067 0.591020 228 108 203
-0.984103 -0.151915 0.096036 2 108 140
0.651697 -0.149929 -0.725459 212 108 34
0.009796 -0.154705 1.005529 129 108 254
-0.676142 -0.152484 -0.723797 41 108 35
0.961506 -0.148573 0.074953 253 108 137
-0.796012 -0.155797 0.622693 28 108 205
0.161868 -0.151718 -0.970101 148 108 3
0.538340 -0.152500 0.828360 196 108 233
-0.945340 -0.150821 -0.244278 6 108 96
0.886899 -0.155269 -0.471648 239 108 68
-0.330808 -0.153256 0.933968 85 108 246
-0.376406 -0.149177 -0.887263 78 108 12
0.920054 -0.156625 0.419671 242 108 180
-0.935186 -0.152376 0.303368 8 108 166
0.486559 -0.153077 -0.858765 190 108 18
0.219207 -0.151722 0.952737 156 108 250
-0.826445 -0.155829 -0.569074 24 108 56
0.981640 -0.154025 -0.136942 252 108 110
-0.613558 -0.149789 0.742559 47 108 225
-0.051651 -0.157442 -1.010469 121 108 2
0.700046 -0.153043 0.689896 217 108 216
-0.985431 -0.153648 -0.035951 2 108 123
0.745440 -0.152630 -0.634484 223 108 46
-0.123973 -0.156384 0.994617 112 108 253
-0.574146 -0.154791 -0.808280 55 108 25
0.941298 -0.150412 0.202148 251 108 154
-0.873332 -0.158249 0.511804 19 108 191
0.289520 -0.153719 -0.939001 165 108 7
0.421870 -0.154211 0.890209 181 108 241
-0.907857 -0.153544 -0.369593 11 108 80
0.938759 -0.156935 -0.348017 246 108 84
-0.452802 -0.155552 0.882306 70 108 240
-0.254344 -0.151045 -0.928121 94 108 6
0.857050 -0.159044 0.539349 234 108 195
-0.966571 -0.154403 0.175825 4 108 150
0.594962 -0.154767 -0.783889 204 108 27
0.090565 -0.154465 0.977348 139 108 253
-0.740688 -0.157484 -0.671936 34 108 43
0.991939 -0.156310 -0.004824 253 108 127
-0.706175 -0.151689 0.653258 35 108 213
0.083649 -0.159828 -1.009483 138 108 2
0.601451 -0.155095 0.776635 205 108 227
-0.968860 -0.155318 -0.166523 3 108 106
0.826738 -0.155391 -0.531568 233 108 59
-0.254630 -0.158030 0.965922 95 108 249
-0.461567 -0.157063 -0.878250 69 108 16
0.904956 -0.152344 0.325509 246 108 170
-0.934628 -0.160600 0.391131 11 108 176
0.411975 -0.155795 -0.891636 180 108 13
0.298451 -0.155863 0.935551 166 108 247
-0.853973 -0.156322 -0.489362 18 108 65
0.973455 -0.158575 -0.218980 250 107 100
-0.566757 -0.157810 0.814544 56 107 231
-0.128201 -0.153011 -0.952933 111 107 3
0.777999 -0.161360 0.649254 224 107 208
-0.981128 -0.156503 0.045353 2 107 133
0.691928 -0.156404 -0.695291 216 107 38
-0.040739 -0.157257 0.984782 122 107 253
-0.642273 -0.159119 -0.762093 46 107 31
0.984211 -0.158551 0.127554 252 107 144
-0.786489 -0.153691 0.552914 25 107 200
0.217609 -0.162107 -0.989746 155 107 5
0.492464 -0.157219 0.849808 191 107 236
-0.934894 -0.156940 -0.293255 7 107 90
0.893970 -0.158195 -0.418324 242 107 74
-0.379860 -0.159663 0.920195 79 107 244
-0.340460 -0.159286 -0.932303 84 107 9
0.853140 -0.154382 0.443105 239 107 186
-0.978635 -0.162843 0.263062 6 107 160
0.527212 -0.157943 -0.828768 195 107 21
0.170455 -0.157472 0.963730 149 107 251
-0.784375 -0.159135 -0.601384 28 107 51
0.990594 -0.160207 -0.086921 253 107 116
-0.670474 -0.160013 0.731871 42 107 220
0.000015 -0.155087 -0.961379 128 107 2
0.684453 -0.163565 0.747175 213 107 220
-0.978586 -0.158674 -0.085897 2 107 116
0.775799 -0.158001 -0.594772 227 107 51
-0.172414 -0.160077 0.974630 106 107 251
-0.533119 -0.160752 -0.838110 60 107 21
0.958512 -0.160733 0.257684 249 107 160
-0.853278 -0.155804 0.443144 16 107 186
0.347553 -0.164275 -0.951637 171 107 9
0.374862 -0.159412 0.908167 176 107 244
-0.884370 -0.158528 -0.413865 14 107 74
0.945705 -0.161019 -0.296615 248 107 90
-0.497519 -0.161300 0.858472 64 107 236
-0.213091 -0.161446 -0.969337 100 107 5
0.786704 -0.156535 0.553101 230 107 200
-1.004476 -0.164973 0.130150 3 107 144
0.633292 -0.160156 -0.751390 209 107 31
0.040282 -0.159053 0.974448 133 107 253
-0.700066 -0.161962 -0.703511 39 107 38
0.990105 -0.161850 0.045798 253 107 133
-0.761934 -0.162150 0.635808 31 107 208
0.128287 -0.157278 -0.953351 144 107 3
0.578289 -0.165658 0.831172 199 107 231
-0.958919 -0.160907 -0.215740 5 107 100
0.845220 -0.159577 -0.484313 237 107 65
-0.302070 -0.162903 0.946796 89 107 247
-0.415271 -0.162403 -0.898842 75 107 13
0.915274 -0.162845 0.383064 244 107 176
-0.905502 -0.158036 0.325675 9 107 170
0.470902 -0.166332 -0.895947 186 107 16
0.250578 -0.161664 0.950668 160 107 249
-0.818420 -0.160101 -0.526255 22 107 59
0.980748 -0.163842 -0.168535 251 107 106
-0.605664 -0.162960 0.782026 50 107 227
-0.081888 -0.163532 -0.988596 117 107 2
0.706681 -0.158806 0.653767 220 107 213
-1.011685 -0.166993 -0.004951 2 107 127
0.728381 -0.162427 -0.660730 221 107 43
-0.089705 -0.160625 0.967747 116 107 253
-0.602373 -0.164779 -0.793703 51 107 27
0.972214 -0.163521 0.176882 251 107 150
-0.839351 -0.164209 0.528175 21 107 194
0.254601 -0.159590 -0.928948 161 107 6
0.461656 -0.167642 0.899627 185 107 239
-0.922364 -0.163194 -0.341971 10 107 84
0.899151 -0.161151 -0.366017 244 107 80
-0.427266 -0.165713 0.901524 74 107 241
-0.290854 -0.164088 -0.943432 90 107 7
0.855306 -0.164877 0.501274 236 107 191
-0.942300 -0.160388 0.202333 5 107 154
0.585245 -0.168280 -0.823853 200 107 25
0.121683 -0.163965 0.976490 143 107 252
-0.738423 -0.161679 -0.628549 32 107 46
0.998192 -0.166642 -0.036386 253 107 123
-0.702560 -0.164660 0.692331 38 107 216
0.050619 -0.165536 -0.989694 134 106 2
0.614283 -0.161198 0.743482 208 106 224
-1.000215 -0.168906 -0.139564 3 106 110
0.810782 -0.164740 -0.558253 231 106 56
-0.217224 -0.162209 0.943986 99 106 250
-0.492938 -0.167565 -0.870086 66 106 18
0.937422 -0.165239 0.304125 247 106 166
-0.901230 -0.166184 0.411052 13 106 180
0.376954 -0.162022 -0.888478 177 106 12
0.336909 -0.169522 0.951284 169 106 246
-0.869431 -0.165519 -0.462393 16 106 68
0.936864 -0.162743 -0.242058 249 106 96
-0.545566 -0.168483 0.839423 59 106 233
-0.162038 -0.165824 -0.971302 107 106 3
0.779778 -0.166823 0.610032 227 106 205
-0.962999 -0.162859 0.075040 2 106 137
0.688400 -0.170127 -0.736874 213 106 36
-0.009626 -0.166300 0.985064 126 106 253
-0.645958 -0.163282 -0.719114 43 106 34
0.997461 -0.169394 0.097370 253 106 140
-0.786697 -0.166416 0.591030 27 106 203
0.181865 -0.167453 -0.972637 151 106 4
0.510895 -0.163707 0.820745 194 106 234
-0.970425 -0.170722 -0.271066 6 106 94
0.878964 -0.167083 -0.445650 240 106 71
-0.340114 -0.163826 0.903805 83 106 245
-0.373703 -0.170298 -0.931012 81 106 11
0.886473 -0.167016 0.425440 241 106 182
-0.946407 -0.168072 0.286724 7 106 164
0.493358 -0.164568 -0.832463 192 106 19
0.206538 -0.171308 0.985275 153 106 251
-0.800919 -0.167867 -0.574853 25 106 54
0.957934 -0.164376 -0.114628 252 106 113
-0.654604 -0.171194 0.761475 46 106 223
-0.031004 -0.167624 -0.982139 124 106 2
0.690197 -0.168682 0.707262 215 106 217
-0.967129 -0.165441 -0.054196 2 106 120
0.778468 -0.171886 -0.636825 225 106 48
-0.141057 -0.168652 0.976101 110 106 252
-0.542757 -0.164933 -0.796568 57 106 24
0.978350 -0.172080 0.230163 250 106 156
-0.856788 -0.168240 0.479898 18 106 189
0.309319 -0.169283 -0.937820 167 106 8
0.398081 -0.166325 0.884191 179 106 242
-0.923060 -0.172454 -0.396950 12 106 78
0.931605 -0.169437 -0.324833 246 106 86
-0.456365 -0.165497 0.848093 68 106 238
-0.246874 -0.172957 -0.975120 97 106 6
0.820331 -0.168865 0.538868 233 106 196
-0.974083 -0.169874 0.157622 3 106 148
0.601864 -0.167220 -0.761652 205 106 29
0.073099 -0.173016 1.001121 137 106 253
-0.717920 -0.170221 -0.677282 36 106 41
0.962217 -0.166070 0.014098 253 106 129
-0.752150 -0.173824 0.669032 34 106 211
0.100072 -0.169499 -0.975884 140 106 3
0.588360 -0.170456 0.791150 202 106 228
-0.954437 -0.168125 -0.183285 4 106 104
0.853865 -0.173570 -0.525749 234 106 62
-0.270254 -0.171004 0.949618 93 106 248
-0.430665 -0.166651 -0.859783 71 106 15
0.941047 -0.174680 0.359379 245 106 172
-0.911767 -0.170141 0.360824 11 106 174
0.430552 -0.171029 -0.886017 182 106 15
0.277585 -0.169040 0.932613 163 106 248
-0.859211 -0.174118 -0.514890 20 106 63
0.967626 -0.171785 -0.197916 251 106 102
-0.564137 -0.167242 0.777949 54 106 229
-0.114875 -0.175525 -1.001384 113 106 3
0.740167 -0.170793 0.642592 222 106 210
-0.983841 -0.171593 0.026255 2 106 131
0.700576 -0.169963 -0.677031 218 106 40
-0.060856 -0.174660 0.998729 120 106 253
-0.621823 -0.172563 -0.767741 48 106 30
0.949827 -0.167844 0.141994 252 106 146
-0.836181 -0.176358 0.563795 23 106 198
0.229044 -0.171454 -0.952720 157 106 5
0.476304 -0.172150 0.860186 188 106 237
-0.924913 -0.170895 -0.310073 8 105 88
0.913351 -0.175198 -0.405863 242 105 77
-0.394844 -0.173337 0.905959 77 105 243
-0.311601 -0.168456 -0.907878 87 105 9
0.886151 -0.177179 0.482434 238 105 188
-0.950796 -0.172125 0.235786 6 105 158
0.543299 -0.172699 -0.818348 197 105 23
0.151323 -0.171835 0.964990 147 105 252
-0.780269 -0.175731 -0.622782 29 105 49
0.986239 -0.174107 -0.067177 253 105 119
-0.661765 -0.169081 0.694652 41 105 218
0.019710 -0.177987 -1.009160 130 105 2
0.647333 -0.172804 0.734945 210 105 222
-0.975648 -0.173240 -0.104860 3 105 114
0.787683 -0.172781 -0.579835 229 105 53
-0.192835 -0.176261 0.978374 103 105 251
-0.514301 -0.174873 -0.844472 62 105 20
0.921115 -0.169717 0.267007 248 105 162
-0.904942 -0.178782 0.447776 15 105 183
0.353806 -0.173493 -0.913064 173 105 10
0.356247 -0.173775 0.913198 173 105 244
-0.878812 -0.173733 -0.432363 15 105 72
0.956034 -0.176789 -0.279486 248 105 92
-0.512483 -0.175633 0.845808 62 105 235
-0.187534 -0.170365 -0.940207 103 105 4
0.814660 -0.179564 0.596844 229 105 202
-0.973257 -0.174192 0.106841 3 105 141
0.645515 -0.174304 -0.736247 210 105 33
0.021380 -0.174691 0.980522 130 105 253
-0.687877 -0.177314 -0.718783 41 105 37
0.986978 -0.176387 0.064974 253 105 136
-0.747768 -0.171027 0.599629 30 105 206
0.154209 -0.180333 -0.998210 147 105 3
0.543363 -0.174899 0.814421 197 105 232
-0.949843 -0.174827 -0.233259 6 105 98
0.861497 -0.175653 -0.471554 238 105 67
-0.320465 -0.177839 0.940661 87 105 246
-0.397292 -0.177135 -0.905949 77 105 13
0.876647 -0.171703 0.387169 242 105 178
-0.957006 -0.181087 0.323253 9 105 168
0.472310 -0.175615 -0.857566 188 105 18
0.230521 -0.175345 0.949367 157 105 249
-0.816680 -0.176618 -0.547950 23 105 58
0.981364 -0.178363 -0.148990 252 105 109
-0.620917 -0.177875 0.770196 49 105 225
-0.060455 -0.172392 -0.956348 120 105 2
0.727958 -0.181828 0.700301 218 105 214
-0.978769 -0.176340 -0.023893 2 105 124
0.735415 -0.175859 -0.641404 222 105 45
-0.110016 -0.177586 0.978671 113 105 252
-0.583873 -0.178888 -0.801326 54 105 26
0.969726 -0.178607 0.196050 250 105 152
-0.820843 -0.173095 0.494437 20 105 192
0.285936 -0.182555 -0.968719 163 105 7
0.429951 -0.177073 0.879688 183 105 240
-0.907111 -0.176370 -0.356598 11 105 82
0.920496 -0.178556 -0.353930 245 105 82
-0.441527 -0.179415 0.886495 72 105 240
-0.272966 -0.179332 -0.950930 93 105 7
0.817184 -0.173813 0.500606 234 105 193
-0.991319 -0.183268 0.192705 4 105 151
0.582581 -0.177814 -0.787109 202 105 27
0.101512 -0.176878 0.968233 141 105 252
-0.739370 -0.179526 -0.654660 34 105 44
0.989125 -0.179943 -0.016741 253 105 125
-0.718043 -0.180047 0.680490 36 105 214
0.067627 -0.174545 -0.956094 136 105 2
0.627774 -0.183967 0.790739 205 105 226
-0.967189 -0.178562 -0.154251 4 105 108
0.811510 -0.177384 -0.535718 232 105 58
-0.240522 -0.180497 0.959188 97 105 249
-0.470240 -0.180474 -0.869138 68 105 17
0.934743 -0.180754 0.323547 246 105 169
-0.879867 -0.175292 0.380748 12 105 177
0.412267 -0.184652 -0.921288 179 105 13
0.308955 -0.179317 0.929608 167 105 247
-0.848450 -0.177889 -0.472698 18 105 66
0.963372 -0.181466 -0.228951 250 105 99
-0.553990 -0.181009 0.817039 57 105 231
-0.143674 -0.181451 -0.978496 109 104 3
0.743670 -0.176054 0.605542 225 104 207
-1.007227 -0.185323 0.058740 2 104 135
0.682737 -0.180080 -0.702806 215 104 38
-0.028405 -0.178393 0.969684 124 104 253
-0.648055 -0.182433 -0.750400 46 104 33
0.979408 -0.181548 0.114940 252 104 142
-0.801966 -0.182138 0.578371 26 104 201
0.194703 -0.176831 -0.939446 153 104 5
0.516132 -0.185981 0.866394 192 104 235
-0.938627 -0.180848 -0.282039 7 104 91
0.872618 -0.178898 -0.421234 240 104 73
-0.367718 -0.183397 0.922159 81 104 244
-0.349064 -0.182092 -0.921232 83 104 10
0.882661 -0.182815 0.445005 239 104 184
-0.923895 -0.177623 0.260334 7 104 162
0.530714 -0.186626 -0.856920 194 104 21
0.182377 -0.181621 0.963254 151 104 251
-0.775125 -0.179405 -0.579585 27 104 52
0.989082 -0.184357 -0.098822 252 104 115
-0.656028 -0.182642 0.733673 44 104 221
-0.011902 -0.183482 -0.988092 126 104 2
0.657229 -0.178429 0.700310 213 104 219
-1.004489 -0.187258 -0.075976 3 104 118
0.771018 -0.182400 -0.606009 226 104 50
-0.156913 -0.179913 0.953935 107 104 251
-0.544230 -0.185313 -0.833215 59 104 23
0.952586 -0.183198 0.243811 249 104 159
-0.871056 -0.184138 0.465799 17 104 187
0.318770 -0.179250 -0.906610 169 104 9
0.395293 -0.187877 0.925846 177 104 243
-0.893464 -0.183183 -0.405059 13 104 76
0.917870 -0.180425 -0.300090 247 104 89
-0.489165 -0.186263 0.868019 66 104 237
-0.222488 -0.183761 -0.956903 99 104 5
0.814485 -0.184783 0.558078 231 104 198
-0.952166 -0.180086 0.135066 3 104 145
0.638990 -0.188485 -0.776976 207 104 31
0.052353 -0.183970 0.979936 134 104 253
-0.688621 -0.180941 -0.675517 38 104 40
0.996893 -0.187206 0.034070 253 104 132
-0.746033 -0.184331 0.637957 32 104 209
0.119803 -0.185418 -0.979543 143 104 3
0.559159 -0.180936 0.783354 200 104 229
-0.983282 -0.189080 -0.208796 5 104 101
0.845814 -0.184759 -0.498298 235 104 64
-0.281800 -0.181462 0.921498 91 104 247
-0.429696 -0.188142 -0.901353 74 104 14
0.909289 -0.184910 0.367737 244 104 174
-0.923995 -0.186042 0.344966 10 104 171
0.437836 -0.181799 -0.858004 184 104 16
0.267685 -0.189665 0.968048 161 104 248
-0.832359 -0.185551 -0.521138 21 104 61
0.946706 -0.181988 -0.174465 251 104 105
-0.602462 -0.189069 0.797578 52 104 227
-0.092682 -0.185496 -0.975719 116 104 3
0.731567 -0.186655 0.660595 220 104 211
-0.964113 -0.182676 0.006909 2 104 128
0.735070 -0.190239 -0.683137 219 104 42
-0.078872 -0.186345 0.979233 117 104 252
-0.590597 -0.182521 -0.759002 51 104 29
0.986426 -0.189987 0.167204 251 104 148
-0.822617 -0.186092 0.531600 22 104 195
0.248894 -0.187258 -0.953064 159 104 6
0.450936 -0.183566 0.853245 186 104 238
-0.944174 -0.190804 -0.337162 10 104 85
0.905705 -0.187139 -0.381481 243 104 79
-0.400993 -0.183062 0.873145 75 104 241
-0.306539 -0.190896 -0.953315 89 104 8
0.850377 -0.186696 0.484704 236 104 190
-0.959819 -0.187850 0.218236 5 104 155
0.549937 -0.184469 -0.794266 199 104 25
0.135831 -0.191359 0.992345 144 104 252
-0.756266 -0.187933 -0.628168 31 104 47
0.958851 -0.183610 -0.046537 253 104 121
-0.705314 -0.191794 0.712014 39 104 216
0.038183 -0.187311 -0.977501 132 104 2
0.635569 -0.188431 0.750624 208 104 223
-0.959379 -0.185383 -0.122090 3 103 112
0.817226 -0.191906 -0.577340 230 103 55
-0.208973 -0.188727 0.961016 101 103 250
-0.482843 -0.184168 -0.828800 64 103 19
0.957686 -0.192681 0.297983 247 103 165
-0.884615 -0.187934 0.416433 14 103 181
0.372895 -0.189003 -0.909255 175 103 12
0.334214 -0.186309 0.908700 171 103 245
-0.888098 -0.192444 -0.458667 16 103 70
0.949496 -0.189519 -0.257575 248 103 95
-0.512579 -0.184736 0.809878 61 103 233
-0.177081 -0.193555 -0.987920 105 103 4
0.776922 -0.188569 0.592834 227 103 203
-0.977936 -0.189564 0.088081 3 103 139
0.653152 -0.187246 -0.716268 212 103 35
0.002285 -0.192976 0.998471 128 103 253
-0.666433 -0.190309 -0.724148 43 103 35
0.954304 -0.185314 0.081551 252 103 138
-0.795601 -0.194418 0.612868 28 103 204
0.167951 -0.189213 -0.962319 149 103 4
0.528421 -0.190117 0.826514 195 103 233
-0.937836 -0.188192 -0.249810 7 103 95
0.884065 -0.193502 -0.461721 238 103 70
-0.335584 -0.191096 0.925476 85 103 245
-0.367238 -0.185904 -0.883917 79 103 12
0.911082 -0.195267 0.423810 241 103 180
-0.931083 -0.189867 0.294386 8 103 165
0.489467 -0.190660 -0.849079 190 103 19
0.210826 -0.189148 0.948610 155 103 250
-0.816307 -0.194022 -0.571109 25 103 56
0.976264 -0.191879 -0.128781 252 103 111
-0.614817 -0.186505 0.732888 47 103 223
-0.043835 -0.196103 -1.004346 122 103 2
0.690185 -0.190532 0.690394 216 103 216
-0.978136 -0.191195 -0.042987 2 103 122
0.745631 -0.190112 -0.625122 223 103 47
-0.130439 -0.194537 0.986532 111 103 252
-0.564399 -0.192658 -0.807236 56 103 25
0.933305 -0.187120 0.207720 250 103 155
-0.871444 -0.196924 0.502009 19 103 190
0.294504 -0.191207 -0.930479 165 103 8
0.412254 -0.191721 0.886940 180 103 241
-0.899612 -0.191083 -0.374077 12 103 79
0.934536 -0.195049 -0.338550 245 103 85
-0.456349 -0.193432 0.873135 70 103 238
-0.245720 -0.187747 -0.923603 95 103 7
0.847428 -0.197732 0.542153 233 103 195
-0.961304 -0.191893 0.167474 4 103 149
0.596466 -0.192241 -0.773825 204 103 28
0.082774 -0.192061 0.972071 138 103 252
-0.730329 -0.195557 -0.672529 35 103 43
0.985388 -0.194200 0.002552 253 103 128
-0.706146 -0.188389 0.643531 35 103 212
0.090568 -0.198524 -1.002168 139 103 3
0.591612 -0.192589 0.775807 203 103 227
-0.960589 -0.192753 -0.172482 4 103 105
0.825627 -0.193045 -0.522197 233 103 61
-0.259917 -0.196064 0.956983 95 103 248
-0.451979 -0.194961 -0.875796 70 103 16
0.896319 -0.189045 0.329968 245 103 171
-0.931264 -0.199302 0.381592 12 103 175
0.415772 -0.193295 -0.882520 181 103 14
0.289348 -0.193259 0.930924 165 103 247
-0.845112 -0.194034 -0.492688 19 103 65
0.967938 -0.196569 -0.210172 250 103 101
-0.568971 -0.195715 0.804864 55 103 230
-0.120266 -0.189715 -0.947333 112 103 3
0.767930 -0.200064 0.650622 223 103 208
-0.974783 -0.194010 0.037781 3 103 132
0.691991 -0.193760 -0.685065 216 103 40
-0.047783 -0.195027 0.978417 121 103 252
-0.631909 -0.197074 -0.761238 48 103 31
0.976592 -0.196462 0.133975 251 103 144
-0.785184 -0.190401 0.543298 25 103 199
0.223449 -0.200812 -0.981376 155 103 6
0.482816 -0.194736 0.847661 189 103 236
-0.925824 -0.194256 -0.298007 8 103 89
0.891539 -0.196023 -0.409115 241 103 75
-0.383864 -0.197580 0.910592 79 103 243
-0.331232 -0.197200 -0.928454 85 102 10
0.844013 -0.191103 0.446383 238 102 186
-0.973835 -0.201543 0.254004 7 102 159
0.529750 -0.195470 -0.819210 195 102 23
0.162061 -0.194749 0.957844 148 102 251
-0.775044 -0.197020 -0.603456 29 102 51
0.983903 -0.198087 -0.078949 252 102 118
-0.671277 -0.197928 0.721871 42 102 219
0.007131 -0.191820 -0.954800 128 102 3
0.674159 -0.202260 0.747041 211 102 220
-0.971265 -0.196213 -0.092555 3 102 116
0.774420 -0.195238 -0.584602 227 102 52
-0.178555 -0.198019 0.967262 105 102 250
-0.522961 -0.198596 -0.835832 61 102 22
0.949957 -0.198648 0.262991 248 102 161
-0.850728 -0.192553 0.433799 16 102 184
0.352155 -0.202960 -0.942380 171 102 10
0.365575 -0.196965 0.904729 174 102 243
-0.874694 -0.195725 -0.417312 15 102 74
0.941957 -0.199017 -0.287746 247 102 91
-0.500168 -0.199109 0.848402 64 102 235
-0.204427 -0.199357 -0.964141 102 102 5
0.777241 -0.193303 0.555150 229 102 200
-0.998319 -0.203646 0.121793 3 102 143
0.634514 -0.197725 -0.741553 209 102 33
0.032771 -0.196211 0.967430 132 102 252
-0.690429 -0.200014 -0.704247 40 102 38
0.982381 -0.199625 0.052781 252 102 134
-0.761275 -0.200056 0.625692 31 102 207
0.134470 -0.194069 -0.945905 145 102 4
0.568003 -0.204317 0.829507 198 102 231
-0.950738 -0.198491 -0.221357 6 102 99
0.842434 -0.196696 -0.474411 236 102 66
-0.307159 -0.201009 0.938533 89 102 246
-0.405518 -0.200146 -0.895197 76 102 14
0.905944 -0.200745 0.387120 242 102 177
-0.901751 -0.194851 0.316755 10 102 169
0.474135 -0.204972 -0.886000 186 102 17
0.241816 -0.199265 0.945982 158 102 249
-0.808341 -0.197181 -0.528331 23 102 59
0.975712 -0.202001 -0.160192 251 102 107
-0.606914 -0.200672 0.771691 50 102 226
-0.073987 -0.201422 -0.982132 118 102 3
0.697039 -0.195650 0.654555 219 102 213
-1.004289 -0.205613 -0.012400 3 102 126
0.728249 -0.200045 -0.650782 221 102 44
-0.096184 -0.197669 0.959748 115 102 252
-0.592609 -0.202989 -0.793043 53 102 27
0.963616 -0.201205 0.182747 250 102 151
-0.837212 -0.202088 0.518158 21 102 193
0.259750 -0.196465 -0.920757 161 102 7
0.451614 -0.206240 0.896444 184 102 239
-0.913456 -0.200831 -0.346433 11 102 83
0.895024 -0.198158 -0.356584 244 102 81
-0.431164 -0.203971 0.892500 73 102 240
-0.281692 -0.201744 -0.938500 92 102 8
0.845386 -0.202742 0.503963 235 102 191
-0.937407 -0.197296 0.193985 5 102 153
0.587013 -0.206853 -0.813431 201 102 26
0.113611 -0.201621 0.970619 142 102 252
-0.728148 -0.198651 -0.629223 33 102 46
0.991924 -0.204947 -0.028757 252 102 124
-0.702400 -0.202291 0.681930 38 102 214
0.057571 -0.203385 -0.982078 135 102 3
0.604616 -0.198143 0.742992 206 102 224
-0.991730 -0.207453 -0.145924 4 102 109
0.809275 -0.202416 -0.548369 231 102 57
-0.222548 -0.199148 0.935173 99 102 249
-0.483243 -0.205916 -0.867993 67 102 18
0.928119 -0.202846 0.308771 246 102 167
-0.897628 -0.204016 0.401354 14 102 178
0.380978 -0.199005 -0.879671 177 102 13
0.327343 -0.208040 0.946635 168 102 245
-0.859942 -0.203214 -0.465601 18 102 68
0.931491 -0.199650 -0.233277 249 102 97
-0.548152 -0.206877 0.829799 59 102 232
-0.153632 -0.203410 -0.965185 108 102 4
0.769474 -0.204635 0.611270 225 102 205
-0.957037 -0.199883 0.067403 3 101 136
0.688646 -0.208614 -0.726210 213 101 37
-0.016849 -0.204014 0.978094 125 101 252
-0.635692 -0.200159 -0.718385 45 101 34
0.990050 -0.207828 0.104101 252 101 141
-0.785140 -0.203982 0.580756 27 101 202
0.187699 -0.205242 -0.964014 151 101 5
0.501362 -0.200775 0.818974 193 101 234
-0.961031 -0.209177 -0.276179 8 101 93
0.876083 -0.204817 -0.436011 239 101 72
-0.344191 -0.200674 0.894359 83 101 244
-0.364283 -0.208770 -0.927482 82 101 11
0.876640 -0.204565 0.428790 240 101 182
-0.941395 -0.205838 0.277562 8 101 163
0.496183 -0.201682 -0.823178 192 101 21
0.197667 -0.209729 0.979250 152 101 250
-0.791011 -0.205621 -0.576722 27 101 54
0.951430 -0.201198 -0.106663 251 101 114
-0.655776 -0.209701 0.751435 45 101 222
-0.023505 -0.205158 -0.974958 124 101 3
0.679727 -0.206422 0.706999 214 101 217
-0.960182 -0.202602 -0.060989 3 101 120
0.777172 -0.210271 -0.626154 225 101 49
-0.147281 -0.206424 0.968136 109 101 251
-0.532697 -0.201731 -0.794465 58 101 24
0.969914 -0.210620 0.235821 249 101 157
-0.853870 -0.205761 0.469938 18 101 188
0.313891 -0.206994 -0.928364 167 101 9
0.388840 -0.203536 0.881151 178 101 242
-0.912959 -0.210804 -0.400695 13 101 77
0.927373 -0.207227 -0.315625 246 101 87
-0.459131 -0.202273 0.838201 68 101 237
-0.237942 -0.211528 -0.970179 98 101 6
0.810150 -0.206375 0.540867 231 101 197
-0.967753 -0.207556 0.149204 4 101 147
0.603424 -0.204482 -0.752035 206 101 30
0.065124 -0.211327 0.993844 136 101 252
-0.707770 -0.208029 -0.677747 37 101 41
0.954717 -0.202827 0.021106 252 101 130
-0.751835 -0.212422 0.658780 34 101 210
0.106535 -0.206999 -0.967771 141 101 4
0.577951 -0.208107 0.789372 201 101 228
-0.946604 -0.205439 -0.189107 5 101 103
0.851049 -0.211843 -0.515307 234 101 63
-0.275337 -0.208829 0.940787 92 101 247
-0.420996 -0.203391 -0.856360 72 101 16
0.931738 -0.213302 0.363804 244 101 173
-0.907546 -0.207636 0.351352 11 101 173
0.433747 -0.208647 -0.875924 183 101 16
0.268795 -0.206408 0.928331 162 101 247
-0.848621 -0.212352 -0.517180 21 101 63
0.962093 -0.209625 -0.189324 250 101 103
-0.565556 -0.203969 0.767799 54 101 228
-0.106645 -0.214168 -0.995095 114 101 4
0.729817 -0.208283 0.643209 221 101 210
-0.976315 -0.209177 0.018773 3 101 130
0.700820 -0.207387 -0.667237 218 101 42
-0.067758 -0.212855 0.990356 119 101 252
-0.611620 -0.210417 -0.766759 50 101 30
0.941480 -0.204559 0.147928 251 101 147
-0.834337 -0.215019 0.553551 24 101 196
0.234359 -0.208942 -0.943820 158 101 7
0.466183 -0.209699 0.856918 187 101 237
-0.916309 -0.208375 -0.314805 10 101 87
0.909072 -0.213352 -0.395874 242 101 78
-0.398659 -0.211205 0.896411 77 101 241
-0.302494 -0.205163 -0.903212 88 101 9
0.876148 -0.215855 0.485489 237 101 188
-0.945346 -0.209612 0.226969 6 101 157
0.545036 -0.210211 -0.807833 197 101 24
0.143145 -0.209371 0.959513 146 101 251
-0.769417 -0.213846 -0.623566 31 101 49
0.979480 -0.211987 -0.059386 252 101 120
-0.661826 -0.205781 0.684428 41 101 217
0.027032 -0.216676 -1.001623 131 101 3
0.636997 -0.210294 0.734170 209 101 222
-0.967081 -0.210715 -0.111236 4 101 113
0.786575 -0.210375 -0.570030 228 101 54
-0.198519 -0.214336 0.969082 102 101 250
-0.504246 -0.212763 -0.842026 63 100 21
0.912079 -0.206415 0.271773 247 100 163
-0.901566 -0.217480 0.437772 15 100 182
0.357880 -0.210987 -0.903531 173 100 12
0.346635 -0.211211 0.908500 172 100 244
-0.869569 -0.211386 -0.435895 16 100 72
0.950384 -0.214823 -0.270162 247 100 93
-0.514923 -0.213532 0.835716 62 100 234
-0.179143 -0.207064 -0.934393 104 100 5
0.804170 -0.218268 0.598420 227 100 202
-0.966672 -0.211690 0.098832 4 100 140
0.645748 -0.211701 -0.725533 210 100 34
0.013975 -0.212401 0.973915 129 100 252
-0.676991 -0.215310 -0.718046 42 100 37
0.979098 -0.214293 0.071788 252 100 137
-0.746482 -0.207729 0.589510 30 100 205
0.160433 -0.219039 -0.989560 147 100 5
0.533217 -0.212405 0.812263 196 100 232
-0.940415 -0.212185 -0.238390 7 100 97
0.859020 -0.213421 -0.461911 237 100 69
-0.324815 -0.215795 0.930647 86 100 245
-0.387593 -0.215046 -0.902052 78 100 13
0.867084 -0.208411 0.390694 241 100 179
-0.952134 -0.219793 0.313721 9 100 166
0.475068 -0.213130 -0.847563 188 100 19
0.221625 -0.212663 0.943335 156 100 249
-0.806944 -0.214444 -0.550184 25 100 57
0.974465 -0.216282 -0.140520 251 100 110
-0.621898 -0.215790 0.759752 49 100 224
-0.052920 -0.209110 -0.949495 121 100 3
0.717206 -0.220530 0.700324 217 100 214
-0.971155 -0.213866 -0.030951 3 100 124
0.734138 -0.213137 -0.630719 222 100 46
-0.116491 -0.215470 0.971019 113 100 251
-0.573175 -0.216769 -0.799091 55 100 26
0.960861 -0.216524 0.201723 249 100 153
-0.818242 -0.209826 0.484596 20 100 191
0.290893 -0.221251 -0.959125 164 100 8
0.420173 -0.214611 0.876177 181 100 240
-0.897021 -0.213608 -0.360374 12 100 81
0.916654 -0.216496 -0.344633 244 100 84
-0.444462 -0.217259 0.875965 71 100 239
-0.263831 -0.217247 -0.945626 94 100 8
0.807259 -0.210560 0.502838 233 100 193
-0.985026 -0.221955 0.183873 5 100 150
0.583965 -0.215366 -0.776804 202 100 28
0.093517 -0.214076 0.960996 140 100 251
-0.729308 -0.217523 -0.655513 35 100 44
0.981123 -0.217753 -0.009291 252 100 126
-0.717509 -0.217960 0.669903 37 100 212
0.074184 -0.211311 -0.948323 137 100 3
0.616998 -0.222641 0.789174 204 100 226
-0.958669 -0.216129 -0.160228 5 100 107
0.808751 -0.214543 -0.525284 232 100 60
-0.245914 -0.218548 0.950604 96 100 248
-0.459944 -0.218250 -0.865458 69 100 18
0.925052 -0.218662 0.327933 245 100 169
-0.875999 -0.212080 0.371347 13 100 176
0.415817 -0.223312 -0.910948 179 100 14
0.299718 -0.216900 0.924789 166 100 246
-0.837908 -0.215008 -0.475043 19 100 66
0.958194 -0.219571 -0.220189 249 100 100
-0.555460 -0.218753 0.806204 57 100 230
-0.135309 -0.219352 -0.971866 110 100 4
0.733548 -0.212867 0.606449 223 100 207
-0.999626 -0.223966 0.050824 3 100 134
0.682708 -0.217679 -0.692375 215 100 39
-0.035336 -0.215475 0.961395 123 100 252
-0.637851 -0.220591 -0.749809 47 100 33
0.970465 -0.219261 0.121230 251 100 143
-0.799894 -0.220030 0.567862 26 100 200
0.200176 -0.213672 -0.930885 154 100 6
0.505577 -0.224604 0.863245 190 100 235
-0.929339 -0.218465 -0.286817 9 100 91
0.868440 -0.215942 -0.411265 240 100 74
-0.371886 -0.221606 0.912778 81 100 243
-0.339366 -0.219776 -0.916188 84 100 11
0.872333 -0.220695 0.447983 238 100 184
-0.918824 -0.214494 0.251528 8 99 160
0.532750 -0.225226 -0.846054 194 99 22
0.173850 -0.219258 0.957194 150 99 250
-0.764348 -0.216412 -0.580459 28 99 52
0.982623 -0.222615 -0.090785 251 99 116
-0.656015 -0.220298 0.722744 44 99 220
-0.004501 -0.221349 -0.980247 127 99 3
0.647076 -0.215335 0.699874 212 99 219
-0.995731 -0.225834 -0.082782 4 99 117
0.769555 -0.220055 -0.595633 226 99 51
-0.162646 -0.216886 0.944767 106 99 250
-0.534082 -0.223618 -0.831144 60 99 23
0.942881 -0.220829 0.248830 248 99 159
-0.867457 -0.221989 0.455594 17 99 185
0.323066 -0.216192 -0.897397 170 99 11
0.385200 -0.226426 0.921158 175 99 242
-0.883559 -0.220858 -0.408535 15 99 75
0.912367 -0.217364 -0.290782 246 99 90
-0.491982 -0.224613 0.858003 66 99 235
-0.213567 -0.221368 -0.950600 100 99 6
0.803729 -0.222617 0.559556 230 99 199
-0.945970 -0.217066 0.127003 4 99 144
0.639446 -0.227005 -0.765823 207 99 32
0.044700 -0.221664 0.972723 133 99 252
-0.677826 -0.217848 -0.674914 39 99 40
0.989241 -0.225599 0.041193 252 99 133
-0.744547 -0.221916 0.627139 32 99 208
0.126062 -0.223231 -0.970628 144 99 4
0.549141 -0.217957 0.781573 199 99 229
-0.973547 -0.227570 -0.214324 6 99 101
0.842918 -0.222473 -0.488165 235 99 65
-0.286233 -0.218338 0.911638 90 99 246
-0.419815 -0.226575 -0.897791 75 99 15
0.899006 -0.222475 0.371399 242 99 175
-0.918921 -0.223833 0.335289 11 99 170
0.440876 -0.218864 -0.848285 185 99 17
0.258285 -0.228122 0.961909 160 99 248
-0.822006 -0.223284 -0.523224 23 99 61
0.939996 -0.218836 -0.165994 250 99 106
-0.603823 -0.227541 0.787112 52 99 226
-0.084698 -0.223044 -0.968281 117 99 4
0.720607 -0.224422 0.660515 219 99 211
-0.956883 -0.219787 -0.000275 3 99 127
0.733916 -0.228662 -0.671940 219 99 44
-0.085495 -0.224097 0.970975 117 99 251
-0.579993 -0.219343 -0.756947 52 99 29
0.977700 -0.228495 0.173231 250 99 149
-0.819694 -0.223624 0.521092 23 99 194
0.253857 -0.224999 -0.943255 160 99 8
0.441218 -0.220725 0.850135 185 99 238
-0.933668 -0.229191 -0.341278 11 99 85
0.901400 -0.224910 -0.371782 242 99 80
-0.404052 -0.219859 0.862791 75 99 240
-0.297142 -0.229437 -0.948288 90 99 9
0.839707 -0.224216 0.486950 235 99 190
-0.953355 -0.225563 0.209306 6 99 154
0.551656 -0.221677 -0.784195 199 99 26
0.127338 -0.229710 0.984878 143 99 251
-0.745646 -0.225723 -0.628797 33 99 47
0.951074 -0.220386 -0.039056 252 99 122
-0.705140 -0.230365 0.701306 39 99 215
0.045089 -0.224819 -0.969068 133 99 3
0.624640 -0.226115 0.748964 207 99 223
-0.951220 -0.222642 -0.128263 4 99 111
0.814478 -0.230219 -0.566346 229 99 57
-0.214421 -0.226534 0.951845 100 99 249
-0.472627 -0.220924 -0.825346 66 99 20
0.948037 -0.231279 0.302749 246 99 165
-0.880313 -0.225434 0.406421 15 99 180
0.376436 -0.226655 -0.898751 175 99 13
0.324962 -0.223621 0.904293 169 99 244
-0.877046 -0.230719 -0.461272 18 99 70
0.943831 -0.227343 -0.248501 248 99 96
-0.514221 -0.221475 0.799227 60 99 232
-0.168388 -0.232178 -0.981487 107 99 5
0.766056 -0.226062 0.593629 226 99 204
-0.970203 -0.227184 0.080099 4 99 138
0.653499 -0.224611 -0.706007 212 99 36
-0.005113 -0.231212 0.989830 127 98 252
-0.655740 -0.228149 -0.723275 44 98 36
0.945615 -0.222039 0.087913 251 98 139
-0.793846 -0.233062 0.602142 29 98 203
0.173662 -0.226701 -0.953044 150 98 5
0.517757 -0.227703 0.823292 194 98 233
-0.928868 -0.225613 -0.254851 8 98 95
0.879774 -0.231698 -0.451167 238 98 71
-0.339725 -0.228951 0.915544 84 98 244
-0.357594 -0.222617 -0.879143 81 98 13
0.900690 -0.233929 0.427171 240 98 181
-0.925483 -0.227354 0.285046 9 98 164
0.491496 -0.228210 -0.838099 190 98 20
0.202206 -0.226625 0.942954 154 98 249
-0.804945 -0.232178 -0.572143 26 98 56
0.969315 -0.229748 -0.120521 251 98 112
-0.615027 -0.223210 0.722138 47 98 222
-0.036057 -0.234780 -0.996603 123 98 3
0.679316 -0.228018 0.689727 215 98 216
-0.969290 -0.228709 -0.049839 4 98 121
0.744571 -0.227646 -0.614842 223 98 48
-0.136581 -0.232653 0.976900 110 98 250
-0.553839 -0.230539 -0.804840 57 98 25
0.923871 -0.223819 0.212860 248 98 155
-0.868098 -0.235614 0.491500 20 98 189
0.298920 -0.228695 -0.920524 166 98 9
0.402088 -0.229198 0.882213 179 98 240
-0.889970 -0.228675 -0.377872 13 98 79
0.928793 -0.233124 -0.328660 244 98 86
-0.459070 -0.231323 0.862618 69 98 237
-0.236816 -0.224444 -0.917607 96 98 7
0.836501 -0.236431 0.543991 232 98 195
-0.954501 -0.229385 0.158968 5 98 148
0.596928 -0.229679 -0.762602 204 98 30
0.074950 -0.229711 0.965234 137 98 251
-0.718895 -0.233593 -0.671970 37 98 43
0.977261 -0.232100 0.009816 252 98 129
-0.704933 -0.225086 0.632873 35 98 210
0.097231 -0.237229 -0.993249 140 98 4
0.580927 -0.230086 0.773686 202 98 227
-0.950813 -0.230152 -0.178052 6 98 105
0.823143 -0.230754 -0.512077 233 98 62
-0.264677 -0.234060 0.946561 94 98 247
-0.441764 -0.232868 -0.871889 71 98 17
0.886311 -0.225745 0.333806 244 98 171
-0.926356 -0.238010 0.371542 12 98 174
0.418813 -0.230800 -0.872055 181 98 16
0.279898 -0.230619 0.924784 163 98 246
-0.834950 -0.231801 -0.495139 21 98 64
0.960864 -0.234527 -0.201148 249 98 102
-0.570183 -0.233628 0.793957 55 98 228
-0.112250 -0.226422 -0.940229 113 98 4
0.756697 -0.238772 0.650855 222 98 208
-0.966891 -0.231524 0.030260 4 98 131
0.690871 -0.231080 -0.673835 216 98 41
-0.054649 -0.232852 0.970489 121 98 251
-0.620637 -0.234993 -0.759101 49 98 32
0.967421 -0.234377 0.140071 250 98 145
-0.782581 -0.227117 0.532915 25 98 197
0.228818 -0.239516 -0.971449 156 98 7
0.472500 -0.232260 0.844117 188 98 236
-0.915320 -0.231536 -0.302174 10 98 89
0.887635 -0.233905 -0.399342 241 98 77
-0.387149 -0.235462 0.899595 78 98 241
-0.321578 -0.235117 -0.923077 87 98 10
0.833606 -0.227832 0.448862 237 98 186
-0.967436 -0.240241 0.244648 7 98 158
0.531355 -0.233007 -0.808414 196 98 24
0.153527 -0.231988 0.950417 147 98 250
-0.764531 -0.234959 -0.604477 30 98 51
0.975645 -0.235932 -0.070972 251 98 119
-0.670919 -0.235845 0.710788 42 98 218
0.014128 -0.228565 -0.946715 129 98 4
0.662865 -0.240949 0.745625 210 98 220
-0.962412 -0.233764 -0.098955 4 98 115
0.771740 -0.232437 -0.573600 227 98 54
-0.184308 -0.236014 0.958356 104 98 249
-0.512077 -0.236406 -0.832167 63 98 22
0.939906 -0.236562 0.267767 247 98 161
-0.846785 -0.229317 0.423866 17 97 183
0.356079 -0.241638 -0.931646 172 97 12
0.355809 -0.234531 0.899811 173 97 243
-0.863681 -0.232885 -0.419988 16 97 73
0.936662 -0.237067 -0.278513 246 97 92
-0.501920 -0.236885 0.837051 64 97 234
-0.195547 -0.237267 -0.957370 103 97 6
0.766613 -0.230088 0.556234 228 97 200
-0.990539 -0.242308 0.113358 4 97 142
0.634642 -0.235306 -0.730608 209 97 34
0.025327 -0.233331 0.958872 131 97 251
-0.679752 -0.238119 -0.703774 41 97 38
0.973108 -0.237368 0.059560 251 97 135
-0.759317 -0.237959 0.614658 31 97 205
0.140333 -0.230879 -0.936978 146 97 5
0.556899 -0.242962 0.826439 197 97 230
-0.941068 -0.236090 -0.226513 7 97 99
0.838253 -0.233778 -0.463862 236 97 68
-0.311652 -0.239166 0.928787 88 97 245
-0.395233 -0.237858 -0.890084 77 97 14
0.895202 -0.238638 0.390446 241 97 177
-0.896536 -0.231689 0.307436 10 97 168
0.476498 -0.243597 -0.874681 187 97 19
0.232778 -0.236882 0.939759 157 97 248
-0.797045 -0.234226 -0.529468 24 97 59
0.969082 -0.240209 -0.151695 250 97 108
-0.607109 -0.238355 0.760208 50 97 224
-0.066083 -0.239304 -0.974079 119 97 4
0.686364 -0.232519 0.654226 217 97 213
-0.995276 -0.244216 -0.019709 4 97 125
0.726879 -0.237680 -0.639878 220 97 46
-0.102390 -0.234677 0.950236 114 97 251
-0.581971 -0.241246 -0.791035 54 97 28
0.953514 -0.238860 0.188205 249 97 151
-0.833661 -0.239957 0.507407 22 97 192
0.264382 -0.233367 -0.911133 162 97 9
0.440953 -0.244818 0.891762 182 97 238
-0.903126 -0.238485 -0.350238 12 97 83
0.889433 -0.235131 -0.346698 243 97 83
-0.434268 -0.242275 0.882078 73 97 239
-0.272198 -0.239374 -0.932046 93 97 9
0.834165 -0.240595 0.505738 233 97 192
-0.931002 -0.234234 0.185434 6 97 152
0.587736 -0.245404 -0.801772 201 97 28
0.105470 -0.239295 0.963183 141 97 251
-0.716797 -0.235590 -0.628806 34 97 46
0.984046 -0.243297 -0.021189 251 97 125
-0.701042 -0.239897 0.670534 38 97 213
0.064312 -0.241220 -0.972887 136 97 4
0.594071 -0.235120 0.741250 205 97 224
-0.981665 -0.245975 -0.151926 5 97 109
0.806408 -0.240109 -0.537700 230 97 59
-0.227401 -0.236055 0.924904 98 97 248
-0.472859 -0.244309 -0.864439 68 97 19
0.917381 -0.240430 0.312813 245 97 167
-0.892529 -0.241831 0.391118 14 97 177
0.384297 -0.236024 -0.869505 178 97 14
0.317367 -0.246531 0.940421 167 97 245
-0.849126 -0.240927 -0.467962 19 97 68
0.924609 -0.236527 -0.224244 248 97 98
-0.549755 -0.245311 0.818888 59 97 230
-0.145103 -0.240974 -0.957518 109 97 5
0.758003 -0.242428 0.611428 224 97 205
-0.949539 -0.236945 0.059766 4 97 135
0.687692 -0.247074 -0.714463 213 97 38
-0.023932 -0.241747 0.969554 124 97 251
-0.624507 -0.237007 -0.716434 46 97 34
0.981041 -0.246301 0.110553 250 97 141
-0.782264 -0.241530 0.569658 28 97 200
0.193112 -0.243012 -0.953860 152 97 6
0.491120 -0.237883 0.815837 191 97 233
-0.950124 -0.247603 -0.280728 9 97 92
0.871742 -0.242569 -0.425774 239 97 73
-0.347608 -0.237496 0.883537 82 97 243
-0.354375 -0.247278 -0.922401 83 97 12
0.865468 -0.242097 0.431348 238 97 183
-0.934831 -0.243581 0.268069 9 97 162
0.498120 -0.238837 -0.812631 192 97 22
0.188602 -0.248119 0.971624 151 96 249
-0.779896 -0.243392 -0.577570 28 96 54
0.943401 -0.237995 -0.098649 250 96 115
-0.655794 -0.248242 0.740246 45 96 220
-0.016090 -0.242676 -0.966223 125 96 4
0.668248 -0.244137 0.705510 213 96 217
-0.951703 -0.239807 -0.067576 4 96 119
0.774546 -0.248624 -0.614575 224 96 51
-0.153153 -0.244214 0.958628 108 96 250
-0.521891 -0.238506 -0.791031 59 96 24
0.959925 -0.249192 0.240984 247 96 158
-0.849534 -0.243268 0.459336 19 96 186
0.317840 -0.244680 -0.917450 168 96 11
0.379074 -0.240792 0.876652 177 96 241
-0.901440 -0.249119 -0.403680 15 96 77
0.921607 -0.245035 -0.306018 245 96 89
-0.461062 -0.239029 0.827035 67 96 235
-0.228735 -0.250127 -0.963628 99 96 7
0.798746 -0.243873 0.541903 230 96 197
-0.959842 -0.245211 0.140669 5 96 145
0.603929 -0.241791 -0.741277 206 96 32
0.057173 -0.249604 0.984961 135 96 251
-0.696556 -0.245853 -0.677033 39 96 41
0.945703 -0.239565 0.027960 251 96 131
-0.750216 -0.251045 0.647541 34 96 208
0.112707 -0.244491 -0.958129 142 96 5
0.566710 -0.245729 0.786247 200 96 228
-0.937270 -0.242803 -0.194518 6 96 102
0.846797 -0.250081 -0.504146 234 96 64
-0.279863 -0.246669 0.930466 92 96 246
-0.410765 -0.240115 -0.851522 74 96 16
0.920951 -0.251947 0.367526 242 96 173
-0.901833 -0.245123 0.341433 12 96 171
0.436130 -0.246235 -0.864474 183 96 17
0.259676 -0.243827 0.922523 161 96 246
-0.836734 -0.250550 -0.518527 22 96 62
0.954979 -0.247480 -0.180542 249 96 105
-0.565977 -0.240681 0.756498 53 96 226
-0.098360 -0.252832 -0.987168 115 96 5
0.718383 -0.245768 0.642708 220 96 210
-0.967212 -0.246730 0.011387 4 96 129
0.699856 -0.244862 -0.656446 218 96 43
-0.074422 -0.251013 0.980400 118 96 251
-0.600518 -0.248286 -0.764461 51 96 30
0.931654 -0.241262 0.153508 249 96 148
-0.831065 -0.253699 0.542503 24 96 195
0.239182 -0.246427 -0.933441 158 96 8
0.455422 -0.247215 0.852206 186 96 236
-0.906260 -0.245907 -0.318924 11 96 86
0.903280 -0.251470 -0.385369 241 96 79
-0.401719 -0.249086 0.885457 76 96 240
-0.293019 -0.241860 -0.897070 89 96 10
0.864772 -0.254547 0.487645 235 96 188
-0.938356 -0.247099 0.217906 7 96 155
0.545788 -0.247689 -0.796085 197 96 26
0.134845 -0.246961 0.952466 145 96 250
-0.757411 -0.251923 -0.623245 32 96 49
0.971124 -0.249879 -0.051618 251 96 121
-0.660745 -0.242476 0.673196 41 96 216
0.034189 -0.255376 -0.992451 132 96 4
0.625732 -0.247784 0.732140 208 96 221
-0.956970 -0.248155 -0.117306 5 96 112
0.784127 -0.248023 -0.559389 228 96 56
-0.203755 -0.252373 0.958260 102 96 248
-0.493475 -0.250664 -0.838150 65 96 21
0.901623 -0.243110 0.275990 246 96 164
-0.896663 -0.256187 0.427161 16 96 181
0.361268 -0.248482 -0.892595 174 96 13
0.336584 -0.248612 0.902291 171 96 243
-0.858963 -0.249092 -0.438620 18 96 71
0.943172 -0.252821 -0.260530 246 96 95
-0.516422 -0.251440 0.824329 62 96 232
-0.170585 -0.243762 -0.927065 105 96 6
0.792438 -0.256977 0.598918 226 96 202
-0.958522 -0.249194 0.090785 5 96 139
0.644845 -0.249062 -0.713734 210 96 36
0.006658 -0.250166 0.965722 128 96 251
-0.665113 -0.253268 -0.716066 44 96 37
0.969634 -0.252207 0.078364 251 96 137
-0.743929 -0.244434 0.578544 30 95 203
0.166272 -0.257748 -0.979311 148 95 6
0.522317 -0.249918 0.808734 194 95 231
-0.929502 -0.249506 -0.243011 8 95 96
0.855092 -0.251244 -0.451615 237 95 70
-0.328519 -0.253715 0.919181 86 95 244
-0.377375 -0.252963 -0.896637 80 95 14
0.856184 -0.245125 0.393486 240 95 179
-0.945665 -0.258499 0.303795 10 95 165
0.476956 -0.250654 -0.836256 189 95 20
0.212497 -0.249944 0.935753 155 95 248
-0.795957 -0.252325 -0.551428 26 95 57
0.965982 -0.254164 -0.131955 250 95 111
-0.621769 -0.253708 0.748149 49 95 222
-0.045420 -0.245837 -0.941116 122 95 4
0.705368 -0.259231 0.699111 215 95 214
-0.961981 -0.251402 -0.037838 4 95 123
0.731593 -0.250378 -0.619114 222 95 48
-0.122663 -0.253407 0.961796 112 95 250
-0.561664 -0.254615 -0.795495 56 95 27
0.950453 -0.254442 0.206946 248 95 154
-0.814269 -0.246568 0.474081 21 95 190
0.295252 -0.259942 -0.947998 164 95 10
0.409828 -0.252160 0.871199 180 95 239
-0.885532 -0.250809 -0.363447 13 95 81
0.911274 -0.254490 -0.334880 243 95 85
-0.446564 -0.255070 0.864086 71 95 237
-0.254385 -0.255163 -0.938747 95 95 8
0.796101 -0.247321 0.504163 232 95 193
-0.977097 -0.260634 0.174867 6 95 149
0.584309 -0.252930 -0.765318 202 95 29
0.085501 -0.251237 0.952197 139 95 250
-0.718130 -0.255572 -0.655208 36 95 44
0.971541 -0.255529 -0.001959 251 95 127
-0.715717 -0.255871 0.658315 37 95 211
0.080504 -0.248094 -0.939038 138 95 5
0.605314 -0.261306 0.786237 203 95 225
-0.948620 -0.253709 -0.165826 6 95 106
0.804617 -0.251664 -0.514113 231 95 61
-0.250791 -0.256651 0.940491 96 95 247
-0.449025 -0.255994 -0.860324 70 95 18
0.913893 -0.256566 0.331665 243 95 170
-0.870677 -0.248888 0.361459 14 95 175
0.418567 -0.261959 -0.899171 180 95 16
0.290113 -0.254498 0.918436 165 95 245
-0.826080 -0.252091 -0.476508 21 95 66
0.951417 -0.257727 -0.211178 248 95 101
-0.555927 -0.256465 0.794147 57 95 228
-0.126848 -0.257247 -0.963629 111 95 5
0.722322 -0.249703 0.606287 222 95 207
-0.990382 -0.262593 0.042956 4 95 133
0.681485 -0.255295 -0.680909 215 95 40
-0.042078 -0.252520 0.951560 122 95 251
-0.626689 -0.258798 -0.747912 48 95 33
0.959978 -0.256944 0.127194 250 95 144
-0.796439 -0.257914 0.556528 26 95 198
0.205211 -0.250538 -0.920849 154 95 7
0.494308 -0.263209 0.858616 189 95 234
-0.918579 -0.256099 -0.291013 10 95 90
0.862806 -0.252951 -0.400751 239 95 76
-0.375333 -0.259862 0.901940 80 95 241
-0.329245 -0.257431 -0.909623 86 95 12
0.860637 -0.258566 0.450115 237 95 185
-0.912240 -0.251394 0.242432 8 95 159
0.533802 -0.263807 -0.833876 194 95 24
0.165162 -0.256911 0.949557 149 95 249
-0.752419 -0.253386 -0.580292 30 95 52
0.974536 -0.260919 -0.082717 250 95 117
-0.654847 -0.257928 0.710740 44 95 218
0.002779 -0.259204 -0.970797 128 95 4
0.635965 -0.252270 0.698225 210 95 219
-0.985354 -0.264387 -0.089319 5 95 116
0.766765 -0.257728 -0.584387 225 95 53
-0.167987 -0.253826 0.934097 106 95 249
-0.523155 -0.261968 -0.827639 62 95 23
0.931690 -0.258434 0.253319 246 95 160
-0.862378 -0.259826 0.444757 18 95 184
0.326728 -0.253166 -0.886773 170 95 12
0.374601 -0.264951 0.914912 174 94 241
-0.872268 -0.258550 -0.411233 16 94 75
0.905352 -0.254271 -0.281130 245 94 91
-0.493883 -0.263006 0.846632 65 94 234
-0.204431 -0.258952 -0.942736 101 94 7
0.791731 -0.260434 0.560010 228 94 199
-0.938226 -0.254082 0.118851 5 94 143
0.638751 -0.265499 -0.753503 207 94 34
0.037098 -0.259376 0.963918 132 94 251
-0.666030 -0.254724 -0.673129 41 94 40
0.979961 -0.264033 0.048125 250 94 134
-0.741774 -0.259480 0.615412 33 94 206
0.131984 -0.261027 -0.960141 144 94 6
0.538329 -0.255016 0.778456 198 94 229
-0.962249 -0.266031 -0.219369 7 94 100
0.838584 -0.260205 -0.477344 234 94 67
-0.290077 -0.255186 0.900347 90 94 245
-0.409351 -0.265048 -0.892695 76 94 16
0.887323 -0.260021 0.374339 241 94 175
-0.912295 -0.261605 0.325188 12 94 169
0.443095 -0.255969 -0.837244 185 94 19
0.248595 -0.266550 0.954162 159 94 247
-0.810376 -0.261036 -0.524350 24 94 61
0.931746 -0.255657 -0.157385 249 94 107
-0.604087 -0.266050 0.775420 52 94 225
-0.076710 -0.260575 -0.959268 118 94 5
0.708555 -0.262168 0.659254 218 94 211
-0.948096 -0.256939 -0.007339 4 94 127
0.731470 -0.267054 -0.659746 219 94 45
-0.091853 -0.261868 0.961139 116 94 250
-0.568556 -0.256139 -0.753590 53 94 29
0.967378 -0.267037 0.178848 248 94 150
-0.815375 -0.261142 0.509853 23 94 193
0.258274 -0.262717 -0.931935 160 94 9
0.430887 -0.257927 0.845585 183 94 237
-0.921684 -0.267547 -0.344706 12 94 84
0.895569 -0.262700 -0.361590 242 94 81
-0.406339 -0.256633 0.851099 74 94 239
-0.287373 -0.268009 -0.941653 92 94 10
0.827746 -0.261722 0.488293 233 94 190
-0.945298 -0.263251 0.200163 7 94 153
0.552377 -0.258930 -0.772914 199 94 27
0.118775 -0.268027 0.975783 142 94 250
-0.733884 -0.263530 -0.628298 34 94 48
0.941755 -0.257140 -0.031645 250 94 123
-0.703709 -0.268965 0.689526 40 94 214
0.051791 -0.262316 -0.959073 134 94 5
0.612789 -0.263772 0.745989 206 94 223
-0.941522 -0.259949 -0.134108 6 94 110
0.810319 -0.268498 -0.554540 229 94 58
-0.219392 -0.264359 0.941138 100 94 247
-0.461762 -0.257661 -0.820493 67 94 20
0.936854 -0.269904 0.306892 244 94 166
-0.874531 -0.262925 0.395870 15 94 178
0.379236 -0.264280 -0.886827 176 94 14
0.315292 -0.260981 0.898365 168 94 244
-0.864626 -0.268959 -0.463000 19 94 69
0.936582 -0.265184 -0.239142 247 94 97
-0.514920 -0.258198 0.787355 60 94 230
-0.159541 -0.270825 -0.973403 108 94 6
0.754030 -0.263548 0.593357 224 94 204
-0.960869 -0.264775 0.072122 5 94 137
0.652686 -0.262027 -0.694670 212 94 38
-0.012362 -0.269411 0.979573 126 94 250
-0.644063 -0.266005 -0.721125 46 94 36
0.935409 -0.258750 0.094001 250 94 140
-0.790695 -0.271727 0.590520 29 94 201
0.178960 -0.264185 -0.942246 150 94 7
0.506361 -0.265257 0.818647 192 94 232
-0.918406 -0.263086 -0.259356 9 94 94
0.873983 -0.269857 -0.440001 237 94 72
-0.343185 -0.266820 0.904148 84 94 242
-0.347493 -0.259319 -0.872897 82 94 13
0.888858 -0.272610 0.429703 238 94 181
-0.918340 -0.264837 0.275369 10 94 163
0.492601 -0.265728 -0.825816 190 94 22
0.193371 -0.264155 0.935722 152 94 248
-0.792349 -0.270297 -0.572127 28 94 56
0.960752 -0.267629 -0.112192 250 94 113
-0.614140 -0.259906 0.710304 47 93 220
-0.028351 -0.273474 -0.987200 124 93 5
0.667436 -0.265503 0.687845 213 93 216
-0.958862 -0.266189 -0.056472 5 93 120
0.742207 -0.265233 -0.603643 223 93 50
-0.142360 -0.270732 0.965691 110 93 249
-0.542473 -0.268431 -0.801042 59 93 26
0.912968 -0.260512 0.217526 247 93 156
-0.863244 -0.274317 0.480291 20 93 187
0.302722 -0.266184 -0.909111 166 93 11
0.391389 -0.266640 0.875981 178 93 240
-0.878909 -0.266321 -0.380932 15 93 79
0.921486 -0.271163 -0.318366 244 93 87
-0.460916 -0.269224 0.850737 69 93 236
-0.227654 -0.261137 -0.910089 98 93 8
0.824256 -0.275139 0.544812 230 93 195
-0.946121 -0.266879 0.150334 6 93 147
0.596303 -0.267081 -0.750214 204 93 31
0.067124 -0.267416 0.956794 136 93 250
-0.706383 -0.271592 -0.670209 38 93 43
0.967520 -0.270008 0.016930 250 93 130
-0.702488 -0.261782 0.621285 36 93 209
0.103598 -0.275941 -0.982691 140 93 5
0.569399 -0.267588 0.770224 200 93 226
-0.939503 -0.267515 -0.183192 7 93 104
0.819233 -0.268516 -0.501214 232 93 63
-0.268868 -0.272020 0.934631 94 93 246
-0.430937 -0.270782 -0.866478 73 93 18
0.874908 -0.262447 0.336978 242 93 172
-0.919857 -0.276722 0.361000 13 93 172
0.421049 -0.268311 -0.860223 181 93 17
0.270124 -0.267942 0.917086 162 93 245
-0.823468 -0.269622 -0.496663 22 93 64
0.952190 -0.272447 -0.191936 248 93 103
-0.570342 -0.271546 0.781813 55 93 227
-0.104181 -0.263134 -0.931579 114 93 6
0.744295 -0.277481 0.649901 220 93 208
-0.957413 -0.269046 0.022822 5 93 130
0.688520 -0.268362 -0.661601 216 93 42
-0.061301 -0.270730 0.960958 120 93 250
-0.608462 -0.272877 -0.755633 51 93 32
0.956666 -0.272297 0.145802 249 93 146
-0.778629 -0.263841 0.521772 26 93 196
0.233672 -0.278219 -0.959938 157 93 8
0.461526 -0.269795 0.839126 187 93 235
-0.903359 -0.268778 -0.305710 11 93 88
0.882206 -0.271841 -0.389019 240 93 78
-0.389671 -0.273308 0.887184 78 93 240
-0.311519 -0.273036 -0.916124 88 93 11
0.821903 -0.264571 0.450494 235 93 186
-0.959393 -0.278935 0.235021 8 93 157
0.531977 -0.270555 -0.796365 196 93 25
0.144881 -0.269190 0.941410 146 93 249
-0.752825 -0.272952 -0.604394 32 93 51
0.965782 -0.273743 -0.063022 250 93 120
-0.669348 -0.273762 0.698618 43 93 216
0.020971 -0.265323 -0.937087 130 93 5
0.650572 -0.279630 0.742874 208 93 220
-0.951992 -0.271327 -0.105060 6 93 114
0.767710 -0.269599 -0.561770 226 93 55
-0.189629 -0.274062 0.947878 103 93 248
-0.500478 -0.274183 -0.827066 64 93 23
0.928331 -0.274474 0.271966 245 93 162
-0.841400 -0.266097 0.413357 17 93 182
0.359279 -0.280305 -0.919410 172 93 13
0.345583 -0.272109 0.893364 172 93 242
-0.851313 -0.270007 -0.421848 18 93 73
0.929769 -0.275170 -0.268937 245 93 93
-0.502729 -0.274629 0.824405 64 93 232
-0.186476 -0.275172 -0.948980 104 93 7
0.754807 -0.266893 0.556302 226 93 200
-0.981094 -0.280958 0.104875 6 93 141
0.633624 -0.272902 -0.718548 209 93 36
0.017985 -0.270415 0.948738 130 93 250
-0.668033 -0.276274 -0.702037 43 93 39
0.962253 -0.275081 0.066098 250 93 136
-0.756010 -0.275856 0.602709 32 93 204
0.145838 -0.267712 -0.926535 147 93 6
0.544987 -0.281592 0.821914 195 92 230
-0.929878 -0.273704 -0.231165 9 92 98
0.832627 -0.270824 -0.452676 235 92 69
-0.315503 -0.277373 0.917530 88 92 243
-0.384433 -0.275541 -0.883456 79 92 15
0.883026 -0.276524 0.392994 239 92 177
-0.889808 -0.268553 0.297736 11 92 166
0.477942 -0.282205 -0.861975 187 92 20
0.223485 -0.274514 0.931953 156 92 247
-0.784521 -0.271236 -0.529618 26 92 59
0.960810 -0.278465 -0.143072 249 92 109
-0.606197 -0.276011 0.747570 50 92 223
-0.058208 -0.277177 -0.964395 120 92 5
0.674653 -0.269415 0.652729 216 92 213
-0.984609 -0.282799 -0.026841 5 92 124
0.724218 -0.275332 -0.628018 220 92 47
-0.108286 -0.271651 0.939182 113 92 249
-0.570464 -0.279550 -0.787625 56 92 28
0.941877 -0.276490 0.193212 248 92 152
-0.828650 -0.277813 0.495930 22 92 190
0.268454 -0.270300 -0.900047 163 92 10
0.429688 -0.283374 0.885531 181 92 238
-0.891351 -0.276156 -0.353336 14 92 82
0.882330 -0.272071 -0.336375 242 92 84
-0.436525 -0.280625 0.870235 73 92 237
-0.262397 -0.276979 -0.924023 94 92 10
0.821627 -0.278435 0.506550 232 92 192
-0.923038 -0.271206 0.176706 7 92 151
0.587363 -0.283932 -0.788864 201 92 29
0.097288 -0.276986 0.954135 140 92 249
-0.704363 -0.272497 -0.627250 36 92 46
0.974512 -0.281690 -0.013718 250 92 126
-0.698435 -0.277480 0.658143 38 92 211
0.070803 -0.279040 -0.962083 136 92 5
0.582648 -0.272132 0.738205 203 92 224
-0.969989 -0.284472 -0.157531 7 92 108
0.802127 -0.277820 -0.526251 230 92 60
-0.231742 -0.272931 0.913150 97 92 246
-0.461797 -0.282743 -0.859368 70 92 20
0.905184 -0.277994 0.316204 243 92 168
-0.885885 -0.279629 0.380361 15 92 176
0.386862 -0.273079 -0.857955 178 92 16
0.307002 -0.284995 0.932595 166 92 244
-0.836966 -0.278658 -0.469427 21 92 68
0.916175 -0.273374 -0.214981 247 92 100
-0.550322 -0.283784 0.806675 59 92 229
-0.136478 -0.278520 -0.948257 110 92 6
0.745359 -0.280202 0.610455 222 92 205
-0.940463 -0.274046 0.052160 5 92 134
0.685487 -0.285503 -0.701629 213 92 40
-0.030838 -0.279498 0.959405 124 92 250
-0.612405 -0.273827 -0.713214 48 92 35
0.970396 -0.284810 0.116684 249 92 142
-0.778017 -0.279059 0.557739 28 92 199
0.198061 -0.280759 -0.942144 153 92 8
0.480176 -0.275032 0.811281 190 92 233
-0.937679 -0.285997 -0.284667 10 92 92
0.865888 -0.280339 -0.414950 238 92 75
-0.350322 -0.274292 0.871315 82 92 241
-0.343997 -0.285821 -0.915718 84 92 13
0.852936 -0.279613 0.433069 237 92 183
-0.926667 -0.281301 0.258269 10 92 160
0.499120 -0.276036 -0.800804 192 92 24
0.179370 -0.286477 0.962353 150 92 248
-0.767563 -0.281180 -0.577344 30 92 54
0.933807 -0.274769 -0.090615 249 92 116
-0.654605 -0.286816 0.727899 46 92 218
-0.008792 -0.280181 -0.955895 126 92 5
0.655761 -0.281828 0.702744 211 92 217
-0.941652 -0.277057 -0.073920 6 92 118
0.770538 -0.286944 -0.602090 224 92 52
-0.158633 -0.282021 0.947541 107 92 248
-0.510346 -0.275259 -0.786219 61 92 25
0.948351 -0.287794 0.245606 246 92 158
-0.843731 -0.280764 0.448103 19 92 185
0.321121 -0.282340 -0.905053 168 92 12
0.368797 -0.278095 0.870643 175 92 240
-0.888484 -0.287400 -0.405854 16 92 77
0.914257 -0.282859 -0.296030 244 91 90
-0.462109 -0.275765 0.814577 67 91 234
-0.219277 -0.288753 -0.955419 100 91 8
0.786105 -0.281362 0.541927 228 91 197
-0.950308 -0.282837 0.132044 6 91 144
0.603325 -0.279148 -0.729366 205 91 33
0.049277 -0.287845 0.974431 134 91 250
-0.684274 -0.283694 -0.675086 40 91 42
0.935135 -0.276286 0.034625 250 91 132
-0.747238 -0.289694 0.635314 34 91 207
0.118551 -0.281976 -0.946922 143 91 6
0.554643 -0.283321 0.781723 198 91 227
-0.926397 -0.280216 -0.199475 8 91 102
0.841060 -0.288282 -0.492276 233 91 66
-0.283785 -0.284524 0.918628 91 91 244
-0.399987 -0.276825 -0.845219 75 91 17
0.908660 -0.290614 0.370496 241 91 174
-0.894578 -0.282605 0.331085 13 91 170
0.437653 -0.283792 -0.851647 183 91 19
0.250251 -0.281296 0.915136 160 91 245
-0.823536 -0.288711 -0.518883 24 91 62
0.946237 -0.285349 -0.171594 248 91 106
-0.565352 -0.277381 0.744035 54 91 225
-0.090049 -0.291515 -0.977558 116 91 6
0.705856 -0.283250 0.641037 218 91 210
-0.956493 -0.284250 0.004132 5 91 128
0.697630 -0.282389 -0.644651 217 91 45
-0.080810 -0.289133 0.968825 117 91 249
-0.588520 -0.286168 -0.760791 53 91 31
0.920313 -0.277956 0.158694 248 91 148
-0.826308 -0.292394 0.530657 25 91 194
0.243469 -0.283910 -0.921552 159 91 9
0.444031 -0.284697 0.846002 184 91 236
-0.894735 -0.283492 -0.322383 13 91 86
0.895926 -0.289550 -0.374363 240 91 80
-0.403975 -0.286979 0.873074 76 91 238
-0.283196 -0.278551 -0.889402 90 91 11
0.852004 -0.293252 0.488850 233 91 188
-0.929777 -0.284586 0.208623 8 91 154
0.545506 -0.285133 -0.783093 197 91 27
0.126450 -0.284605 0.943800 144 91 249
-0.744243 -0.289963 -0.621770 34 91 49
0.961126 -0.287781 -0.043905 250 91 122
-0.658471 -0.279167 0.660952 41 91 214
0.041142 -0.294087 -0.981604 133 91 5
0.613538 -0.285277 0.728801 206 91 221
-0.945278 -0.285559 -0.123031 6 91 112
0.780282 -0.285725 -0.547917 227 91 57
-0.208502 -0.290373 0.945876 101 91 247
-0.481997 -0.288573 -0.832789 66 91 22
0.889716 -0.279803 0.279615 244 91 164
-0.890178 -0.294901 0.415960 17 91 179
0.363922 -0.285983 -0.880229 174 91 15
0.326112 -0.285977 0.894522 169 91 242
-0.846971 -0.286852 -0.440486 19 91 71
0.934349 -0.290781 -0.250613 245 91 96
-0.516929 -0.289355 0.811629 62 91 230
-0.161883 -0.280462 -0.918177 106 91 7
0.779453 -0.295692 0.598284 224 91 202
-0.948764 -0.286703 0.082731 6 91 138
0.642752 -0.286387 -0.700845 210 91 38
-0.000534 -0.287985 0.955899 127 91 250
-0.652241 -0.291190 -0.712789 45 91 37
0.958545 -0.290126 0.084663 249 91 138
-0.740056 -0.281143 0.566731 31 91 202
0.171682 -0.296459 -0.967427 149 91 7
0.510667 -0.287438 0.803779 193 91 231
-0.917076 -0.286790 -0.247079 10 91 96
0.849655 -0.289121 -0.440676 236 91 71
-0.331530 -0.291599 0.906237 86 91 242
-0.366654 -0.290884 -0.889652 81 91 15
0.843922 -0.281847 0.395495 238 91 179
-0.937548 -0.297205 0.293496 11 91 164
0.477923 -0.288186 -0.823625 189 91 22
0.203162 -0.287188 0.926575 154 91 247
-0.783700 -0.290259 -0.551626 28 91 57
0.955869 -0.292011 -0.123323 249 91 112
-0.620478 -0.291629 0.735375 49 91 221
-0.037985 -0.282573 -0.931167 123 91 6
0.692441 -0.297927 0.696605 214 90 214
-0.951206 -0.288948 -0.044517 6 90 122
0.727727 -0.287581 -0.606593 221 90 49
-0.128492 -0.291399 0.950961 111 90 248
-0.549344 -0.292426 -0.790486 58 90 27
0.938469 -0.292360 0.211676 247 90 154
-0.808871 -0.283324 0.462901 22 90 188
0.298965 -0.298627 -0.935309 165 90 11
0.398928 -0.289722 0.864703 179 90 238
-0.872623 -0.287972 -0.365772 15 90 80
0.904299 -0.292537 -0.324687 242 90 86
-0.447785 -0.292847 0.850840 71 90 235
-0.244652 -0.293077 -0.930240 96 90 10
0.783694 -0.284098 0.504528 230 90 194
-0.967484 -0.299304 0.165715 7 90 148
0.583559 -0.290507 -0.752638 202 90 31
0.077496 -0.288360 0.941793 138 90 249
-0.705825 -0.293673 -0.653687 38 90 45
0.960341 -0.293273 0.005222 249 90 128
-0.712613 -0.293779 0.645721 37 90 209
0.086548 -0.284896 -0.928199 139 90 6
0.592725 -0.299959 0.781873 201 90 225
-0.937004 -0.291304 -0.171002 8 90 106
0.799057 -0.288749 -0.502213 231 90 63
-0.255108 -0.294806 0.928814 95 90 245
-0.437494 -0.293706 -0.853685 72 90 19
0.901236 -0.294465 0.334695 242 90 170
-0.863847 -0.285717 0.351099 15 90 173
0.420467 -0.300592 -0.885935 180 90 17
0.280158 -0.292110 0.910496 163 90 244
-0.812949 -0.289138 -0.477044 22 90 66
0.942989 -0.295933 -0.201945 247 90 102
-0.555340 -0.294148 0.780856 57 90 227
-0.118321 -0.295135 -0.953740 112 90 7
0.709978 -0.286563 0.605003 220 90 207
-0.979452 -0.301204 0.035170 6 90 132
0.679012 -0.292926 -0.668399 214 90 42
-0.048597 -0.289530 0.940142 121 90 249
-0.614565 -0.297054 -0.744648 50 90 34
0.947909 -0.294599 0.132791 248 90 144
-0.791547 -0.295788 0.544375 27 90 197
0.209763 -0.287431 -0.909302 155 90 9
0.482337 -0.301795 0.852453 188 90 234
-0.906316 -0.293750 -0.294578 12 90 90
0.855665 -0.289925 -0.389707 238 90 77
-0.378008 -0.298166 0.889618 80 90 240
-0.318721 -0.295060 -0.901488 87 90 13
0.847551 -0.296425 0.451347 235 90 185
-0.904090 -0.288323 0.233065 10 90 158
0.533816 -0.302366 -0.820367 194 90 25
0.156340 -0.294581 0.940294 147 90 248
-0.739326 -0.290326 -0.579033 32 90 52
0.964771 -0.299269 -0.074650 249 90 118
-0.652471 -0.295532 0.697654 44 90 216
0.009900 -0.297045 -0.959700 129 90 6
0.623891 -0.289238 0.695309 209 90 218
-0.973320 -0.302917 -0.095547 6 90 116
0.762590 -0.295418 -0.572271 225 90 54
-0.172895 -0.290733 0.921893 105 90 247
-0.511454 -0.300361 -0.822640 63 90 24
0.918983 -0.296017 0.257235 245 90 160
-0.855764 -0.297648 0.433302 19 90 183
0.329707 -0.290175 -0.874707 170 90 14
0.363514 -0.303450 0.907054 173 90 241
-0.859564 -0.296260 -0.413102 18 90 75
0.896777 -0.291148 -0.271155 244 90 92
-0.494813 -0.301441 0.833883 65 90 232
-0.195105 -0.296514 -0.933262 103 90 8
0.778478 -0.298234 0.559387 226 90 199
-0.928884 -0.291134 0.110639 7 90 142
0.636851 -0.303965 -0.740009 207 90 35
0.029581 -0.297106 0.953475 131 90 249
-0.653229 -0.291571 -0.670109 43 90 40
0.969008 -0.302507 0.054830 249 90 134
-0.737661 -0.297025 0.602774 33 90 205
0.137529 -0.298803 -0.948043 145 90 7
0.526726 -0.292115 0.773945 196 90 228
-0.949354 -0.304464 -0.223886 9 90 100
0.832753 -0.297955 -0.465842 234 89 68
-0.293289 -0.292006 0.887597 89 89 243
-0.398319 -0.303558 -0.886005 78 89 17
0.874214 -0.297550 0.376508 239 89 176
-0.904066 -0.299355 0.314680 13 89 168
0.444439 -0.293115 -0.824854 185 89 20
0.238640 -0.304946 0.944756 157 89 245
-0.797452 -0.298806 -0.524460 26 89 61
0.921910 -0.292452 -0.148665 248 89 108
-0.603197 -0.304594 0.762487 52 89 223
-0.068748 -0.298090 -0.948634 119 89 6
0.695406 -0.299890 0.656758 216 89 211
-0.937706 -0.294135 -0.014248 6 89 126
0.727676 -0.305414 -0.646554 218 89 47
-0.097907 -0.299656 0.949684 115 89 249
-0.556291 -0.292912 -0.748877 55 89 30
0.955419 -0.305612 0.184012 247 89 151
-0.809605 -0.298646 0.497890 24 89 191
0.262101 -0.300410 -0.919071 161 89 11
0.419953 -0.295174 0.839537 182 89 236
-0.908193 -0.305868 -0.347398 14 89 84
0.888158 -0.300506 -0.350922 241 89 83
-0.407805 -0.293386 0.838047 74 89 237
-0.277253 -0.306612 -0.933354 93 89 11
0.814473 -0.299217 0.488683 232 89 190
-0.935601 -0.300913 0.190835 8 89 152
0.552044 -0.296230 -0.760403 199 89 29
0.110171 -0.306310 0.965013 141 89 248
-0.720969 -0.301354 -0.626613 36 89 48
0.930852 -0.293875 -0.024334 249 89 124
-0.700960 -0.307593 0.676666 40 89 212
0.058250 -0.299804 -0.947474 135 89 6
0.600019 -0.301401 0.741645 204 89 222
-0.930244 -0.297303 -0.139583 7 89 109
0.804694 -0.306741 -0.541928 228 89 60
-0.223842 -0.302199 0.928859 99 89 246
-0.450256 -0.294381 -0.814188 69 89 21
0.924105 -0.308554 0.310361 243 89 166
-0.867212 -0.300408 0.384795 16 89 177
0.381243 -0.301874 -0.873456 176 89 16
0.305219 -0.298392 0.890859 167 89 242
-0.850817 -0.307162 -0.463798 21 89 69
0.927694 -0.303039 -0.229522 245 89 98
-0.514626 -0.294905 0.774246 60 89 229
-0.150571 -0.309494 -0.963616 109 89 7
0.740830 -0.301028 0.591963 222 89 203
-0.949887 -0.302334 0.064182 6 89 136
0.650656 -0.299494 -0.682247 211 89 40
-0.019425 -0.307574 0.967656 125 89 249
-0.631398 -0.303874 -0.717639 47 89 36
0.923645 -0.295448 0.099778 248 89 141
-0.786088 -0.310412 0.578003 30 89 199
0.183804 -0.301665 -0.929887 151 89 8
0.494239 -0.302780 0.812524 191 89 231
-0.906415 -0.300610 -0.263280 11 89 94
0.866635 -0.307979 -0.428235 236 89 74
-0.345914 -0.304702 0.891258 84 89 241
-0.336951 -0.296011 -0.865124 83 89 14
0.875560 -0.311308 0.431355 236 89 181
-0.909602 -0.302319 0.265375 11 89 162
0.492729 -0.303213 -0.812209 190 89 24
0.184347 -0.301737 0.926860 151 89 247
-0.778506 -0.308378 -0.571007 30 89 56
0.950523 -0.305522 -0.103822 248 89 114
-0.612103 -0.296595 0.697374 47 89 219
-0.020752 -0.312181 -0.976087 125 89 6
0.654538 -0.302989 0.684691 211 89 215
-0.946812 -0.303635 -0.062847 6 89 119
0.738480 -0.302875 -0.591521 222 89 52
-0.147735 -0.308773 0.952869 109 89 247
-0.530303 -0.306333 -0.795783 60 89 26
0.900562 -0.297200 0.221676 245 89 157
-0.856822 -0.313030 0.468389 21 89 186
0.305865 -0.303675 -0.896208 167 89 13
0.380171 -0.304046 0.868191 176 89 239
-0.866396 -0.304021 -0.383204 16 89 78
0.912561 -0.309164 -0.307688 243 89 89
-0.461835 -0.307135 0.837469 69 89 234
-0.218258 -0.297828 -0.900998 99 89 10
0.810674 -0.313856 0.544560 228 88 195
-0.936112 -0.304378 0.141599 7 88 146
0.594534 -0.304448 -0.736650 204 88 33
0.059329 -0.305174 0.946698 135 88 249
-0.692786 -0.309553 -0.667191 40 88 43
0.956117 -0.307925 0.023860 249 88 131
-0.698755 -0.298479 0.608762 36 88 207
0.109627 -0.314658 -0.970452 141 88 7
0.557030 -0.305096 0.765361 199 88 226
-0.926624 -0.304841 -0.187860 9 88 103
0.813834 -0.306333 -0.489613 231 88 65
-0.272443 -0.309942 0.921160 93 88 244
-0.419508 -0.308703 -0.859506 74 88 18
0.862081 -0.299153 0.339438 240 88 172
-0.911709 -0.315435 0.349983 14 88 171
0.422430 -0.305829 -0.846998 182 88 19
0.260046 -0.305227 0.907781 161 88 244
-0.810642 -0.307497 -0.497204 24 88 64
0.941867 -0.310332 -0.182560 247 88 104
-0.569391 -0.309468 0.768415 55 88 225
-0.096088 -0.299852 -0.921336 115 88 7
0.730711 -0.316189 0.647702 218 88 208
-0.946302 -0.306577 0.015501 6 88 129
0.684883 -0.305607 -0.648357 216 88 44
-0.067699 -0.308663 0.949777 119 88 248
-0.595383 -0.310724 -0.750778 52 88 32
0.944286 -0.310220 0.151125 247 88 147
-0.773273 -0.300575 0.509873 26 88 194
0.237964 -0.316918 -0.946804 157 88 10
0.449902 -0.307339 0.832629 185 88 234
-0.889911 -0.305982 -0.308571 13 88 88
0.875190 -0.309831 -0.378159 239 88 79
-0.391378 -0.311120 0.873333 78 88 238
-0.301072 -0.310956 -0.907539 89 88 12
0.808878 -0.301324 0.451228 233 88 187
-0.949651 -0.317622 0.225145 10 88 155
0.531561 -0.308114 -0.783043 196 88 27
0.136150 -0.306354 0.930773 145 88 247
-0.739908 -0.310997 -0.603148 34 88 51
0.954267 -0.311520 -0.055131 249 88 121
-0.666506 -0.311678 0.685352 43 88 214
0.027626 -0.302097 -0.925870 131 88 6
0.637277 -0.318303 0.738730 207 88 219
-0.939962 -0.308902 -0.110829 7 88 113
0.762275 -0.306724 -0.549116 226 88 57
-0.194475 -0.312162 0.935785 103 88 246
-0.488172 -0.311927 -0.820473 66 88 23
0.915197 -0.312384 0.275541 244 88 162
-0.834515 -0.302895 0.402282 18 88 180
0.361703 -0.318960 -0.905644 172 88 15
0.334911 -0.309702 0.885331 170 88 241
-0.837568 -0.307093 -0.422842 19 88 73
0.921219 -0.313323 -0.259039 244 88 95
-0.502540 -0.312341 0.810443 64 88 230
-0.177241 -0.313073 -0.938919 105 88 8
0.741805 -0.303719 0.555300 224 88 200
-0.969933 -0.319594 0.096376 7 88 139
0.631402 -0.310513 -0.705360 208 88 37
0.010777 -0.307463 0.936983 129 88 249
-0.655262 -0.314479 -0.698975 45 88 39
0.949771 -0.312763 0.072357 248 88 137
-0.751294 -0.313746 0.589845 32 88 202
0.150943 -0.304568 -0.914534 147 88 8
0.532271 -0.320205 0.815875 194 88 229
-0.917129 -0.311334 -0.235268 10 88 97
0.825503 -0.307835 -0.440863 234 88 70
-0.318660 -0.315628 0.904725 87 88 242
-0.373132 -0.313196 -0.875257 80 88 16
0.869388 -0.314400 0.394714 238 88 178
-0.881510 -0.305442 0.287672 12 88 165
0.478411 -0.320794 -0.847858 187 88 22
0.213962 -0.312164 0.922508 155 88 245
-0.770751 -0.308210 -0.528727 28 88 59
0.950840 -0.316769 -0.134351 247 88 111
-0.604122 -0.313639 0.733764 51 88 221
-0.050396 -0.315038 -0.953031 121 88 7
0.661892 -0.306341 0.650004 214 88 212
-0.972242 -0.321361 -0.033757 7 88 123
0.720207 -0.313001 -0.615195 220 87 49
-0.113832 -0.308591 0.926544 113 87 248
-0.558085 -0.317900 -0.782749 57 87 29
0.928668 -0.314093 0.197727 246 87 153
-0.822118 -0.315657 0.483735 23 87 189
0.271920 -0.307264 -0.887462 163 87 12
0.417832 -0.321907 0.877694 180 87 237
-0.878097 -0.313846 -0.355678 15 87 82
0.873662 -0.308978 -0.325633 241 87 85
-0.437881 -0.319019 0.856941 72 87 235
-0.252309 -0.314561 -0.914379 95 87 11
0.807752 -0.316259 0.506343 230 87 192
-0.913461 -0.308211 0.167825 8 87 149
0.585837 -0.322433 -0.774692 200 87 31
0.089096 -0.314696 0.943423 139 87 248
-0.690837 -0.309373 -0.624500 38 87 46
0.963272 -0.320126 -0.006380 248 87 127
-0.694521 -0.315042 0.644749 39 87 210
0.077007 -0.316842 -0.949624 137 87 7
0.570343 -0.309182 0.733795 202 87 223
-0.956662 -0.322941 -0.162694 8 87 107
0.796371 -0.315550 -0.514026 229 87 62
-0.235527 -0.309778 0.899878 97 87 245
-0.450065 -0.321218 -0.852718 71 87 21
0.891496 -0.315537 0.318898 241 87 168
-0.877639 -0.317407 0.369098 16 87 174
0.388620 -0.310174 -0.844990 178 87 18
0.296269 -0.323430 0.923100 164 87 243
-0.823434 -0.316408 -0.469940 22 87 68
0.906137 -0.310194 -0.205512 245 87 101
-0.549794 -0.322295 0.793137 59 87 227
-0.127784 -0.316047 -0.937350 111 87 8
0.731528 -0.317954 0.608292 220 87 205
-0.929755 -0.311189 0.044618 7 87 133
0.681971 -0.323902 -0.687701 213 87 42
-0.037530 -0.317267 0.947597 123 87 248
-0.599381 -0.310621 -0.708665 49 87 35
0.958067 -0.323355 0.122452 247 87 143
-0.772342 -0.316573 0.545002 29 87 197
0.202502 -0.318484 -0.928827 153 87 9
0.468534 -0.312225 0.805245 188 87 232
-0.923660 -0.324359 -0.287947 12 87 92
0.858462 -0.318127 -0.403551 237 87 76
-0.352282 -0.311063 0.857664 82 87 239
-0.333165 -0.324397 -0.907370 86 87 14
0.839019 -0.317115 0.433898 235 87 183
-0.916849 -0.318996 0.248184 11 87 159
0.499125 -0.313280 -0.787672 192 87 25
0.169998 -0.324801 0.951384 149 87 246
-0.753992 -0.318987 -0.575986 31 87 54
0.922597 -0.311520 -0.082591 248 87 117
-0.652144 -0.325420 0.714382 46 87 217
-0.001647 -0.317674 -0.943927 127 87 7
0.642258 -0.319492 0.698642 209 87 216
-0.929979 -0.314355 -0.079982 7 87 117
0.765089 -0.325229 -0.588701 223 87 54
-0.163677 -0.319845 0.934831 107 87 247
-0.498066 -0.311992 -0.779969 62 87 26
0.935149 -0.326423 0.249639 244 87 159
-0.836401 -0.318250 0.436249 20 87 183
0.323682 -0.319971 -0.891140 169 87 14
0.358022 -0.315447 0.863060 174 87 239
-0.874062 -0.325645 -0.407168 18 87 76
0.905262 -0.320699 -0.285681 243 87 91
-0.462219 -0.312483 0.800805 67 87 232
-0.209593 -0.327405 -0.945491 101 87 10
0.772208 -0.318844 0.540882 226 87 197
-0.939099 -0.320434 0.123359 8 87 143
0.601552 -0.316556 -0.716285 205 87 35
0.041472 -0.326051 0.962204 133 87 248
-0.670912 -0.321550 -0.671845 42 87 42
0.922969 -0.312992 0.041066 248 87 133
-0.742838 -0.328364 0.622093 35 87 205
0.124024 -0.319455 -0.934106 143 87 8
0.541752 -0.320883 0.775742 197 87 226
-0.913942 -0.317680 -0.203932 10 87 101
0.833777 -0.326447 -0.479706 232 87 67
-0.287055 -0.322394 0.905232 91 87 243
-0.388671 -0.313521 -0.837394 77 87 18
0.894830 -0.329301 0.372659 239 86 174
-0.885724 -0.320083 0.320323 14 86 169
0.438261 -0.321317 -0.837419 183 86 21
0.240539 -0.318818 0.906111 158 86 244
-0.809005 -0.326835 -0.518191 26 86 62
0.935810 -0.323232 -0.162509 246 86 107
-0.563623 -0.314071 0.730394 54 86 223
-0.081746 -0.330214 -0.966209 117 86 7
0.692224 -0.320730 0.638136 216 86 209
-0.944109 -0.321737 -0.002959 7 86 127
0.694078 -0.319969 -0.631843 217 86 46
-0.086883 -0.327216 0.955586 117 86 248
-0.575621 -0.324062 -0.755688 54 86 32
0.907417 -0.314643 0.163444 246 86 149
-0.820002 -0.331103 0.518016 25 86 192
0.247174 -0.321393 -0.908114 159 86 11
0.432023 -0.322145 0.838245 183 86 235
-0.881696 -0.321131 -0.325129 14 86 86
0.886951 -0.327592 -0.362871 239 86 82
-0.405371 -0.324882 0.859230 76 86 237
-0.273042 -0.315237 -0.880152 92 86 12
0.837816 -0.331967 0.489045 232 86 188
-0.919553 -0.322075 0.199142 10 86 153
0.544132 -0.322542 -0.768839 197 86 29
0.117989 -0.322302 0.933457 143 86 247
-0.729898 -0.327965 -0.619081 36 86 49
0.949433 -0.325692 -0.036282 248 86 123
-0.654944 -0.315855 0.647684 42 86 212
0.047853 -0.332807 -0.969030 133 86 7
0.600409 -0.322773 0.724091 204 86 220
-0.931965 -0.322928 -0.128369 8 86 111
0.774975 -0.323482 -0.535611 227 86 59
-0.212715 -0.328335 0.931890 101 86 245
-0.469817 -0.326491 -0.825882 68 86 23
0.876324 -0.316498 0.282600 242 86 165
-0.882049 -0.333620 0.404179 18 86 178
0.365789 -0.323488 -0.866401 174 86 16
0.315236 -0.323305 0.885138 168 86 241
-0.833561 -0.324668 -0.441436 21 86 71
0.923860 -0.328705 -0.240433 244 86 97
-0.516385 -0.327277 0.797592 62 86 229
-0.153065 -0.317165 -0.907673 107 86 9
0.765195 -0.334408 0.596456 223 86 202
-0.937343 -0.324220 0.074700 7 86 137
0.639411 -0.323674 -0.686854 210 86 39
-0.007567 -0.325858 0.944390 127 86 248
-0.638369 -0.329075 -0.708156 47 86 38
0.945785 -0.328050 0.090645 247 86 139
-0.734803 -0.317858 0.554068 31 86 200
0.176618 -0.335170 -0.953863 149 86 9
0.498271 -0.324967 0.797335 191 86 230
-0.903099 -0.324036 -0.250547 11 86 95
0.842644 -0.327052 -0.429100 235 86 73
-0.333799 -0.329447 0.891782 85 86 240
-0.355444 -0.328808 -0.881035 82 86 16
0.830267 -0.318577 0.396670 236 86 179
-0.927720 -0.335907 0.282845 12 86 163
0.477911 -0.325729 -0.809643 189 86 24
0.193646 -0.324394 0.915746 152 86 245
-0.770149 -0.328248 -0.550717 30 86 57
0.944075 -0.329823 -0.114655 247 86 113
-0.617962 -0.329551 0.721414 49 86 219
-0.030650 -0.319322 -0.919595 123 86 7
0.678413 -0.336617 0.692744 212 86 214
-0.938778 -0.326505 -0.050951 7 86 121
0.722482 -0.324747 -0.593150 221 86 51
-0.133932 -0.329443 0.938462 110 86 247
-0.536217 -0.330204 -0.784002 60 86 28
0.924867 -0.330278 0.215864 245 86 155
-0.801985 -0.320094 0.451059 23 86 187
0.301982 -0.337302 -0.921019 165 86 13
0.387484 -0.327296 0.856625 177 86 237
-0.858263 -0.325097 -0.367297 17 86 80
0.895666 -0.330636 -0.314071 241 86 88
-0.448070 -0.330591 0.836199 71 86 234
-0.234654 -0.330988 -0.920046 98 86 11
0.770013 -0.320893 0.503878 228 86 193
-0.956130 -0.337962 0.156443 9 86 147
0.581654 -0.328098 -0.738744 202 85 33
0.069531 -0.325447 0.929735 136 85 248
-0.692376 -0.331826 -0.650885 40 85 45
0.947473 -0.330985 0.012214 248 85 129
-0.708133 -0.331681 0.632114 38 85 208
0.092278 -0.321718 -0.915758 140 85 8
0.579230 -0.338597 0.776018 199 85 224
-0.923777 -0.328913 -0.175712 9 85 105
0.792010 -0.325797 -0.489587 230 85 64
-0.258812 -0.333011 0.915528 95 85 243
-0.425363 -0.331388 -0.845479 73 85 20
0.887046 -0.332357 0.336969 240 85 170
-0.855447 -0.322570 0.340278 16 85 172
0.421462 -0.339208 -0.871207 180 85 19
0.269874 -0.329739 0.900907 162 85 243
-0.798490 -0.326149 -0.476595 24 85 66
0.932847 -0.334188 -0.192513 245 85 103
-0.553641 -0.331802 0.766309 57 85 225
-0.109759 -0.333013 -0.942141 114 85 8
0.696501 -0.323449 0.602537 218 85 206
-0.966782 -0.339795 0.027502 7 85 131
0.675227 -0.330574 -0.654836 214 85 44
-0.054854 -0.326505 0.927094 120 85 248
-0.601474 -0.335357 -0.739951 52 85 34
0.934214 -0.332226 0.137980 246 85 145
-0.785154 -0.333652 0.531402 28 85 195
0.213788 -0.324354 -0.896200 155 85 11
0.469669 -0.340359 0.844692 186 85 233
-0.892510 -0.331418 -0.297464 13 85 89
0.846958 -0.326866 -0.378145 237 85 78
-0.379855 -0.336516 0.875771 80 85 238
-0.307811 -0.332663 -0.891721 88 85 14
0.833047 -0.334271 0.451625 233 85 185
-0.894313 -0.325284 0.223450 11 85 157
0.532733 -0.340901 -0.805506 194 85 27
0.147410 -0.332269 0.929345 146 85 246
-0.725052 -0.327233 -0.576624 33 85 53
0.953268 -0.337663 -0.066616 247 85 119
-0.648826 -0.333113 0.683474 45 85 215
0.016827 -0.334871 -0.946903 130 85 7
0.610844 -0.326240 0.691061 207 85 218
-0.959581 -0.341422 -0.101425 8 85 115
0.756966 -0.333126 -0.559280 224 85 56
-0.177327 -0.327609 0.908112 104 85 245
-0.498981 -0.338797 -0.816081 65 85 25
0.904719 -0.333577 0.260529 243 85 161
-0.847553 -0.335453 0.421237 20 85 181
0.331952 -0.327221 -0.861160 171 85 15
0.351953 -0.341922 0.897522 171 85 239
-0.845414 -0.333989 -0.414086 20 85 75
0.886584 -0.327994 -0.260877 243 85 94
-0.494711 -0.339916 0.819727 65 85 230
-0.185614 -0.334056 -0.922121 104 85 10
0.763948 -0.336015 0.557627 225 85 198
-0.917885 -0.328226 0.102397 8 85 141
0.633685 -0.342403 -0.725324 207 85 37
0.022183 -0.334855 0.941338 130 85 248
-0.639414 -0.328390 -0.665793 44 85 41
0.956327 -0.341019 0.061266 247 85 135
-0.732144 -0.334551 0.589220 34 85 203
0.142651 -0.336558 -0.934289 146 85 9
0.514330 -0.329254 0.767975 194 85 227
-0.934820 -0.342865 -0.227827 11 85 99
0.825362 -0.335724 -0.453664 233 85 70
-0.295820 -0.328799 0.873350 89 85 241
-0.386727 -0.342105 -0.877655 79 85 18
0.859645 -0.335062 0.377854 237 85 176
-0.894173 -0.337082 0.303784 14 85 166
0.444851 -0.330304 -0.811084 185 85 22
0.228441 -0.343311 0.933631 156 85 244
-0.783205 -0.336593 -0.523494 28 85 61
0.910432 -0.329223 -0.139860 246 85 109
-0.601089 -0.343171 0.748291 52 85 221
-0.060844 -0.335591 -0.936325 120 85 8
0.681146 -0.337588 0.652964 214 85 211
-0.925657 -0.331376 -0.020967 7 85 125
0.722469 -0.343741 -0.632355 218 85 48
-0.103614 -0.337462 0.936556 114 85 247
-0.543193 -0.329662 -0.742747 57 84 31
0.941776 -0.344218 0.188675 245 84 151
-0.802322 -0.336137 0.485207 25 84 190
0.265288 -0.338076 -0.904625 161 84 12
0.408422 -0.332468 0.831925 180 84 235
-0.893160 -0.344156 -0.349301 16 84 84
0.879101 -0.338330 -0.339791 239 84 84
-0.408397 -0.330117 0.823604 74 84 235
-0.266801 -0.345243 -0.923325 94 84 12
0.799862 -0.336701 0.488061 230 84 190
-0.924205 -0.338547 0.181347 10 84 151
0.550595 -0.333579 -0.746638 199 84 31
0.101558 -0.344558 0.952513 140 84 247
-0.706883 -0.339195 -0.623679 38 84 48
0.918310 -0.330592 -0.017158 247 84 125
-0.696827 -0.346246 0.662714 41 84 210
0.064428 -0.337284 -0.934219 136 84 8
0.586325 -0.339001 0.735868 202 84 221
-0.917333 -0.334708 -0.144645 9 84 109
0.797539 -0.344948 -0.528512 227 84 61
-0.227721 -0.340055 0.914963 99 84 244
-0.438114 -0.331085 -0.806366 70 84 22
0.909746 -0.347226 0.313103 241 84 167
-0.858293 -0.337885 0.373206 18 84 175
0.382405 -0.339438 -0.858605 176 84 18
0.294760 -0.335853 0.881710 166 84 241
-0.835591 -0.345328 -0.463609 23 84 69
0.917106 -0.340910 -0.219661 244 84 100
-0.513280 -0.331600 0.759873 60 84 227
-0.141505 -0.348182 -0.952065 110 84 9
0.726434 -0.338504 0.589385 221 84 203
-0.937204 -0.339861 0.056311 8 84 135
0.647341 -0.337013 -0.668720 211 84 41
-0.026267 -0.345700 0.954029 124 84 247
-0.617735 -0.341757 -0.712752 49 84 37
0.910276 -0.332136 0.105204 247 84 141
-0.779957 -0.349114 0.564587 30 84 198
0.188147 -0.339143 -0.915921 152 84 10
0.481395 -0.340269 0.804860 189 84 230
-0.892847 -0.338187 -0.266571 13 84 93
0.857667 -0.346064 -0.415879 235 84 75
-0.347858 -0.342597 0.876835 83 84 239
-0.325981 -0.332695 -0.855764 85 84 16
0.860761 -0.350019 0.432066 235 84 181
-0.899204 -0.339800 0.255085 12 84 160
0.491822 -0.340663 -0.797253 190 84 26
0.175158 -0.339373 0.916302 150 84 245
-0.763395 -0.346422 -0.568722 31 84 56
0.938570 -0.343427 -0.095443 247 84 115
-0.608854 -0.333278 0.683331 48 84 217
-0.013297 -0.350899 -0.963207 126 84 8
0.640612 -0.340476 0.680201 210 84 215
-0.933088 -0.341046 -0.068925 8 84 119
0.733320 -0.340570 -0.578469 222 84 53
-0.152660 -0.346776 0.938385 108 84 246
-0.517329 -0.344246 -0.788995 62 84 27
0.886608 -0.333886 0.225263 244 84 157
-0.848764 -0.351752 0.455801 22 84 184
0.308295 -0.341169 -0.881774 167 84 14
0.368448 -0.341417 0.858781 175 84 238
-0.852392 -0.341775 -0.384632 18 84 78
0.901957 -0.347127 -0.296645 241 84 90
-0.461766 -0.345053 0.822781 69 84 232
-0.208648 -0.334519 -0.890273 100 84 11
0.795729 -0.352578 0.543171 226 84 195
-0.924414 -0.341881 0.132789 9 84 145
0.591562 -0.341778 -0.721891 203 84 35
0.051596 -0.342987 0.934884 134 84 247
-0.678092 -0.347478 -0.662852 42 84 44
0.942998 -0.345848 0.030567 247 84 131
-0.693670 -0.335179 0.595296 37 84 205
0.115274 -0.353377 -0.956478 142 84 9
0.543816 -0.342610 0.759031 197 84 225
-0.912132 -0.342130 -0.192011 10 84 103
0.806879 -0.344205 -0.477274 231 84 67
-0.275352 -0.347828 0.906108 93 84 242
-0.407486 -0.346628 -0.850907 76 84 20
0.847792 -0.335866 0.341132 239 84 172
-0.901844 -0.354149 0.338506 15 84 170
0.422897 -0.343356 -0.832343 182 83 21
0.249684 -0.342475 0.896806 160 83 243
-0.796438 -0.345427 -0.496700 26 83 64
0.929836 -0.348181 -0.173048 245 83 106
-0.567268 -0.347394 0.753739 56 83 223
-0.088001 -0.336579 -0.909439 116 83 8
0.715929 -0.354894 0.644191 216 83 208
-0.933499 -0.344117 0.008333 8 83 129
0.679897 -0.342815 -0.634095 215 83 46
-0.073802 -0.346650 0.936888 118 83 247
-0.581396 -0.348536 -0.744470 54 83 33
0.930229 -0.348143 0.155995 245 83 147
-0.766446 -0.337321 0.497215 27 83 193
0.241643 -0.355611 -0.932002 158 83 12
0.437633 -0.344895 0.824558 184 83 233
-0.874939 -0.343149 -0.310704 15 83 87
0.866518 -0.347874 -0.366772 238 83 81
-0.392215 -0.348897 0.858007 78 83 236
-0.290256 -0.348876 -0.897257 91 83 14
0.794500 -0.338091 0.451004 231 83 187
-0.938145 -0.356301 0.215045 11 83 154
0.530044 -0.345687 -0.768421 195 83 29
0.127363 -0.343481 0.918449 144 83 246
-0.725756 -0.349096 -0.600671 35 83 51
0.941043 -0.349264 -0.047332 247 83 121
-0.662327 -0.349592 0.670976 44 83 213
0.034055 -0.338888 -0.913008 132 83 8
0.622971 -0.356965 0.733124 205 83 219
-0.926269 -0.346492 -0.116221 9 83 113
0.755370 -0.343811 -0.535636 225 83 58
-0.198796 -0.350314 0.922025 102 83 244
-0.475160 -0.349639 -0.812322 67 83 24
0.900461 -0.350289 0.278441 242 83 163
-0.826065 -0.339714 0.390647 19 83 179
0.363295 -0.357602 -0.890307 173 83 17
0.323807 -0.347310 0.875645 169 83 240
-0.822413 -0.344142 -0.422912 21 83 73
0.910942 -0.351528 -0.248838 243 83 96
-0.501293 -0.350023 0.795139 64 83 229
-0.167868 -0.350967 -0.927123 106 83 10
0.727583 -0.340569 0.553163 223 83 200
-0.956996 -0.358213 0.087892 9 83 138
0.627909 -0.348140 -0.691024 208 83 39
0.003738 -0.344474 0.923554 128 83 247
-0.641423 -0.352734 -0.694516 46 83 40
0.935611 -0.350417 0.078296 247 83 137
-0.745101 -0.351627 0.576058 33 83 201
0.155603 -0.341451 -0.900925 148 83 10
0.518751 -0.358800 0.808252 192 83 228
-0.902774 -0.348980 -0.238770 12 83 97
0.816816 -0.344810 -0.428430 233 83 72
-0.321067 -0.353932 0.890325 87 83 240
-0.361340 -0.350822 -0.865422 81 83 17
0.854251 -0.352267 0.395547 236 83 178
-0.871577 -0.342361 0.277259 14 83 164
0.477845 -0.359361 -0.832300 187 83 24
0.204230 -0.349830 0.911357 154 83 244
-0.755710 -0.345151 -0.526736 30 83 59
0.939106 -0.355119 -0.125561 246 83 112
-0.600821 -0.351241 0.718770 51 83 219
-0.042681 -0.352887 -0.939927 122 83 8
0.648067 -0.343298 0.645985 212 83 212
-0.958119 -0.359899 -0.040419 8 83 122
0.714777 -0.350688 -0.601400 219 83 51
-0.118988 -0.345498 0.912273 112 83 246
-0.544831 -0.356294 -0.776336 59 83 30
0.913840 -0.351673 0.201701 244 83 153
-0.813998 -0.353486 0.470826 24 83 187
0.274727 -0.344263 -0.873330 163 83 14
0.405394 -0.360415 0.868181 178 83 236
-0.863323 -0.351553 -0.357207 17 83 82
0.863365 -0.345853 -0.314487 240 83 87
-0.438273 -0.357455 0.842157 72 83 233
-0.241954 -0.352120 -0.903049 97 83 12
0.792511 -0.354066 0.505056 228 83 192
-0.902204 -0.345253 0.158814 10 83 148
0.583092 -0.360908 -0.759233 200 83 33
0.080926 -0.352423 0.930984 138 83 246
-0.676202 -0.346219 -0.620491 40 82 47
0.950262 -0.358602 0.000789 247 82 128
-0.689233 -0.352582 0.630342 39 82 208
0.082880 -0.354626 -0.935454 138 82 9
0.557147 -0.346269 0.727951 200 82 222
-0.941631 -0.361381 -0.167368 10 82 107
0.789070 -0.353298 -0.501022 228 82 64
-0.238706 -0.346596 0.885042 96 82 243
-0.437667 -0.359731 -0.844416 73 82 22
0.876275 -0.353061 0.320839 239 82 169
-0.867723 -0.355165 0.357340 17 82 173
0.389514 -0.347310 -0.830570 178 82 20
0.285186 -0.361835 0.911871 163 82 241
-0.808496 -0.354175 -0.469438 24 82 68
0.894434 -0.346986 -0.195860 244 82 102
-0.548103 -0.360842 0.778245 59 82 225
-0.119051 -0.353558 -0.924735 112 82 9
0.716489 -0.355685 0.604876 219 82 204
-0.917353 -0.348374 0.037172 8 82 132
0.677078 -0.362270 -0.672665 212 82 43
-0.043970 -0.355054 0.934072 122 82 247
-0.585427 -0.347391 -0.702723 51 82 36
0.943997 -0.361934 0.127812 246 82 143
-0.765169 -0.354072 0.531442 30 82 195
0.206386 -0.356185 -0.913860 154 82 11
0.456195 -0.349462 0.797656 187 82 231
-0.908025 -0.362688 -0.290516 14 82 91
0.849391 -0.355933 -0.391584 236 82 78
-0.353434 -0.347812 0.842546 81 82 237
-0.321894 -0.363004 -0.897286 87 82 15
0.823681 -0.354605 0.433777 233 82 183
-0.905311 -0.356666 0.237833 12 82 158
0.498071 -0.350570 -0.773202 192 82 27
0.160514 -0.363091 0.938653 148 82 245
-0.739157 -0.356810 -0.573428 33 82 54
0.909714 -0.348250 -0.074607 246 82 118
-0.648343 -0.364053 0.699673 47 82 215
0.005311 -0.355157 -0.930258 128 82 8
0.627730 -0.357129 0.693136 207 82 216
-0.916627 -0.351700 -0.085721 9 82 116
0.758129 -0.363479 -0.574401 222 82 56
-0.168238 -0.357685 0.920444 106 82 245
-0.485050 -0.348707 -0.772215 64 82 27
0.920269 -0.365078 0.253030 242 82 159
-0.827474 -0.355728 0.423778 22 82 182
0.325472 -0.357573 -0.875671 169 82 16
0.346758 -0.352848 0.853833 172 82 238
-0.858137 -0.363855 -0.407560 20 82 76
0.894555 -0.358556 -0.274987 241 82 93
-0.461334 -0.349185 0.785687 67 82 230
-0.199706 -0.366080 -0.933776 103 82 11
0.757026 -0.356319 0.538703 224 82 197
-0.926153 -0.358001 0.114643 9 82 142
0.598541 -0.354014 -0.702008 205 82 37
0.033791 -0.364219 0.948222 132 82 246
-0.656453 -0.359420 -0.667239 44 82 43
0.909149 -0.349684 0.047243 246 82 134
-0.736942 -0.367056 0.607869 36 82 203
0.129084 -0.356929 -0.919627 144 82 10
0.528034 -0.358412 0.768234 195 82 226
-0.899851 -0.355196 -0.207841 12 82 101
0.824879 -0.364574 -0.466439 231 82 69
-0.289618 -0.360278 0.890231 91 82 241
-0.376826 -0.350206 -0.827979 78 82 19
0.879418 -0.368005 0.373956 237 82 174
-0.875202 -0.357559 0.309161 15 82 167
0.437897 -0.358808 -0.821755 183 82 23
0.230559 -0.356392 0.895374 157 82 243
-0.793113 -0.364921 -0.516388 28 82 63
0.923631 -0.361127 -0.153311 245 82 108
-0.560726 -0.350752 0.715550 54 82 221
-0.073483 -0.368929 -0.953055 118 82 9
0.677467 -0.358209 0.633937 214 82 209
-0.930005 -0.359190 -0.009847 9 82 126
0.689128 -0.357602 -0.618007 216 82 48
-0.092596 -0.365262 0.940629 116 82 246
-0.561814 -0.361967 -0.749080 56 82 32
0.892915 -0.351323 0.167712 244 82 149
-0.812075 -0.369824 0.504579 26 82 190
0.250245 -0.358878 -0.893077 160 81 13
0.419401 -0.359558 0.828869 181 81 234
-0.867094 -0.358823 -0.327107 16 81 86
0.876288 -0.365597 -0.350907 238 81 83
-0.405849 -0.362796 0.843885 76 81 235
-0.262575 -0.351920 -0.869253 93 81 14
0.822173 -0.370692 0.488166 230 81 188
-0.907616 -0.359567 0.189486 11 81 152
0.541603 -0.359914 -0.753295 197 81 31
0.109490 -0.360054 0.921368 142 81 246
-0.714357 -0.365930 -0.615113 37 81 50
0.935982 -0.363612 -0.028783 246 81 124
-0.650098 -0.352544 0.633378 42 81 210
0.054279 -0.371532 -0.954670 134 81 9
0.586334 -0.360274 0.717941 203 81 220
-0.916978 -0.360260 -0.133277 10 81 110
0.768130 -0.361293 -0.522463 226 81 61
-0.216343 -0.366261 0.916254 100 81 243
-0.456936 -0.364415 -0.817355 70 81 24
0.861399 -0.353195 0.284892 240 81 165
-0.872201 -0.372343 0.391828 19 81 176
0.366813 -0.361000 -0.851066 175 81 18
0.303973 -0.360596 0.874070 167 81 240
-0.818692 -0.362537 -0.441406 23 81 71
0.911639 -0.366592 -0.230011 243 81 98
-0.514725 -0.365204 0.782185 62 81 227
-0.144154 -0.353874 -0.895488 109 81 10
0.749639 -0.373125 0.593365 221 81 201
-0.924195 -0.361744 0.066724 9 81 136
0.634757 -0.360924 -0.671745 209 81 41
-0.014402 -0.363786 0.931130 126 81 246
-0.623486 -0.366924 -0.702098 49 81 39
0.931293 -0.365977 0.096267 246 81 140
-0.728098 -0.354582 0.540548 32 81 198
0.181031 -0.373878 -0.938565 150 81 11
0.485126 -0.362505 0.789330 190 81 229
-0.887525 -0.361245 -0.253366 13 81 95
0.833983 -0.365038 -0.416891 234 81 74
-0.335270 -0.367260 0.875773 85 81 238
-0.343756 -0.366733 -0.870714 84 81 17
0.815181 -0.355319 0.396952 234 81 179
-0.916112 -0.374603 0.271860 14 81 161
0.476858 -0.363283 -0.794275 189 81 26
0.183971 -0.361562 0.903202 151 81 244
-0.755272 -0.366290 -0.548632 31 81 58
0.930535 -0.367601 -0.105979 245 81 114
-0.614152 -0.367473 0.706244 50 81 217
-0.023447 -0.356086 -0.906338 124 81 9
0.663269 -0.375299 0.687456 210 81 213
-0.924637 -0.364076 -0.057098 9 81 120
0.715788 -0.361875 -0.578778 220 81 53
-0.138939 -0.367540 0.924240 110 81 245
-0.522279 -0.367948 -0.775973 61 81 29
0.909595 -0.368194 0.219461 243 81 155
-0.793541 -0.356882 0.438556 24 81 185
0.304245 -0.375967 -0.905080 165 81 15
0.375503 -0.364883 0.846892 176 81 236
-0.842411 -0.362186 -0.367966 19 81 80
0.885298 -0.368788 -0.303045 240 81 89
-0.447357 -0.368303 0.820127 71 81 232
-0.224411 -0.368896 -0.908096 99 81 12
0.755024 -0.357708 0.502146 226 81 193
-0.942965 -0.376607 0.147082 10 81 146
0.578525 -0.365704 -0.723609 202 81 35
0.061639 -0.362497 0.915960 135 81 246
-0.677761 -0.370030 -0.646730 42 81 46
0.932876 -0.368667 0.018981 246 81 130
-0.702206 -0.369578 0.617481 38 81 206
0.097651 -0.358564 -0.901656 140 81 10
0.564821 -0.377220 0.768599 198 81 223
-0.908881 -0.366538 -0.179908 11 81 104
0.783406 -0.362809 -0.476235 229 81 66
-0.261850 -0.371265 0.900579 94 81 241
-0.412635 -0.369041 -0.835636 75 81 21
0.871277 -0.370240 0.338431 238 81 170
-0.845406 -0.359449 0.329007 17 81 170
0.421489 -0.377806 -0.854948 180 81 21
0.259277 -0.367384 0.889598 161 81 241
-0.782671 -0.363125 -0.475101 26 80 66
0.920918 -0.372491 -0.182905 244 80 104
-0.550763 -0.369428 0.750478 57 80 223
-0.101190 -0.370882 -0.928766 115 80 10
0.681864 -0.360363 0.598818 217 80 206
-0.952308 -0.378366 0.019988 9 80 130
0.670057 -0.368239 -0.640200 213 80 46
-0.060809 -0.363446 0.912358 120 80 246
-0.587401 -0.373707 -0.733744 53 80 35
0.918837 -0.369827 0.142714 245 80 146
-0.777187 -0.371503 0.517606 29 80 193
0.217236 -0.361307 -0.881489 156 80 12
0.456307 -0.378901 0.835259 184 80 231
-0.877110 -0.369103 -0.299613 15 80 89
0.836615 -0.363773 -0.366074 236 80 80
-0.380812 -0.374911 0.860355 80 80 236
-0.296528 -0.370241 -0.880253 90 80 15
0.817087 -0.372103 0.450885 231 80 185
-0.882838 -0.362279 0.213605 12 80 155
0.530486 -0.379412 -0.789259 194 80 29
0.138398 -0.369975 0.916639 145 80 245
-0.709572 -0.364108 -0.572999 35 80 53
0.939958 -0.376100 -0.058650 246 80 120
-0.643843 -0.370671 0.668179 45 80 213
0.023521 -0.372682 -0.932346 130 80 9
0.596807 -0.363278 0.685409 205 80 217
-0.944078 -0.379900 -0.106907 10 80 114
0.749818 -0.370853 -0.545406 223 80 58
-0.181236 -0.364454 0.892701 104 80 244
-0.485733 -0.377274 -0.807882 67 80 26
0.888850 -0.371116 0.263150 241 80 161
-0.837670 -0.373239 0.408569 21 80 179
0.333405 -0.364305 -0.846083 171 80 17
0.339931 -0.380366 0.886243 170 80 238
-0.829776 -0.371736 -0.414123 22 80 75
0.874705 -0.364811 -0.250313 241 80 95
-0.493508 -0.378430 0.804125 66 80 228
-0.175981 -0.371579 -0.909243 105 80 11
0.748112 -0.373776 0.554662 223 80 198
-0.905159 -0.365358 0.094152 10 80 140
0.629181 -0.380810 -0.709427 206 80 39
0.014940 -0.372622 0.927439 129 80 246
-0.624569 -0.365182 -0.660114 46 80 42
0.941853 -0.379568 0.067391 245 80 136
-0.725152 -0.372060 0.574740 35 80 201
0.147306 -0.374291 -0.918821 146 80 11
0.501133 -0.366435 0.760469 193 80 226
-0.918596 -0.381236 -0.231139 13 80 99
0.816333 -0.373510 -0.440810 232 80 71
-0.297614 -0.365567 0.857559 89 80 239
-0.374585 -0.380685 -0.867566 81 80 19
0.843574 -0.372560 0.378317 235 80 176
-0.882544 -0.374786 0.292514 15 80 165
0.444267 -0.367537 -0.795892 185 80 24
0.218021 -0.381643 0.920718 155 80 243
-0.767602 -0.374399 -0.521384 30 80 61
0.897246 -0.365970 -0.130997 244 80 110
-0.597688 -0.381780 0.732803 53 80 219
-0.053031 -0.373079 -0.922274 121 80 9
0.665756 -0.375261 0.647801 212 80 210
-0.911882 -0.368663 -0.027456 9 80 124
0.715777 -0.382033 -0.617136 217 80 50
-0.108929 -0.375286 0.921695 114 80 245
-0.529257 -0.366390 -0.735128 58 80 32
0.926388 -0.382853 0.192785 243 80 152
-0.793449 -0.373617 0.471800 26 80 188
0.267781 -0.375716 -0.888546 162 80 14
0.396297 -0.369809 0.822671 179 80 234
-0.876539 -0.382408 -0.350356 18 80 84
0.868322 -0.376171 -0.328207 238 80 86
-0.408054 -0.366830 0.807729 74 80 233
-0.256036 -0.383901 -0.911491 96 80 14
0.783876 -0.374177 0.486361 228 80 190
-0.911041 -0.376152 0.171722 11 80 149
0.547960 -0.370976 -0.731585 198 80 33
0.092967 -0.382770 0.938215 139 80 245
-0.691599 -0.377051 -0.619423 40 80 49
0.904068 -0.367292 -0.010152 246 80 126
-0.691233 -0.384924 0.647651 41 80 208
0.070283 -0.374756 -0.919247 137 79 10
0.571695 -0.376570 0.728584 200 79 220
-0.902728 -0.372162 -0.149246 11 79 108
0.788779 -0.383119 -0.514288 226 79 63
-0.230978 -0.377926 0.899392 98 79 242
-0.425339 -0.367775 -0.796957 72 79 23
0.893726 -0.385920 0.315059 239 79 167
-0.847700 -0.375357 0.361111 19 79 174
0.382661 -0.376971 -0.842232 176 79 20
0.283927 -0.373366 0.870839 164 79 240
-0.818909 -0.383458 -0.462370 25 79 69
0.904742 -0.378794 -0.209582 243 79 101
-0.510816 -0.368282 0.744206 61 79 225
-0.132372 -0.386889 -0.938674 111 79 11
0.710817 -0.375978 0.585553 219 79 203
-0.922753 -0.377355 0.048543 10 79 134
0.642666 -0.374585 -0.654065 210 79 43
-0.032845 -0.383788 0.938627 123 79 245
-0.603059 -0.379653 -0.706388 51 79 38
0.895242 -0.368815 0.110234 245 79 142
-0.772222 -0.387831 0.550263 31 79 196
0.191941 -0.376620 -0.900291 152 79 12
0.467830 -0.377724 0.795581 187 79 229
-0.877647 -0.375818 -0.269173 15 79 93
0.847006 -0.384111 -0.402940 234 79 77
-0.348956 -0.380503 0.860830 83 79 237
-0.314593 -0.369373 -0.844743 86 79 17
0.844416 -0.388743 0.431771 233 79 181
-0.887074 -0.377283 0.244515 14 79 159
0.489814 -0.378079 -0.780913 190 79 28
0.165827 -0.377063 0.903972 149 79 244
-0.746986 -0.384428 -0.565204 33 79 56
0.924820 -0.381341 -0.087086 245 79 116
-0.604322 -0.369958 0.668151 48 79 215
-0.006024 -0.389627 -0.948491 127 79 10
0.625637 -0.377966 0.674301 208 79 214
-0.917631 -0.378421 -0.074664 10 79 118
0.726648 -0.378319 -0.564471 221 79 55
-0.157088 -0.384742 0.922184 108 79 244
-0.503546 -0.382167 -0.780600 64 79 28
0.871054 -0.370571 0.228236 242 79 157
-0.838991 -0.390480 0.442528 23 79 183
0.309956 -0.378668 -0.865757 167 79 17
0.356227 -0.378751 0.847678 173 79 236
-0.836848 -0.379584 -0.385151 20 79 78
0.889600 -0.385054 -0.285251 240 79 92
-0.460642 -0.382979 0.806633 69 79 230
-0.198844 -0.371213 -0.877843 101 79 13
0.779385 -0.391304 0.540574 224 79 195
-0.910954 -0.379391 0.123934 11 79 143
0.587317 -0.379071 -0.705913 203 79 37
0.043960 -0.380855 0.921280 133 79 245
-0.662280 -0.385365 -0.657119 44 79 44
0.928095 -0.383776 0.037011 245 79 132
-0.687158 -0.371884 0.580870 38 79 204
0.120493 -0.392098 -0.940705 142 79 11
0.529747 -0.380132 0.751157 195 79 224
-0.895971 -0.379382 -0.195594 12 79 102
0.798284 -0.382131 -0.464193 229 79 68
-0.277539 -0.385678 0.889424 92 79 240
-0.394876 -0.384557 -0.840601 77 79 21
0.831991 -0.372586 0.342001 236 79 172
-0.890185 -0.392861 0.326581 17 79 168
0.422387 -0.380892 -0.816216 182 79 23
0.239059 -0.379686 0.884091 158 79 241
-0.780818 -0.383411 -0.495079 28 79 64
0.916024 -0.385994 -0.163423 243 79 107
-0.563900 -0.385321 0.737755 56 79 221
-0.079948 -0.373318 -0.895819 117 79 10
0.699922 -0.393594 0.639293 214 79 207
-0.918936 -0.381669 0.001353 10 79 128
0.673488 -0.379984 -0.618797 214 79 48
-0.079567 -0.384691 0.922221 117 79 245
-0.566489 -0.386314 -0.736635 56 79 34
0.914436 -0.386067 0.160363 243 79 148
-0.758070 -0.374081 0.483792 28 79 191
0.244654 -0.394297 -0.915474 158 79 14
0.424719 -0.382463 0.814835 182 79 232
-0.858394 -0.380279 -0.312052 17 78 87
0.856107 -0.385970 -0.354865 236 78 82
-0.392120 -0.386641 0.841163 78 78 234
-0.279085 -0.386794 -0.885200 92 78 15
0.778727 -0.374874 0.449758 229 78 186
-0.924801 -0.394970 0.204743 13 78 153
0.527356 -0.383272 -0.752463 195 78 31
0.118547 -0.380571 0.904370 143 78 244
-0.710338 -0.387246 -0.596887 37 78 52
0.926043 -0.386976 -0.039661 245 78 122
-0.656735 -0.387501 0.655467 44 78 211
0.040219 -0.375700 -0.898435 133 78 10
0.607639 -0.395613 0.725978 203 78 218
-0.910847 -0.384096 -0.121188 11 78 112
0.746920 -0.380862 -0.521321 224 78 60
-0.202538 -0.388517 0.906534 102 78 242
-0.461443 -0.387320 -0.802537 69 78 26
0.884067 -0.388188 0.280608 240 78 163
-0.815970 -0.376556 0.378458 21 78 177
0.363993 -0.396228 -0.873351 173 78 19
0.312282 -0.384934 0.864227 167 78 238
-0.805808 -0.381155 -0.421997 23 78 73
0.898859 -0.389782 -0.238352 241 78 97
-0.498922 -0.387675 0.778456 64 78 226
-0.158382 -0.388854 -0.913518 107 78 12
0.712108 -0.377443 0.549821 221 78 199
-0.942209 -0.396815 0.079457 10 78 137
0.623071 -0.385783 -0.675514 207 78 41
-0.003094 -0.381450 0.908384 127 78 245
-0.626497 -0.391037 -0.688581 48 78 41
0.919709 -0.388042 0.083873 245 78 138
-0.737354 -0.389498 0.561338 34 78 199
0.159770 -0.378361 -0.885643 148 78 12
0.504423 -0.397374 0.798966 190 78 227
-0.886753 -0.386644 -0.241619 14 78 97
0.806490 -0.381751 -0.415379 232 78 74
-0.322663 -0.392282 0.874276 87 78 238
-0.349068 -0.388423 -0.853874 83 78 19
0.837568 -0.390121 0.395430 234 78 178
-0.859929 -0.379310 0.266512 15 78 162
0.476175 -0.397907 -0.815258 187 78 26
0.194311 -0.387514 0.898424 152 78 242
-0.739368 -0.382058 -0.523576 32 78 60
0.925529 -0.393514 -0.116731 244 78 113
-0.596222 -0.388818 0.702560 51 78 217
-0.035097 -0.390721 -0.925014 123 78 10
0.633151 -0.380289 0.640596 210 78 211
-0.942172 -0.398414 -0.046783 10 78 122
0.707847 -0.388393 -0.586615 218 78 53
-0.123706 -0.382373 0.896308 111 78 244
-0.530690 -0.394732 -0.768302 61 78 31
0.897334 -0.389229 0.205084 242 78 154
-0.804211 -0.391299 0.457199 25 78 186
0.276818 -0.381296 -0.857596 164 78 16
0.392380 -0.398896 0.856913 176 78 234
-0.846976 -0.389279 -0.357860 19 78 82
0.851364 -0.382698 -0.302947 238 78 88
-0.437632 -0.395933 0.825836 73 78 231
-0.231351 -0.389658 -0.889956 98 78 14
0.775866 -0.391855 0.502619 226 78 191
-0.889191 -0.382333 0.149700 12 78 147
0.579056 -0.399355 -0.742456 200 78 35
0.072808 -0.390169 0.916744 137 78 245
-0.660434 -0.383036 -0.615151 42 78 48
0.935408 -0.397117 0.007749 245 78 128
-0.682496 -0.390104 0.614902 40 78 206
0.088379 -0.392389 -0.919508 139 78 11
0.543046 -0.383397 0.720592 198 78 221
-0.924837 -0.399792 -0.171504 12 78 106
0.780143 -0.391064 -0.487233 227 78 65
-0.241227 -0.383387 0.868588 96 78 241
-0.424605 -0.398281 -0.834377 74 78 23
0.859468 -0.390569 0.321971 237 78 169
-0.856058 -0.392901 0.345096 19 78 171
0.389479 -0.384488 -0.814645 178 78 22
0.273770 -0.400208 0.898829 162 78 240
-0.792110 -0.391961 -0.467852 27 78 68
0.880991 -0.383753 -0.186046 242 78 103
-0.545175 -0.399424 0.761960 59 77 223
-0.110307 -0.391053 -0.910339 113 77 11
0.700214 -0.393391 0.600132 217 77 204
-0.903181 -0.385604 0.029857 10 77 131
0.670731 -0.400605 -0.656498 211 77 45
-0.050115 -0.392859 0.918758 121 77 245
-0.570528 -0.384136 -0.695312 53 77 37
0.928118 -0.400545 0.132714 244 77 144
-0.756419 -0.391558 0.517050 31 77 194
0.209660 -0.393860 -0.897186 154 77 13
0.443154 -0.386744 0.788433 185 77 230
-0.890718 -0.400983 -0.292315 16 77 91
0.838594 -0.393756 -0.379054 234 77 79
-0.353718 -0.384539 0.825913 81 77 235
-0.310195 -0.401641 -0.885382 89 77 17
0.806877 -0.392083 0.432640 231 77 183
-0.891977 -0.394308 0.227237 14 77 156
0.495886 -0.387908 -0.757352 192 77 29
0.150942 -0.401346 0.924085 146 77 243
-0.723024 -0.394651 -0.569595 35 77 55
0.895085 -0.384961 -0.066695 244 77 119
-0.643121 -0.402713 0.683744 47 77 213
0.012042 -0.392630 -0.914819 129 77 10
0.612156 -0.394737 0.686150 205 77 215
-0.901523 -0.389094 -0.091091 11 77 116
0.749580 -0.401693 -0.559179 221 77 57
-0.172265 -0.395542 0.904315 106 77 243
-0.471292 -0.385405 -0.762878 66 77 28
0.903650 -0.403758 0.255720 240 77 159
-0.816870 -0.393198 0.410691 23 77 180
0.326428 -0.395145 -0.858593 169 77 18
0.335012 -0.390299 0.842876 171 77 236
-0.840663 -0.402028 -0.406968 22 77 76
0.882052 -0.396427 -0.263965 240 77 94
-0.459385 -0.385873 0.769181 67 77 228
-0.189640 -0.404776 -0.920191 104 77 13
0.740524 -0.393788 0.535319 222 77 196
-0.911398 -0.395536 0.105926 11 77 141
0.594214 -0.391523 -0.686503 204 77 39
0.026270 -0.402351 0.932412 131 77 245
-0.640873 -0.397305 -0.661189 46 77 43
0.893607 -0.386365 0.053116 244 77 134
-0.729467 -0.405765 0.592623 37 77 201
0.133682 -0.394400 -0.903418 145 77 12
0.513481 -0.395909 0.759121 193 77 224
-0.884057 -0.392764 -0.211146 14 77 100
0.814287 -0.402664 -0.452473 230 77 71
-0.291415 -0.398175 0.873568 90 77 239
-0.364457 -0.386882 -0.816894 80 77 21
0.862371 -0.406725 0.374321 235 77 174
-0.862930 -0.395034 0.297610 17 77 166
0.436492 -0.396266 -0.804612 183 77 25
0.220329 -0.394020 0.882844 156 77 241
-0.775821 -0.402970 -0.513404 30 77 63
0.909620 -0.399035 -0.144027 243 77 109
-0.556590 -0.387427 0.699470 55 77 219
-0.065294 -0.407656 -0.938018 119 77 11
0.661557 -0.395689 0.628362 212 77 208
-0.914109 -0.396608 -0.016493 11 77 125
0.682695 -0.395289 -0.603119 215 77 50
-0.097906 -0.403269 0.923887 115 77 244
-0.547086 -0.399883 -0.740883 58 77 33
0.876742 -0.388000 0.171449 242 77 150
-0.802440 -0.408555 0.490341 28 77 188
0.252627 -0.396366 -0.876381 160 77 15
0.406170 -0.396935 0.817793 180 77 232
-0.850871 -0.396570 -0.328251 18 77 85
0.863855 -0.403564 -0.338480 236 77 85
-0.405339 -0.400718 0.826988 76 77 232
-0.251809 -0.388602 -0.856626 95 77 15
0.805032 -0.409424 0.486140 228 77 188
-0.893887 -0.397063 0.179678 13 77 151
0.537847 -0.397251 -0.736429 196 77 33
0.100983 -0.397861 0.907451 140 77 244
-0.697590 -0.403857 -0.609788 40 77 51
0.920697 -0.401540 -0.021446 244 77 125
-0.643854 -0.389234 0.618008 43 77 208
0.060377 -0.410261 -0.938450 135 77 11
0.571295 -0.397782 0.710267 201 77 219
-0.900252 -0.397555 -0.137705 12 76 110
0.759663 -0.399158 -0.508464 225 76 63
-0.219333 -0.404149 0.898906 100 76 241
-0.443353 -0.402346 -0.807124 71 76 25
0.844884 -0.389897 0.286434 238 76 165
-0.860550 -0.411067 0.378910 21 76 175
0.366928 -0.398520 -0.834172 175 76 21
0.292334 -0.397850 0.861241 165 76 238
-0.802314 -0.400462 -0.440325 25 76 71
0.897606 -0.404442 -0.219368 241 76 100
-0.511874 -0.403135 0.765369 63 76 225
-0.135177 -0.390591 -0.881544 110 76 12
0.732750 -0.411840 0.588933 219 76 201
-0.909241 -0.399278 0.058836 11 76 135
0.628713 -0.398136 -0.655492 208 76 43
-0.020998 -0.401769 0.916041 125 76 244
-0.607571 -0.404738 -0.694534 51 76 40
0.915000 -0.403906 0.101481 244 76 140
-0.719861 -0.391317 0.526156 33 76 196
0.184867 -0.412582 -0.921465 150 76 13
0.471225 -0.400054 0.779681 188 76 227
-0.870297 -0.398417 -0.255478 15 76 95
0.823583 -0.403077 -0.404049 232 76 76
-0.335881 -0.405038 0.858157 85 76 236
-0.331600 -0.404659 -0.858604 85 76 19
0.798613 -0.392075 0.396275 232 76 179
-0.902638 -0.413293 0.260558 15 76 160
0.474691 -0.400848 -0.777476 188 76 28
0.174161 -0.398693 0.888865 150 76 242
-0.739027 -0.404385 -0.545293 34 76 58
0.915173 -0.405345 -0.097325 244 76 115
-0.608970 -0.405393 0.689832 50 76 215
-0.016412 -0.392866 -0.891320 125 76 11
0.646984 -0.413972 0.680658 208 76 212
-0.908710 -0.401659 -0.062917 11 76 119
0.707566 -0.398966 -0.563460 219 76 55
-0.143462 -0.405690 0.908221 109 76 243
-0.507522 -0.405659 -0.766317 63 76 30
0.892588 -0.406106 0.222410 241 76 156
-0.783454 -0.393689 0.425390 25 76 183
0.305694 -0.414620 -0.887434 165 76 17
0.362990 -0.402485 0.835418 174 76 234
-0.825017 -0.399238 -0.367715 21 76 80
0.873107 -0.406990 -0.291620 238 76 91
-0.445579 -0.405983 0.802579 71 76 229
-0.213943 -0.406797 -0.894306 100 76 14
0.738687 -0.394545 0.499261 224 76 193
-0.927910 -0.415238 0.137657 12 76 145
0.574096 -0.403326 -0.707197 201 76 37
0.053854 -0.399511 0.900394 134 76 244
-0.661950 -0.408284 -0.641136 44 76 46
0.916478 -0.406318 0.025482 244 76 131
-0.694749 -0.407467 0.601801 39 76 204
0.102621 -0.395434 -0.885821 141 76 12
0.549485 -0.415826 0.759530 196 76 222
-0.892248 -0.404180 -0.183537 13 76 104
0.773166 -0.399786 -0.462153 228 76 68
-0.264162 -0.409568 0.883900 94 76 239
-0.399313 -0.406666 -0.824073 77 76 23
0.853874 -0.408115 0.339017 236 76 170
-0.833637 -0.396355 0.317293 19 76 169
0.420478 -0.416385 -0.837108 180 76 23
0.248382 -0.405045 0.876484 159 76 240
-0.765450 -0.400066 -0.472490 28 76 66
0.907114 -0.410842 -0.173146 242 76 106
-0.546633 -0.407027 0.733328 58 76 221
-0.092647 -0.408739 -0.913537 116 76 12
0.666036 -0.397308 0.593768 214 76 205
-0.935953 -0.416915 0.012666 11 76 129
0.663418 -0.405922 -0.624465 212 76 48
-0.066420 -0.400353 0.895864 119 76 244
-0.572327 -0.412103 -0.725940 55 76 36
0.901712 -0.407404 0.146945 242 76 146
-0.767562 -0.409341 0.502977 30 76 191
0.220049 -0.398293 -0.865102 156 76 15
0.442251 -0.417419 0.824069 183 76 230
-0.860056 -0.406807 -0.300964 18 76 89
0.824554 -0.400647 -0.353498 234 76 82
-0.380810 -0.413349 0.843310 80 75 234
-0.284887 -0.407797 -0.867000 91 75 17
0.799623 -0.409919 0.449055 229 75 184
-0.869579 -0.399308 0.203548 14 75 154
0.527000 -0.417897 -0.771588 193 75 31
0.129333 -0.407700 0.902093 144 75 243
-0.692855 -0.400952 -0.568083 38 75 54
0.924756 -0.414579 -0.050785 244 75 121
-0.637441 -0.408207 0.651743 46 75 211
0.029940 -0.410474 -0.915952 131 75 11
0.581758 -0.400354 0.678268 203 75 216
-0.926740 -0.418350 -0.111946 12 75 114
0.741058 -0.408598 -0.530634 222 75 60
-0.184569 -0.401270 0.875597 104 75 241
-0.471702 -0.415790 -0.797954 68 75 27
0.871314 -0.408636 0.265037 239 75 161
-0.826031 -0.411006 0.395298 23 75 178
0.334001 -0.401428 -0.829418 171 75 20
0.327458 -0.418780 0.873132 168 75 236
-0.812595 -0.409501 -0.413142 24 75 75
0.861058 -0.401601 -0.239479 240 75 96
-0.491128 -0.416982 0.787029 66 75 226
-0.166229 -0.409085 -0.894547 106 75 13
0.730933 -0.411515 0.550415 220 75 197
-0.890624 -0.402531 0.085936 12 75 139
0.623259 -0.419187 -0.692286 205 75 41
0.007890 -0.410408 0.911700 129 75 244
-0.608669 -0.401947 -0.652990 48 75 42
0.925505 -0.418151 0.073159 243 75 137
-0.716599 -0.409553 0.559316 36 75 199
0.151441 -0.412001 -0.901571 147 75 13
0.487125 -0.403661 0.751339 191 75 225
-0.900616 -0.419573 -0.233766 15 75 98
0.805577 -0.411315 -0.427278 230 75 73
-0.298613 -0.402312 0.840168 89 75 237
-0.361896 -0.419297 -0.855647 82 75 20
0.825944 -0.410043 0.377830 233 75 176
-0.869094 -0.412464 0.280885 17 75 163
0.442614 -0.404816 -0.779227 185 75 26
0.207401 -0.419941 0.905932 153 75 241
-0.750600 -0.412222 -0.518053 32 75 62
0.882272 -0.402695 -0.122102 243 75 112
-0.592912 -0.420419 0.715984 53 75 217
-0.045343 -0.410555 -0.906402 122 75 11
0.649208 -0.412906 0.641188 210 75 209
-0.896302 -0.405997 -0.033675 11 75 123
0.707516 -0.420291 -0.600879 216 75 52
-0.113805 -0.413126 0.905025 113 75 243
-0.514468 -0.403099 -0.725937 60 75 33
0.909183 -0.421515 0.196286 241 75 152
-0.782902 -0.411088 0.457665 27 75 186
0.269520 -0.413327 -0.870773 162 75 17
0.383577 -0.407200 0.811685 177 75 232
-0.858275 -0.420625 -0.350497 20 75 84
0.855732 -0.414027 -0.316179 236 75 87
-0.406708 -0.403526 0.790374 74 75 231
-0.244975 -0.422583 -0.897760 97 75 16
0.766469 -0.411645 0.483510 226 75 189
-0.896026 -0.413727 0.161986 13 75 148
0.544057 -0.408424 -0.715203 198 75 35
0.084429 -0.420945 0.922039 138 75 243
-0.675086 -0.414923 -0.613762 42 75 49
0.888049 -0.403977 -0.003353 244 75 127
-0.684090 -0.423623 0.631449 42 75 206
0.075771 -0.412224 -0.902481 137 75 12
0.556116 -0.414108 0.719710 198 75 219
-0.886353 -0.409668 -0.153334 13 75 108
0.778328 -0.421253 -0.499247 225 75 65
-0.233554 -0.415812 0.882079 98 75 240
-0.411929 -0.404453 -0.785875 74 75 25
0.875981 -0.424633 0.316163 237 75 167
-0.835344 -0.412825 0.348515 20 75 172
0.381943 -0.414470 -0.824283 176 75 22
0.272733 -0.410931 0.858156 163 75 238
-0.800725 -0.421550 -0.460006 27 75 70
0.890514 -0.416692 -0.199305 241 75 102
-0.507159 -0.404956 0.727202 61 75 223
-0.123200 -0.425612 -0.923356 112 75 13
0.693941 -0.413450 0.580387 216 75 202
-0.906457 -0.414816 0.040914 12 74 133
0.636545 -0.412209 -0.638249 209 74 45
-0.039119 -0.421838 0.921376 123 74 243
-0.587346 -0.417562 -0.698459 53 74 39
0.878470 -0.405486 0.114822 242 74 143
-0.762793 -0.426561 0.535017 33 74 194
0.195130 -0.414097 -0.882926 153 74 14
0.453538 -0.415144 0.784601 186 74 228
-0.860745 -0.413502 -0.271025 17 74 93
0.834563 -0.422120 -0.389419 233 74 78
-0.349142 -0.418420 0.843181 83 74 235
-0.302797 -0.406046 -0.831975 88 74 19
0.826471 -0.427478 0.430395 230 74 181
-0.873124 -0.414767 0.233682 16 74 157
0.486633 -0.415459 -0.763145 190 74 30
0.156378 -0.414807 0.889780 148 74 242
-0.729241 -0.422397 -0.560373 36 74 57
0.909189 -0.419265 -0.078782 243 74 117
-0.598427 -0.406637 0.651802 49 74 213
0.001027 -0.428362 -0.931855 128 74 12
0.609588 -0.415460 0.666904 206 74 213
-0.900367 -0.415759 -0.080018 12 74 117
0.718374 -0.416123 -0.549507 219 74 57
-0.160967 -0.422671 0.904193 107 74 242
-0.488942 -0.420096 -0.770509 65 74 30
0.853831 -0.407258 0.230537 239 74 158
-0.827411 -0.429213 0.428568 25 74 181
0.310783 -0.416173 -0.848094 167 74 19
0.343515 -0.416048 0.834795 172 74 235
-0.819704 -0.417447 -0.384690 23 74 78
0.875403 -0.422943 -0.273520 238 74 93
-0.458389 -0.420911 0.788973 69 74 228
-0.188867 -0.407911 -0.863620 103 74 14
0.761598 -0.430032 0.536688 222 74 194
-0.895647 -0.416908 0.115059 13 74 142
0.581719 -0.416326 -0.688679 202 74 39
0.036457 -0.418778 0.905797 132 74 243
-0.645323 -0.423216 -0.649910 46 74 45
0.911328 -0.421709 0.043148 243 74 133
-0.679134 -0.408597 0.565463 39 74 202
0.125232 -0.430817 -0.923056 143 74 13
0.514808 -0.417664 0.741650 193 74 223
-0.878075 -0.416596 -0.198555 15 74 102
0.787956 -0.420112 -0.450363 228 74 70
-0.278945 -0.423492 0.871042 92 74 238
-0.381679 -0.422489 -0.828497 79 74 22
0.814621 -0.409316 0.341980 234 74 172
-0.876640 -0.431568 0.314218 19 74 167
0.420826 -0.418439 -0.798562 181 74 25
0.228186 -0.416859 0.869551 157 74 239
-0.763729 -0.421448 -0.492262 30 74 65
0.900347 -0.423772 -0.153711 242 74 108
-0.559205 -0.423249 0.720419 57 74 219
-0.071961 -0.410069 -0.880393 118 74 12
0.682658 -0.432287 0.632921 212 74 206
-0.902530 -0.419233 -0.005398 12 74 127
0.665574 -0.417117 -0.602439 213 74 50
-0.084947 -0.422785 0.905693 117 74 243
-0.550646 -0.424058 -0.727186 58 74 35
0.896832 -0.423990 0.164174 241 74 148
-0.748059 -0.410856 0.469593 30 74 189
0.246936 -0.432973 -0.897151 158 74 16
0.411157 -0.420044 0.803368 180 74 230
-0.840216 -0.417371 -0.312554 19 74 87
0.843863 -0.424119 -0.342442 235 74 84
-0.391025 -0.424353 0.822744 78 74 232
-0.267573 -0.424709 -0.871279 94 74 17
0.761508 -0.411677 0.447415 227 74 186
-0.909526 -0.433626 0.194262 14 74 152
0.523418 -0.420872 -0.735123 195 74 33
0.109731 -0.417623 0.888451 142 74 242
-0.693613 -0.425448 -0.591709 40 74 53
0.909185 -0.424656 -0.032152 243 74 123
-0.649644 -0.425406 0.638795 45 74 208
0.046076 -0.412532 -0.882068 134 74 12
0.591259 -0.434248 0.717202 201 74 217
-0.893619 -0.421716 -0.125681 13 74 111
0.736840 -0.417876 -0.506160 223 74 62
-0.205644 -0.426771 0.889237 101 73 240
-0.447013 -0.424971 -0.791028 71 73 27
0.865950 -0.426080 0.281979 237 73 163
-0.804139 -0.413422 0.365713 22 73 175
0.363726 -0.434838 -0.854714 173 73 21
0.300345 -0.422573 0.850983 166 73 236
-0.787700 -0.418132 -0.420025 26 73 73
0.884873 -0.428085 -0.227598 239 73 99
-0.495349 -0.425299 0.760346 64 73 224
-0.148808 -0.426731 -0.898016 109 73 14
0.695336 -0.414345 0.545191 218 73 199
-0.925487 -0.435397 0.071104 12 73 136
0.616800 -0.423443 -0.658795 206 73 43
-0.009680 -0.418392 0.891396 126 73 243
-0.610453 -0.429388 -0.681077 50 73 42
0.901988 -0.425641 0.089040 242 73 139
-0.727961 -0.427358 0.545666 35 73 197
0.163392 -0.415302 -0.868615 149 73 14
0.489276 -0.435927 0.787924 188 73 226
-0.868995 -0.424325 -0.243752 16 73 96
0.794437 -0.418658 -0.401707 230 73 75
-0.323379 -0.430678 0.856507 87 73 235
-0.336320 -0.425998 -0.840523 85 73 20
0.819282 -0.427961 0.394291 231 73 178
-0.846474 -0.416291 0.255443 17 73 161
0.473324 -0.436428 -0.796682 186 73 28
0.184225 -0.425216 0.883615 151 73 240
-0.721679 -0.418932 -0.519169 34 73 60
0.910016 -0.431953 -0.107890 242 73 114
-0.590242 -0.426372 0.685096 52 73 215
-0.027682 -0.428540 -0.908207 124 73 12
0.617113 -0.417314 0.633749 208 73 210
-0.924321 -0.436902 -0.052806 12 73 121
0.699328 -0.426116 -0.570816 217 73 55
-0.127939 -0.419217 0.878575 111 73 242
-0.515645 -0.433211 -0.758550 63 73 32
0.879079 -0.426764 0.207818 240 73 154
-0.792664 -0.429095 0.442850 27 73 184
0.278131 -0.418367 -0.840190 164 73 18
0.378792 -0.437350 0.843797 175 73 233
-0.828995 -0.427023 -0.357567 22 73 82
0.837571 -0.419513 -0.291025 236 73 90
-0.435881 -0.434451 0.807919 73 73 229
-0.220517 -0.427176 -0.875011 99 73 16
0.757769 -0.429625 0.498952 224 73 191
-0.874330 -0.419452 0.140505 14 73 146
0.573644 -0.437773 -0.724319 199 73 37
0.064775 -0.427934 0.900612 136 73 242
-0.643499 -0.419824 -0.608398 44 73 48
0.918621 -0.435670 0.014458 243 73 129
-0.674221 -0.427608 0.598402 41 73 204
0.093456 -0.430132 -0.901708 139 73 13
0.528019 -0.420566 0.711626 196 73 220
-0.906204 -0.438172 -0.175045 14 73 106
0.769495 -0.428849 -0.472647 226 73 67
-0.243031 -0.420151 0.850447 96 73 238
-0.410873 -0.436866 -0.822503 76 73 24
0.841012 -0.428060 0.322225 235 73 169
-0.842553 -0.430614 0.332374 20 73 170
0.388441 -0.421709 -0.797152 178 73 24
0.262034 -0.438549 0.883882 160 73 238
-0.774220 -0.429765 -0.465104 29 73 68
0.865722 -0.420496 -0.176092 240 73 105
-0.540923 -0.438039 0.744233 60 73 221
-0.101580 -0.428535 -0.894074 115 73 13
0.682666 -0.431073 0.593975 214 73 203
-0.887152 -0.422879 0.022709 12 73 130
0.662841 -0.438906 -0.639172 210 73 48
-0.055920 -0.430682 0.901570 120 73 242
-0.554662 -0.420860 -0.686345 55 73 38
0.910347 -0.439186 0.137104 241 73 145
-0.746001 -0.429032 0.501812 32 73 192
0.212267 -0.431509 -0.878731 155 73 16
0.429403 -0.424074 0.777478 183 73 228
-0.871671 -0.439244 -0.293278 18 73 91
0.825975 -0.431597 -0.365960 233 73 81
-0.353067 -0.421246 0.807703 81 73 233
-0.298077 -0.440306 -0.871559 90 73 19
0.788551 -0.429552 0.430412 228 73 183
-0.876755 -0.431923 0.216413 16 72 155
0.492490 -0.425295 -0.740068 191 72 32
0.141311 -0.439565 0.907590 145 72 241
-0.705550 -0.432508 -0.564402 38 72 56
0.878626 -0.421654 -0.058887 242 72 120
-0.636386 -0.441398 0.666558 48 72 211
0.018506 -0.430096 -0.897524 130 72 13
0.595512 -0.432315 0.677593 203 72 214
-0.884583 -0.426538 -0.096045 13 72 115
0.739349 -0.439871 -0.543017 220 72 59
-0.175702 -0.433414 0.886365 105 72 240
-0.456783 -0.422088 -0.751868 68 72 29
0.885215 -0.442460 0.257644 238 72 160
-0.804494 -0.430663 0.396985 24 72 178
0.326484 -0.432687 -0.839842 169 72 20
0.322788 -0.427802 0.830093 169 72 235
-0.821581 -0.440164 -0.405316 24 72 77
0.867657 -0.434313 -0.252626 238 72 95
-0.456298 -0.422547 0.751236 68 72 226
-0.179417 -0.443492 -0.904640 105 72 15
0.722654 -0.431254 0.530646 220 72 196
-0.894743 -0.433039 0.097237 13 72 140
0.588482 -0.429085 -0.669727 203 72 41
0.018949 -0.440445 0.914688 130 72 242
-0.624140 -0.435204 -0.653603 48 72 44
0.876261 -0.423035 0.058642 242 72 135
-0.720317 -0.444492 0.576330 38 72 199
0.137767 -0.431869 -0.885399 145 72 14
0.498080 -0.433372 0.748310 191 72 223
-0.866483 -0.430385 -0.213787 16 72 100
0.801905 -0.440717 -0.437802 228 72 72
-0.292379 -0.436084 0.855171 90 72 236
-0.351563 -0.423551 -0.804048 81 72 22
0.843621 -0.445459 0.373680 232 72 174
-0.848813 -0.432508 0.285680 19 72 164
0.433973 -0.433689 -0.785934 183 72 27
0.209867 -0.431702 0.868422 154 72 239
-0.757081 -0.440981 -0.509157 32 72 63
0.893684 -0.436953 -0.134684 241 72 110
-0.551130 -0.424097 0.682111 55 72 217
-0.057216 -0.446393 -0.921004 120 72 13
0.644458 -0.433171 0.621324 210 72 207
-0.896340 -0.433990 -0.022856 13 72 125
0.674686 -0.433031 -0.587148 214 72 52
-0.102763 -0.441239 0.905278 115 72 242
-0.531416 -0.437808 -0.731002 60 72 35
0.858824 -0.424675 0.174601 240 72 150
-0.790998 -0.447294 0.475289 29 72 187
0.254256 -0.433857 -0.857953 160 72 18
0.392326 -0.434276 0.804925 178 72 231
-0.832955 -0.434372 -0.328493 21 72 85
0.849558 -0.441494 -0.325595 235 72 86
-0.403767 -0.438649 0.808477 76 72 230
-0.240757 -0.425285 -0.842177 96 72 17
0.786335 -0.448160 0.482884 225 72 188
-0.878271 -0.434566 0.169738 15 72 149
0.532783 -0.434550 -0.718194 196 72 35
0.092498 -0.435722 0.891610 139 72 242
-0.679559 -0.441747 -0.603021 42 72 51
0.903488 -0.439473 -0.014308 242 72 126
-0.636124 -0.425928 0.601543 44 72 206
0.066099 -0.448992 -0.920281 136 72 13
0.555269 -0.435297 0.700977 199 72 217
-0.881710 -0.434813 -0.141602 14 72 109
0.749472 -0.437079 -0.493594 223 72 64
-0.221625 -0.442001 0.879773 100 72 239
-0.429060 -0.440280 -0.795090 73 72 27
0.826710 -0.426605 0.287160 236 72 165
-0.846995 -0.449789 0.365430 22 72 173
0.366062 -0.436049 -0.815654 174 72 23
0.280330 -0.435066 0.846555 164 72 236
-0.784365 -0.438441 -0.438113 27 72 72
0.881668 -0.442257 -0.208521 239 72 101
-0.507749 -0.441069 0.747091 63 72 222
-0.126158 -0.427317 -0.865749 111 72 14
0.714484 -0.450552 0.583070 216 72 200
-0.892389 -0.436823 0.051069 13 72 134
0.621190 -0.435311 -0.638061 207 72 45
-0.027314 -0.439805 0.899030 124 71 242
-0.590598 -0.442516 -0.685374 53 71 41
0.896820 -0.441837 0.106237 241 71 141
-0.709998 -0.428064 0.510871 35 71 194
0.188066 -0.451280 -0.902483 151 71 15
0.456556 -0.437616 0.768288 186 71 226
-0.851343 -0.435550 -0.256822 18 71 94
0.811343 -0.441170 -0.390568 231 71 78
-0.335562 -0.442782 0.838867 85 71 234
-0.318981 -0.442584 -0.844607 87 71 20
0.780500 -0.428846 0.394564 230 71 179
-0.887200 -0.451973 0.248953 17 71 158
0.471330 -0.438427 -0.759189 188 71 30
0.164239 -0.435786 0.872644 149 71 240
-0.721365 -0.442532 -0.540611 36 71 59
0.897897 -0.443056 -0.088725 241 71 116
-0.602324 -0.443310 0.672140 51 71 213
-0.009582 -0.429664 -0.874452 126 71 13
0.629526 -0.452632 0.672255 206 71 211
-0.890908 -0.439257 -0.068360 13 71 119
0.697725 -0.436019 -0.547175 218 71 57
-0.147443 -0.443891 0.890319 109 71 240
-0.491931 -0.443339 -0.754938 65 71 32
0.873768 -0.444013 0.224651 238 71 156
-0.771626 -0.430517 0.411551 27 71 181
0.306258 -0.453258 -0.868008 166 71 20
0.349944 -0.440103 0.822105 172 71 233
-0.806020 -0.436253 -0.366472 23 71 80
0.858991 -0.445243 -0.279806 236 71 92
-0.442656 -0.443634 0.783497 71 71 227
-0.203270 -0.444692 -0.878580 102 71 16
0.720947 -0.431407 0.495139 222 71 192
-0.910867 -0.453851 0.128198 14 71 143
0.568276 -0.440964 -0.689462 200 71 39
0.046209 -0.436488 0.882949 133 71 242
-0.644902 -0.446586 -0.634008 46 71 47
0.898191 -0.443941 0.031675 242 71 132
-0.685667 -0.445347 0.585046 41 71 202
0.107140 -0.432331 -0.868167 141 71 14
0.533204 -0.454412 0.748712 194 71 221
-0.873797 -0.441838 -0.186541 16 71 104
0.761194 -0.436728 -0.447331 226 71 70
-0.265678 -0.447919 0.865412 94 71 237
-0.385394 -0.444263 -0.810691 78 71 24
0.834767 -0.445978 0.338655 233 71 170
-0.820042 -0.433291 0.305140 20 71 167
0.418351 -0.454941 -0.817623 180 71 26
0.237204 -0.442725 0.861463 158 71 238
-0.746774 -0.436973 -0.468685 31 71 67
0.891332 -0.449238 -0.163258 240 71 107
-0.541163 -0.444601 0.714809 59 71 219
-0.084160 -0.446583 -0.896357 117 71 14
0.648972 -0.434285 0.587296 212 71 204
-0.917625 -0.455441 0.005578 13 71 128
0.655215 -0.443622 -0.607598 211 71 50
-0.071641 -0.437227 0.877530 118 71 241
-0.556225 -0.450543 -0.716435 57 71 37
0.882754 -0.444956 0.150619 240 71 147
-0.756179 -0.447163 0.487501 32 71 189
0.222169 -0.435313 -0.846960 156 71 17
0.427493 -0.455912 0.811020 181 71 228
-0.841272 -0.444529 -0.301448 20 71 89
0.810681 -0.437491 -0.340419 233 71 83
-0.379770 -0.451830 0.824566 80 71 231
-0.272895 -0.445330 -0.851865 93 71 19
0.780597 -0.447718 0.446055 227 71 184
-0.854438 -0.436375 0.193298 16 71 153
0.522187 -0.456354 -0.752438 193 71 34
0.120240 -0.445442 0.885608 143 71 241
-0.674856 -0.437767 -0.561788 40 71 54
0.907563 -0.453098 -0.043058 241 71 122
-0.629529 -0.445723 0.634128 47 71 208
0.036040 -0.448248 -0.897632 132 71 14
0.565666 -0.437468 0.669541 201 71 215
-0.907480 -0.456771 -0.116488 14 71 113
0.730588 -0.446362 -0.514943 221 71 62
-0.187270 -0.438057 0.856722 103 71 239
-0.456875 -0.454345 -0.786191 70 71 29
0.852034 -0.446138 0.266126 236 70 162
-0.812536 -0.448752 0.381423 24 70 176
0.333667 -0.438593 -0.811091 171 70 22
0.314540 -0.457163 0.858087 167 70 235
-0.793806 -0.447285 -0.411063 26 70 75
0.845547 -0.438364 -0.228389 238 70 98
-0.487484 -0.455569 0.768378 66 70 224
-0.156382 -0.446574 -0.877936 108 70 15
0.712363 -0.449231 0.544799 218 70 197
-0.874180 -0.439748 0.077777 14 70 138
0.615826 -0.457531 -0.673861 204 70 43
0.001073 -0.448211 0.894024 128 70 241
-0.591683 -0.438688 -0.644330 50 70 44
0.907192 -0.456768 0.078519 241 70 137
-0.706389 -0.447033 0.542923 37 70 197
0.155001 -0.449686 -0.882455 147 70 15
0.472285 -0.440931 0.740485 189 70 224
-0.880801 -0.457878 -0.235644 17 70 98
0.792992 -0.449137 -0.413060 229 70 75
-0.298749 -0.439033 0.821105 89 70 235
-0.348662 -0.457941 -0.841791 84 70 22
0.806690 -0.447515 0.376317 231 70 176
-0.853724 -0.450116 0.268906 19 70 162
0.439809 -0.442142 -0.761024 184 70 29
0.196602 -0.458205 0.889173 152 70 239
-0.732141 -0.450062 -0.513411 34 70 62
0.865417 -0.439400 -0.113202 240 70 113
-0.586665 -0.459086 0.697788 54 70 215
-0.037816 -0.448021 -0.888613 123 70 14
0.631466 -0.450524 0.633032 208 70 208
-0.878821 -0.443379 -0.039580 14 70 122
0.697588 -0.458513 -0.583554 215 70 54
-0.118188 -0.450983 0.886456 112 70 240
-0.498807 -0.439790 -0.715077 62 70 34
0.890074 -0.460202 0.199115 239 70 152
-0.770578 -0.448552 0.442788 29 70 184
0.270440 -0.450908 -0.851229 162 70 19
0.370259 -0.444640 0.798861 175 70 231
-0.838296 -0.458805 -0.349650 22 70 84
0.841226 -0.451900 -0.303713 235 70 89
-0.404284 -0.440206 0.771474 75 70 228
-0.233632 -0.461288 -0.882027 98 70 18
0.747584 -0.449107 0.479423 223 70 189
-0.879063 -0.451271 0.152162 15 70 147
0.538796 -0.445923 -0.697437 197 70 37
0.075978 -0.459083 0.903887 137 70 241
-0.657298 -0.452809 -0.606600 44 70 50
0.870161 -0.440649 0.003200 241 70 128
-0.675296 -0.462341 0.614074 43 70 204
0.080843 -0.449687 -0.883831 138 70 14
0.539561 -0.451614 0.709147 196 70 218
-0.868118 -0.447227 -0.156853 16 70 107
0.766086 -0.459349 -0.483373 224 70 67
-0.235383 -0.453711 0.862941 98 70 237
-0.397874 -0.441120 -0.773019 75 70 26
0.856431 -0.463362 0.316342 234 70 167
-0.821122 -0.450292 0.335418 22 70 170
0.380176 -0.451937 -0.804692 176 70 25
0.261186 -0.448549 0.843553 161 70 236
-0.780976 -0.459604 -0.456437 29 70 70
0.874320 -0.454602 -0.188849 239 70 104
-0.502225 -0.441621 0.708808 62 70 220
-0.114019 -0.464350 -0.906009 113 70 15
0.675758 -0.450922 0.573793 214 70 201
-0.888220 -0.452241 0.033459 14 70 132
0.628879 -0.449888 -0.621232 208 70 48
-0.045043 -0.459851 0.902181 122 70 241
-0.570567 -0.455481 -0.688864 55 70 40
0.859874 -0.442153 0.118916 240 70 143
-0.751564 -0.465303 0.518827 34 70 192
0.197653 -0.451577 -0.863741 153 70 17
0.438507 -0.452529 0.771820 184 70 226
-0.842059 -0.451241 -0.272056 19 70 93
0.820235 -0.460092 -0.375315 231 70 80
-0.348338 -0.456347 0.823816 83 70 232
-0.290597 -0.442718 -0.817359 89 70 20
0.806857 -0.466220 0.427856 228 70 181
-0.857249 -0.452256 0.222600 18 70 156
0.482193 -0.452802 -0.743893 189 70 32
0.146834 -0.452607 0.873620 146 69 239
-0.710111 -0.460328 -0.554139 38 69 58
0.891576 -0.457198 -0.070565 241 69 119
-0.591077 -0.443316 0.634241 50 69 211
0.007813 -0.467102 -0.913200 128 69 14
0.592429 -0.452959 0.657913 203 69 212
-0.881206 -0.453061 -0.084940 15 69 117
0.708392 -0.453982 -0.533549 218 69 59
-0.164240 -0.460562 0.884327 107 69 239
-0.473501 -0.458032 -0.758616 67 69 31
0.834859 -0.443948 0.232105 237 69 158
-0.813914 -0.467949 0.413913 26 69 179
0.310704 -0.453686 -0.828708 167 69 21
0.330314 -0.453308 0.820031 170 69 233
-0.800884 -0.455366 -0.383167 25 69 79
0.859264 -0.460796 -0.261464 236 69 94
-0.454921 -0.458848 0.769738 70 69 225
-0.178734 -0.444616 -0.847505 104 69 17
0.742311 -0.468759 0.531421 220 69 194
-0.878389 -0.454435 0.106193 15 69 141
0.574677 -0.453544 -0.670145 201 69 41
0.029124 -0.456755 0.888333 131 69 241
-0.627182 -0.461032 -0.641128 48 69 46
0.892600 -0.459645 0.048931 241 69 134
-0.669499 -0.445319 0.549043 40 69 199
0.129435 -0.469532 -0.903439 144 69 15
0.498976 -0.455206 0.730404 191 69 221
-0.858362 -0.453773 -0.200834 17 69 102
0.775785 -0.458147 -0.435768 226 69 72
-0.279499 -0.461271 0.850886 92 69 235
-0.367891 -0.460422 -0.814488 81 69 24
0.795606 -0.446059 0.340994 232 69 172
-0.861099 -0.470270 0.301424 21 69 165
0.418132 -0.455998 -0.779311 181 69 28
0.217081 -0.453994 0.853083 155 69 237
-0.745107 -0.459540 -0.488159 33 69 65
0.882702 -0.461516 -0.143936 239 69 109
-0.553090 -0.461177 0.701681 57 69 216
-0.064073 -0.446836 -0.863059 119 69 15
0.664091 -0.470971 0.624976 210 69 205
-0.884182 -0.456809 -0.011879 14 69 126
0.656058 -0.454211 -0.584988 212 69 52
-0.089889 -0.460931 0.887207 116 69 240
-0.533840 -0.461769 -0.716020 60 69 37
0.877326 -0.461910 0.167371 239 69 149
-0.736306 -0.447650 0.454600 31 69 187
0.248421 -0.471637 -0.876948 158 69 19
0.396938 -0.457640 0.790050 178 69 229
-0.820330 -0.454425 -0.312136 22 69 87
0.829672 -0.462319 -0.329503 233 69 86
-0.388850 -0.462032 0.802680 78 69 229
-0.255731 -0.462619 -0.855384 95 69 19
0.742779 -0.448501 0.443891 225 69 186
-0.892215 -0.472268 0.183622 17 69 150
0.518136 -0.458487 -0.716344 194 69 36
0.100944 -0.454639 0.870595 141 69 240
-0.675530 -0.463701 -0.585037 42 69 53
0.890370 -0.462306 -0.024844 241 69 124
-0.640953 -0.463303 0.620921 46 69 206
0.051581 -0.449389 -0.863813 134 69 15
0.573800 -0.472865 0.706691 199 69 215
-0.874490 -0.459351 -0.129645 16 69 111
0.725027 -0.454855 -0.490132 221 69 64
-0.208048 -0.465074 0.870040 101 69 238
-0.431860 -0.462593 -0.777689 73 69 29
0.846027 -0.463963 0.282483 235 69 163
-0.790465 -0.450314 0.352408 24 69 174
0.362416 -0.473428 -0.834321 173 69 24
0.288001 -0.460229 0.835805 164 69 234
-0.768026 -0.455074 -0.416915 28 69 74
0.868872 -0.466436 -0.216592 237 69 100
-0.490486 -0.462895 0.740751 65 69 222
-0.139173 -0.464597 -0.880510 110 69 16
0.677215 -0.451276 0.539182 216 69 198
-0.906725 -0.473958 0.062868 15 69 135
0.608998 -0.461121 -0.640820 205 69 46
-0.015979 -0.455299 0.872492 125 69 241
-0.593254 -0.467785 -0.671897 53 69 43
0.882353 -0.463213 0.093747 240 68 139
-0.716819 -0.465205 0.529015 37 68 195
0.166410 -0.452274 -0.849747 149 68 17
0.473295 -0.474457 0.775018 186 68 224
-0.849413 -0.462024 -0.245103 19 68 96
0.780553 -0.455532 -0.387409 229 68 77
-0.323137 -0.469118 0.836936 87 68 233
-0.323099 -0.463549 -0.825261 86 68 22
0.799322 -0.465787 0.392049 229 68 177
-0.831104 -0.453307 0.244061 19 68 159
0.469203 -0.474925 -0.776507 186 68 31
0.173993 -0.462937 0.866824 150 68 238
-0.702591 -0.455775 -0.513427 36 68 61
0.892457 -0.470435 -0.099069 240 68 115
-0.582783 -0.463904 0.666330 53 68 213
-0.020475 -0.466343 -0.889405 125 68 15
0.599912 -0.454375 0.625342 206 68 209
-0.904465 -0.475364 -0.058438 15 68 120
0.689112 -0.463858 -0.553971 215 68 57
-0.131631 -0.456030 0.858984 110 68 239
-0.499674 -0.471731 -0.746969 65 68 34
0.858986 -0.464279 0.209840 237 68 154
-0.779250 -0.466872 0.427766 29 68 182
0.278594 -0.455477 -0.821027 164 68 21
0.364629 -0.475775 0.828724 173 68 231
-0.809299 -0.464785 -0.356249 24 68 82
0.821881 -0.456300 -0.278725 234 68 91
-0.432930 -0.473007 0.788332 73 68 226
-0.209467 -0.464676 -0.858107 101 68 18
0.738159 -0.467375 0.493966 221 68 190
-0.857512 -0.456612 0.131253 16 68 145
0.566760 -0.476159 -0.704770 198 68 40
0.056863 -0.465717 0.882482 135 68 240
-0.625356 -0.456586 -0.600134 46 68 49
0.899795 -0.474258 0.020871 240 68 130
-0.664305 -0.465095 0.580808 43 68 202
0.098059 -0.467851 -0.881957 140 68 15
0.512038 -0.457778 0.700945 194 68 219
-0.885641 -0.476519 -0.177930 17 68 105
0.757014 -0.466652 -0.457245 224 68 69
-0.244052 -0.456890 0.830537 96 68 236
-0.396464 -0.475485 -0.808679 78 68 26
0.820826 -0.465537 0.321527 232 68 169
-0.827098 -0.468302 0.319174 22 68 168
0.386319 -0.458975 -0.778017 178 68 27
0.249992 -0.476857 0.866920 159 68 236
-0.754759 -0.467587 -0.461103 31 68 69
0.848520 -0.457215 -0.166017 238 68 106
-0.535250 -0.476684 0.725004 61 68 218
-0.092901 -0.466004 -0.875833 116 68 15
0.663796 -0.468728 0.586307 212 68 202
-0.869158 -0.460200 0.015767 15 68 130
0.653304 -0.477172 -0.620646 209 68 50
-0.061336 -0.468522 0.882407 120 68 240
-0.537798 -0.457563 -0.675718 57 68 39
0.890583 -0.477855 0.140924 239 68 145
-0.733806 -0.466496 0.485704 34 68 190
0.214142 -0.469130 -0.858408 155 68 18
0.414927 -0.461453 0.764680 181 68 227
-0.850802 -0.477469 -0.293334 21 68 91
0.811420 -0.469454 -0.352300 231 68 83
-0.351402 -0.457934 0.787842 82 68 230
-0.285548 -0.478996 -0.855702 92 68 21
0.768633 -0.467012 0.427006 226 68 182
-0.859538 -0.469507 0.205379 18 68 154
0.487787 -0.462731 -0.721287 191 68 34
0.131647 -0.477748 0.889061 144 68 239
-0.686678 -0.470381 -0.557749 40 68 57
0.860233 -0.458332 -0.051217 240 68 121
-0.628031 -0.480105 0.648067 49 68 208
0.024659 -0.467555 -0.878272 131 68 15
0.577762 -0.469862 0.667363 201 68 213
-0.865705 -0.464033 -0.100530 16 68 115
0.727328 -0.478012 -0.525888 219 68 62
-0.178486 -0.471301 0.866499 105 68 238
-0.441505 -0.458757 -0.739078 70 68 31
0.864874 -0.481182 0.258732 235 68 160
-0.790236 -0.468124 0.382652 26 68 177
0.325564 -0.470195 -0.819340 169 68 23
0.310085 -0.465356 0.815367 167 67 233
-0.800818 -0.478262 -0.402522 27 67 77
0.851257 -0.472213 -0.240983 236 67 97
-0.451985 -0.459211 0.731785 68 67 223
-0.169058 -0.482225 -0.887007 106 67 17
0.703358 -0.468718 0.524590 218 67 195
-0.876085 -0.470508 0.088608 16 67 139
0.581241 -0.466700 -0.651627 202 67 44
0.011868 -0.478501 0.894947 129 67 240
-0.606210 -0.473115 -0.644375 50 67 46
0.857013 -0.459697 0.063774 240 67 136
-0.709380 -0.483232 0.558958 39 67 197
0.141282 -0.469339 -0.865474 146 67 17
0.481809 -0.470801 0.735694 189 67 222
-0.847033 -0.468061 -0.215698 19 67 100
0.787623 -0.478731 -0.422416 227 67 74
-0.292435 -0.474005 0.834953 90 67 234
-0.338143 -0.460214 -0.789330 83 67 24
0.823088 -0.484204 0.371948 230 67 174
-0.832738 -0.469985 0.273378 21 67 163
0.430252 -0.471077 -0.765653 183 67 30
0.199187 -0.469437 0.851991 153 67 237
-0.736830 -0.478954 -0.503554 35 67 64
0.875710 -0.474881 -0.125307 239 67 112
-0.544251 -0.460765 0.663420 56 67 214
-0.049284 -0.485140 -0.901903 121 67 15
0.626124 -0.470657 0.612718 208 67 206
-0.876594 -0.471336 -0.028892 15 67 124
0.664990 -0.470827 -0.570055 213 67 54
-0.107112 -0.479172 0.884705 114 67 239
-0.514776 -0.475742 -0.719324 62 67 36
0.839066 -0.461350 0.177107 237 67 151
-0.777634 -0.486039 0.459405 31 67 185
0.255062 -0.471354 -0.837702 160 67 20
0.377864 -0.471581 0.790152 176 67 229
-0.813260 -0.472228 -0.327751 23 67 86
0.833284 -0.479387 -0.312255 233 67 88
-0.401047 -0.476586 0.788275 77 67 228
-0.229430 -0.461971 -0.825795 97 67 19
0.766013 -0.486900 0.478303 223 67 187
-0.860654 -0.472075 0.159689 17 67 148
0.526315 -0.471812 -0.698534 195 67 38
0.084066 -0.473638 0.873729 138 67 239
-0.660214 -0.479601 -0.594709 44 67 52
0.884246 -0.477412 -0.007412 240 67 127
-0.626803 -0.462628 0.583941 45 67 204
0.071394 -0.487724 -0.900058 136 67 16
0.538222 -0.472820 0.689960 196 67 216
-0.861257 -0.472033 -0.144910 17 67 109
0.737441 -0.475054 -0.477829 222 67 67
-0.223152 -0.479817 0.858763 99 67 236
-0.414044 -0.478219 -0.781139 75 67 28
0.806791 -0.463323 0.286997 233 67 165
-0.831418 -0.488509 0.351382 24 67 171
0.364132 -0.473588 -0.795429 174 67 26
0.267969 -0.472244 0.829903 162 67 234
-0.764768 -0.476474 -0.434676 30 67 72
0.863712 -0.480036 -0.197488 237 67 103
-0.502254 -0.479004 0.727286 64 67 220
-0.117122 -0.464055 -0.847991 112 67 16
0.694783 -0.489258 0.575673 214 67 199
-0.873529 -0.474379 0.043460 16 67 133
0.612088 -0.472448 -0.619407 206 67 48
-0.033302 -0.477895 0.879985 123 67 239
-0.572531 -0.480261 -0.674509 55 67 42
0.876651 -0.479767 0.110479 239 67 142
-0.698398 -0.464826 0.494666 36 67 192
0.190564 -0.489968 -0.881520 151 67 18
0.441100 -0.475190 0.755036 184 67 224
-0.830577 -0.472646 -0.257327 20 67 94
0.797142 -0.479315 -0.376440 229 67 80
-0.334235 -0.480493 0.817819 85 67 231
-0.305901 -0.480507 -0.828607 89 67 22
0.760765 -0.465635 0.391734 227 67 179
-0.869680 -0.490642 0.237059 19 67 157
0.466679 -0.476020 -0.739343 187 67 33
0.154226 -0.472842 0.854428 147 67 238
-0.702218 -0.480732 -0.534481 38 67 60
0.878598 -0.480735 -0.080210 239 66 117
-0.594111 -0.481223 0.653114 52 66 210
-0.002998 -0.466482 -0.855626 127 66 16
0.610852 -0.491279 0.662136 203 66 210
-0.871124 -0.476870 -0.073377 16 66 118
0.686157 -0.473036 -0.529891 216 66 59
-0.150823 -0.482143 0.870428 108 66 238
-0.475482 -0.480988 -0.741724 67 66 33
0.853040 -0.481914 0.226113 236 66 156
-0.757943 -0.467369 0.397025 28 66 179
0.305860 -0.491880 -0.846712 166 66 22
0.336362 -0.477736 0.806832 171 66 231
-0.785340 -0.473231 -0.364158 26 66 80
0.842825 -0.483546 -0.267608 234 66 94
-0.438499 -0.481255 0.762807 72 66 224
-0.192409 -0.482578 -0.860801 103 66 18
0.701738 -0.468294 0.489684 219 66 192
-0.891721 -0.492446 0.118732 17 66 142
0.560962 -0.478618 -0.670345 199 66 42
0.038740 -0.473430 0.863517 133 66 239
-0.626566 -0.484938 -0.625233 48 66 49
0.877909 -0.481536 0.037513 239 66 132
-0.674847 -0.483217 0.567177 42 66 199
0.111151 -0.469257 -0.848591 142 66 17
0.515948 -0.492977 0.736031 192 66 219
-0.853427 -0.479514 -0.188854 18 66 103
0.747378 -0.473635 -0.431749 224 66 72
-0.266325 -0.486316 0.845018 94 66 234
-0.370870 -0.481834 -0.795374 80 66 26
0.813871 -0.483828 0.337264 231 66 170
-0.804502 -0.470258 0.292550 22 66 166
0.415019 -0.493475 -0.796416 179 66 28
0.225753 -0.480422 0.844416 156 66 235
-0.726576 -0.473847 -0.463592 33 66 67
0.873453 -0.487680 -0.153264 238 66 108
-0.534256 -0.482150 0.694862 59 66 216
-0.075762 -0.484412 -0.877114 118 66 16
0.630621 -0.471296 0.579296 210 66 203
-0.897212 -0.493941 -0.001233 16 66 127
0.645337 -0.481341 -0.589553 210 66 52
-0.076421 -0.474069 0.857251 118 66 239
-0.539060 -0.489026 -0.705113 60 66 39
0.861865 -0.482486 0.153674 237 66 147
-0.742922 -0.484969 0.471153 33 66 187
0.223524 -0.472370 -0.826964 157 66 20
0.412021 -0.494377 0.795994 179 66 227
-0.820667 -0.482269 -0.300985 23 66 89
0.794879 -0.474303 -0.326836 231 66 85
-0.377604 -0.490351 0.804036 80 66 229
-0.260562 -0.482842 -0.834728 94 66 21
0.759935 -0.485499 0.441794 224 66 184
-0.837294 -0.473479 0.182871 18 66 151
0.515949 -0.494783 -0.731744 192 66 36
0.111147 -0.483204 0.867067 142 66 238
-0.655520 -0.474552 -0.554016 42 66 55
0.888261 -0.491655 -0.035510 239 66 123
-0.619998 -0.483221 0.615287 48 66 206
0.041774 -0.486000 -0.877278 133 66 16
0.548490 -0.474623 0.659114 199 66 213
-0.886193 -0.495162 -0.120476 17 66 112
0.718288 -0.484144 -0.498302 219 66 64
-0.189275 -0.474817 0.835978 103 66 236
-0.441233 -0.492935 -0.772469 72 66 31
0.830918 -0.483623 0.266344 234 66 162
-0.797066 -0.486475 0.366936 26 66 174
0.332323 -0.475801 -0.791013 171 66 25
0.301182 -0.495514 0.840989 165 66 232
-0.773327 -0.485088 -0.407797 29 66 75
0.828057 -0.475101 -0.217056 235 66 99
-0.482475 -0.494190 0.748097 67 66 221
-0.146462 -0.484049 -0.859291 109 66 18
0.692341 -0.486923 0.537711 216 66 196
-0.855710 -0.477009 0.069710 16 66 137
0.606774 -0.495842 -0.654099 203 66 46
-0.005467 -0.486033 0.874296 127 66 239
-0.573569 -0.475406 -0.634025 53 66 45
0.886799 -0.495416 0.083418 238 66 138
-0.694408 -0.484499 0.525528 39 66 195
0.157925 -0.487345 -0.861372 148 66 18
0.456590 -0.478249 0.727784 187 65 222
-0.859054 -0.496148 -0.236701 20 65 98
0.778456 -0.486977 -0.398140 227 65 77
-0.297946 -0.475734 0.800281 89 65 232
-0.334880 -0.496613 -0.825872 86 65 24
0.785728 -0.484976 0.373694 228 65 175
-0.836315 -0.487741 0.256587 21 65 160
0.435758 -0.479516 -0.741206 184 65 32
0.185641 -0.496433 0.870323 151 65 236
-0.712159 -0.487919 -0.507358 37 65 63
0.846565 -0.476086 -0.104324 238 65 114
-0.578837 -0.497779 0.678151 55 65 212
-0.030487 -0.485479 -0.868794 124 65 16
0.612482 -0.488112 0.623223 206 65 207
-0.859324 -0.480811 -0.045122 16 65 122
0.685879 -0.496699 -0.565123 213 65 57
-0.122020 -0.488856 0.865880 112 65 238
-0.482245 -0.476465 -0.702434 65 65 36
0.868955 -0.498913 0.201202 236 65 153
-0.756358 -0.486008 0.427150 31 65 182
0.270464 -0.488459 -0.829821 162 65 22
0.356331 -0.482131 0.784075 174 65 229
-0.816516 -0.496949 -0.347733 25 65 84
0.824681 -0.489787 -0.290810 232 65 91
-0.400692 -0.476872 0.750952 75 65 226
-0.222022 -0.500013 -0.864165 100 65 20
0.727147 -0.486564 0.474002 221 65 188
-0.860034 -0.488783 0.142274 18 65 146
0.532070 -0.483474 -0.678221 196 65 40
0.067648 -0.497184 0.883644 136 65 238
-0.638180 -0.490710 -0.597826 46 65 51
0.850292 -0.477309 0.009465 239 65 129
-0.664734 -0.501078 0.595479 45 65 202
0.085447 -0.487148 -0.863187 138 65 17
0.521998 -0.489086 0.696781 194 65 216
-0.847915 -0.484838 -0.159737 18 65 107
0.751932 -0.497408 -0.466643 222 65 69
-0.236392 -0.491623 0.841876 97 65 235
-0.383162 -0.477778 -0.758272 77 65 28
0.834981 -0.502107 0.315511 231 65 167
-0.804912 -0.487758 0.321817 24 65 169
0.377273 -0.489369 -0.783377 176 65 27
0.249293 -0.486221 0.826905 160 65 234
-0.759589 -0.497621 -0.451566 32 65 71
0.856034 -0.492524 -0.178232 236 65 105
-0.495914 -0.478280 0.688957 63 65 218
-0.104859 -0.503099 -0.886507 114 65 17
0.656210 -0.488396 0.565666 212 65 200
-0.867930 -0.489632 0.026218 16 65 131
0.619551 -0.487620 -0.602961 207 65 50
-0.050567 -0.497826 0.880933 121 65 238
-0.552680 -0.493411 -0.677484 57 65 41
0.839348 -0.478817 0.122460 237 65 144
-0.738412 -0.504053 0.501663 36 65 190
0.199444 -0.489059 -0.842634 153 65 19
0.422721 -0.489878 0.757117 182 65 224
-0.821488 -0.489034 -0.272188 22 65 93
0.803901 -0.498025 -0.360619 229 65 82
-0.346459 -0.494282 0.802642 84 65 229
-0.277995 -0.479389 -0.800773 91 65 23
0.785490 -0.504969 0.424056 225 65 180
-0.839327 -0.489750 0.211281 20 65 155
0.476397 -0.490109 -0.723085 189 65 35
0.137219 -0.490461 0.855366 145 65 237
-0.689532 -0.498221 -0.546398 41 65 59
0.871859 -0.495137 -0.062469 238 65 120
-0.582162 -0.479997 0.615414 51 65 208
0.014288 -0.505846 -0.892407 129 65 17
0.574114 -0.490465 0.647209 201 65 210
-0.860041 -0.490325 -0.089374 17 65 116
0.696577 -0.491896 -0.516559 217 65 61
-0.166842 -0.498416 0.862481 106 65 236
-0.457198 -0.495973 -0.744797 69 65 33
0.814039 -0.480644 0.232866 234 65 158
-0.798375 -0.506684 0.398549 28 65 177
0.309638 -0.491206 -0.807504 167 65 24
0.316622 -0.490530 0.803264 168 65 231
-0.780299 -0.493339 -0.380491 28 65 79
0.841059 -0.498612 -0.249090 234 64 96
-0.450139 -0.496789 0.748848 70 64 222
-0.168464 -0.481329 -0.829374 105 64 19
0.721453 -0.507483 0.524666 217 64 193
-0.859059 -0.491971 0.097365 17 64 140
0.566085 -0.490725 -0.650254 200 64 44
0.022002 -0.494786 0.868763 130 64 238
-0.607808 -0.498811 -0.630658 51 64 48
0.871796 -0.497583 0.054311 238 64 134
-0.658136 -0.482053 0.531570 41 64 197
0.133041 -0.508243 -0.881741 144 64 18
0.482221 -0.492759 0.717299 189 64 219
-0.836729 -0.490911 -0.202362 20 64 101
0.761642 -0.496236 -0.420387 224 64 74
-0.279125 -0.499015 0.828859 92 64 232
-0.353505 -0.498355 -0.798448 83 64 26
0.774856 -0.482816 0.338959 229 64 172
-0.843435 -0.508963 0.288202 23 64 163
0.414211 -0.493569 -0.758380 181 64 30
0.205759 -0.491091 0.834567 154 64 235
-0.724874 -0.497685 -0.482662 35 64 66
0.862969 -0.499227 -0.134124 237 64 111
-0.545446 -0.499103 0.681474 58 64 214
-0.056316 -0.483620 -0.843697 120 64 17
0.644166 -0.509645 0.615342 208 64 204
-0.863772 -0.494400 -0.018045 17 64 125
0.644824 -0.491268 -0.566401 211 64 54
-0.094336 -0.499131 0.866643 116 64 237
-0.516039 -0.499448 -0.703017 62 64 38
0.855810 -0.499825 0.169887 236 64 149
-0.722689 -0.484463 0.438787 33 64 185
0.249032 -0.510289 -0.854760 158 64 21
0.382047 -0.495250 0.774752 176 64 227
-0.798645 -0.491443 -0.310719 24 64 87
0.813403 -0.500571 -0.316043 231 64 87
-0.385504 -0.499681 0.780886 79 64 227
-0.243567 -0.500523 -0.837390 97 64 21
0.722459 -0.485347 0.439088 222 64 185
-0.872740 -0.510895 0.172843 19 64 149
0.511405 -0.496118 -0.696054 193 64 38
0.092215 -0.491619 0.850682 139 64 237
-0.656023 -0.502003 -0.576756 44 64 55
0.869479 -0.499926 -0.017776 238 64 125
-0.630544 -0.501193 0.601793 48 64 204
0.056684 -0.486271 -0.843552 135 64 17
0.555222 -0.511464 0.694322 197 64 214
-0.853348 -0.497003 -0.133018 18 64 110
0.711362 -0.491797 -0.473208 220 64 66
-0.209677 -0.503425 0.848831 101 64 235
-0.415964 -0.500187 -0.762397 75 64 31
0.824199 -0.501836 0.282040 232 64 163
-0.774821 -0.487235 0.338533 26 64 172
0.359972 -0.511998 -0.812078 172 64 27
0.275252 -0.497903 0.818563 163 64 232
-0.746703 -0.491981 -0.412575 31 64 74
0.850724 -0.504834 -0.205345 235 64 102
-0.484231 -0.500465 0.719595 66 64 219
-0.129500 -0.502451 -0.860876 111 64 18
0.657675 -0.488237 0.531682 213 64 197
-0.885799 -0.512496 0.054787 17 64 134
0.599546 -0.498817 -0.621532 204 64 48
-0.021946 -0.492172 0.851559 125 64 238
-0.574849 -0.506227 -0.660916 55 64 44
0.860691 -0.500761 0.097939 237 64 140
-0.703803 -0.503038 0.511351 38 64 192
0.168758 -0.489279 -0.828928 150 64 19
0.456454 -0.512961 0.760120 184 64 222
-0.827901 -0.499741 -0.245595 22 64 96
0.764715 -0.492373 -0.372470 227 64 79
-0.321850 -0.507602 0.815460 87 64 230
-0.309401 -0.501077 -0.807961 88 64 24
0.777597 -0.503597 0.388610 226 64 177
-0.813688 -0.490359 0.232374 21 64 158
0.463711 -0.513394 -0.754652 185 64 34
0.163633 -0.500676 0.847918 148 64 236
-0.682033 -0.492586 -0.506245 39 64 62
0.872721 -0.508958 -0.090299 237 64 116
-0.573735 -0.501414 0.646201 54 64 210
-0.013518 -0.504127 -0.868485 126 63 17
0.581492 -0.491475 0.615256 203 63 208
-0.882487 -0.513796 -0.063626 18 63 120
0.677075 -0.501618 -0.536036 214 63 59
-0.134724 -0.492814 0.837426 110 63 236
-0.482741 -0.510291 -0.733427 67 63 35
0.836949 -0.501774 0.211079 234 63 154
-0.763840 -0.504629 0.411929 30 63 180
0.278127 -0.492628 -0.800003 164 63 23
0.349881 -0.514169 0.811563 171 63 229
-0.787793 -0.502567 -0.353815 27 63 82
0.804167 -0.493058 -0.266051 232 63 93
-0.428679 -0.511600 0.766985 74 63 224
-0.198216 -0.502158 -0.839115 102 63 20
0.716961 -0.505102 0.487557 219 63 189
-0.838608 -0.493815 0.121970 18 63 143
0.558292 -0.514514 -0.683742 197 63 42
0.049108 -0.503519 0.862228 134 63 237
-0.605947 -0.493322 -0.590247 49 63 51
0.878803 -0.512882 0.026939 238 63 131
-0.652627 -0.502567 0.562071 44 63 199
0.102129 -0.505547 -0.860140 140 63 18
0.495062 -0.495035 0.688422 192 63 217
-0.863035 -0.514834 -0.180090 20 63 105
0.742572 -0.504473 -0.441001 222 63 71
-0.244214 -0.493606 0.808756 96 63 233
-0.381361 -0.514136 -0.792769 80 63 28
0.798812 -0.503001 0.319791 230 63 168
-0.809563 -0.505965 0.305494 25 63 166
0.383016 -0.496287 -0.757144 177 63 29
0.237652 -0.515130 0.847812 157 63 233
-0.733643 -0.505427 -0.455746 34 63 69
0.829261 -0.493913 -0.155841 236 63 107
-0.528042 -0.515360 0.704195 61 63 216
-0.084300 -0.503462 -0.855490 117 63 18
0.643543 -0.506356 0.577013 209 63 201
-0.849072 -0.497570 0.009073 18 63 129
0.642001 -0.515404 -0.600867 208 63 52
-0.066311 -0.506379 0.861146 119 63 237
-0.519895 -0.494246 -0.663311 60 63 41
0.868706 -0.516552 0.144107 236 63 145
-0.719707 -0.503950 0.468695 35 63 188
0.215211 -0.506722 -0.836108 155 63 21
0.399703 -0.498881 0.749904 179 63 225
-0.828009 -0.515658 -0.292399 24 63 91
0.794794 -0.507327 -0.338064 229 63 84
-0.348636 -0.494606 0.766237 82 63 228
-0.272610 -0.517710 -0.837671 93 63 23
0.747036 -0.504466 0.422325 223 63 182
-0.840196 -0.507062 0.194149 20 63 152
0.481669 -0.500218 -0.700926 190 63 37
0.121976 -0.515894 0.868367 143 63 236
-0.666338 -0.508269 -0.549521 43 63 58
0.839784 -0.494995 -0.043721 237 63 122
-0.617934 -0.518834 0.628210 50 63 206
0.030453 -0.505010 -0.856939 131 63 18
0.558859 -0.507378 0.655336 199 63 211
-0.844767 -0.501580 -0.104485 18 63 114
0.713391 -0.516115 -0.507757 217 63 64
-0.180548 -0.509202 0.844599 105 63 235
-0.425432 -0.495414 -0.724381 72 63 33
0.842514 -0.519922 0.258899 232 63 160
-0.773963 -0.505581 0.367676 28 63 175
0.323581 -0.507671 -0.796987 169 63 26
0.296901 -0.502964 0.798562 166 63 230
-0.778282 -0.516323 -0.398489 30 63 77
0.832717 -0.510126 -0.229045 233 63 98
-0.446344 -0.495866 0.710749 69 63 220
-0.158586 -0.520973 -0.867157 108 63 20
0.682560 -0.506181 0.517040 215 63 194
-0.855295 -0.507943 0.080070 18 63 138
0.572372 -0.504368 -0.632135 201 63 46
0.005070 -0.516520 0.873062 128 63 237
-0.587029 -0.511038 -0.633380 53 63 47
0.835744 -0.496352 0.068458 237 63 136
-0.696523 -0.521986 0.540462 41 63 195
0.144161 -0.506809 -0.843524 146 63 19
0.464637 -0.508195 0.721144 187 63 220
-0.825590 -0.505790 -0.216803 21 63 100
0.771309 -0.516708 -0.406293 225 62 76
-0.291497 -0.511936 0.812806 90 62 231
-0.324186 -0.496874 -0.772609 85 62 26
0.800671 -0.522959 0.369028 227 62 173
-0.814571 -0.507464 0.260704 23 62 161
0.425230 -0.508429 -0.743683 182 62 32
0.188304 -0.507228 0.833414 152 62 234
-0.714990 -0.516889 -0.496487 37 62 65
0.855563 -0.512818 -0.115924 236 62 113
-0.535839 -0.497432 0.643328 57 62 212
-0.041538 -0.523893 -0.880580 122 62 18
0.606494 -0.508147 0.602422 205 62 205
-0.854751 -0.508645 -0.034551 18 62 123
0.653475 -0.508679 -0.551789 211 62 57
-0.110895 -0.517066 0.862047 114 62 236
-0.497128 -0.513683 -0.705719 64 62 38
0.817355 -0.498027 0.178898 235 62 151
-0.762211 -0.524787 0.442663 33 62 183
0.254964 -0.508857 -0.815519 160 62 23
0.362769 -0.508848 0.773345 174 62 227
-0.791678 -0.510140 -0.325933 26 62 86
0.814900 -0.517242 -0.298458 230 62 90
-0.397077 -0.514530 0.766287 77 62 225
-0.217836 -0.498662 -0.807348 99 62 22
0.743979 -0.525640 0.472288 220 62 186
-0.840902 -0.509593 0.149549 20 62 147
0.518333 -0.509037 -0.677375 194 62 41
0.075719 -0.511609 0.853672 137 62 237
-0.639491 -0.517418 -0.584735 47 62 54
0.862841 -0.515355 -0.000801 237 62 127
-0.615769 -0.499336 0.565147 47 62 202
0.076203 -0.526453 -0.877654 137 62 18
0.520108 -0.510353 0.677085 194 62 214
-0.838777 -0.509215 -0.147565 20 62 109
0.723432 -0.513084 -0.461133 220 62 69
-0.223839 -0.517597 0.835764 99 62 233
-0.398284 -0.516159 -0.765133 77 62 30
0.785021 -0.500051 0.285862 230 62 165
-0.813680 -0.527225 0.336760 26 62 169
0.361043 -0.511139 -0.773399 174 62 28
0.255254 -0.509384 0.811152 160 62 232
-0.743427 -0.514561 -0.429909 33 62 73
0.843603 -0.517780 -0.186285 234 62 104
-0.495276 -0.516940 0.705872 65 62 217
-0.108097 -0.500807 -0.828139 113 62 19
0.673575 -0.527956 0.566621 211 62 198
-0.852528 -0.511947 0.036048 18 62 132
0.601285 -0.509546 -0.599472 205 62 50
-0.038911 -0.516039 0.858774 123 62 237
-0.553321 -0.517971 -0.661812 57 62 44
0.854369 -0.517696 0.114146 236 62 142
-0.684930 -0.501604 0.477501 38 62 190
0.192287 -0.528647 -0.858457 151 62 21
0.424829 -0.512777 0.739790 182 62 222
-0.807892 -0.509704 -0.256913 23 62 94
0.780836 -0.517514 -0.361647 227 62 82
-0.331809 -0.518171 0.794913 85 62 228
-0.292357 -0.518426 -0.810462 90 62 25
0.739315 -0.502443 0.387687 224 62 178
-0.849937 -0.529298 0.224885 22 62 155
0.460631 -0.513628 -0.717851 186 62 36
0.144143 -0.509860 0.834087 146 62 235
-0.681508 -0.518984 -0.526786 41 62 61
0.857141 -0.518383 -0.071814 236 62 118
-0.584207 -0.519130 0.632688 53 62 208
0.003297 -0.503324 -0.834710 128 62 18
0.590906 -0.529910 0.650173 201 62 208
-0.849231 -0.514498 -0.077911 19 62 118
0.672734 -0.510016 -0.511566 214 62 61
-0.153532 -0.520446 0.848421 108 62 235
-0.458145 -0.518608 -0.726541 69 62 35
0.830289 -0.519807 0.226719 233 62 156
-0.742268 -0.504246 0.381791 30 62 177
0.304409 -0.530484 -0.823437 165 62 25
0.322235 -0.515386 0.789461 169 62 229
-0.762882 -0.510174 -0.360677 29 62 81
0.824466 -0.521897 -0.255030 232 62 95
-0.433005 -0.518848 0.740421 72 62 222
-0.181376 -0.520455 -0.840830 104 61 21
0.680978 -0.505209 0.482784 216 61 191
-0.870333 -0.531020 0.109289 19 61 141
0.552033 -0.516290 -0.649772 198 61 44
0.031488 -0.510337 0.841970 132 61 236
-0.606878 -0.523336 -0.614682 51 61 50
0.855504 -0.519105 0.042946 236 61 133
-0.662160 -0.521074 0.548146 44 61 197
0.114594 -0.506213 -0.826966 142 61 20
0.497680 -0.531520 0.721350 189 61 217
-0.831017 -0.517207 -0.190403 21 61 103
0.731585 -0.510508 -0.415385 222 61 74
-0.266016 -0.524759 0.822599 94 61 231
-0.355727 -0.519380 -0.777985 82 61 28
0.791080 -0.521665 0.334750 228 61 170
-0.786876 -0.507258 0.279518 25 61 164
0.410377 -0.531984 -0.773388 179 61 31
0.214039 -0.518138 0.825202 155 61 233
-0.704772 -0.510688 -0.457107 36 61 68
0.853330 -0.526165 -0.143185 235 61 109
-0.525793 -0.519676 0.673409 60 61 213
-0.067489 -0.522226 -0.855672 119 61 19
0.610911 -0.508342 0.569645 207 61 202
-0.874581 -0.532415 -0.007721 19 61 127
0.633653 -0.519079 -0.570272 208 61 55
-0.080706 -0.510880 0.834904 117 61 236
-0.520783 -0.527550 -0.691833 62 61 41
0.838922 -0.519994 0.156043 235 61 147
-0.727656 -0.522757 0.453902 35 61 185
0.224038 -0.509464 -0.804996 157 61 23
0.395814 -0.532814 0.778850 177 61 225
-0.798128 -0.520028 -0.299487 26 61 89
0.777012 -0.511086 -0.312740 228 61 87
-0.374209 -0.528913 0.781613 81 61 226
-0.247890 -0.520336 -0.815452 96 61 23
0.737543 -0.523259 0.436164 221 61 183
-0.818005 -0.510625 0.172280 21 61 150
0.508168 -0.533182 -0.709423 191 61 39
0.102083 -0.520984 0.846327 141 61 236
-0.634777 -0.511309 -0.544647 45 61 57
0.866708 -0.530250 -0.028179 236 61 124
-0.608722 -0.520701 0.595157 50 61 204
0.047090 -0.523731 -0.854758 133 61 19
0.530178 -0.511821 0.646853 196 61 212
-0.862752 -0.533521 -0.123846 20 61 112
0.704020 -0.521945 -0.480671 217 61 66
-0.190512 -0.511552 0.813249 103 61 233
-0.424745 -0.531561 -0.756644 74 61 33
0.807852 -0.521092 0.265607 231 61 161
-0.779480 -0.524175 0.351823 28 61 172
0.329871 -0.513052 -0.769075 170 61 28
0.287380 -0.533832 0.821694 163 61 230
-0.751059 -0.522908 -0.403237 32 61 76
0.808450 -0.511815 -0.205490 233 61 101
-0.475984 -0.532843 0.726093 68 61 218
-0.136490 -0.521510 -0.838474 110 61 20
0.670787 -0.524590 0.529034 213 61 195
-0.835072 -0.514317 0.061767 19 61 136
0.595977 -0.534119 -0.632932 202 61 48
-0.011684 -0.523872 0.852380 126 61 236
-0.554271 -0.512102 -0.621949 55 61 46
0.864189 -0.534094 0.087794 236 61 138
-0.680519 -0.521955 0.507085 40 61 192
0.160143 -0.524977 -0.838198 148 61 21
0.440002 -0.515613 0.713096 185 61 220
-0.835258 -0.534382 -0.236856 23 61 98
0.761823 -0.524834 -0.382497 225 61 79
-0.296115 -0.512415 0.777589 89 61 229
-0.320538 -0.535313 -0.807741 87 61 27
0.762953 -0.522428 0.369861 225 61 175
-0.816723 -0.525336 0.243931 23 61 159
0.430349 -0.516940 -0.719674 183 61 34
0.174536 -0.534625 0.849237 149 61 234
-0.690564 -0.525792 -0.499775 40 61 64
0.825580 -0.512755 -0.095497 235 61 115
-0.569300 -0.536497 0.656997 56 61 209
-0.023398 -0.522929 -0.846806 125 61 19
0.592195 -0.525670 0.611633 203 61 205
-0.837673 -0.518294 -0.050248 19 61 121
0.672252 -0.534848 -0.545535 212 60 59
-0.125235 -0.526745 0.843164 112 60 235
-0.464744 -0.513125 -0.687874 67 60 38
0.845698 -0.537646 0.202470 233 60 153
-0.740101 -0.523459 0.410724 33 60 180
0.269508 -0.525978 -0.806436 162 60 25
0.341776 -0.519674 0.767180 172 60 227
-0.792827 -0.535055 -0.344647 28 60 84
0.805948 -0.527690 -0.277468 230 60 92
-0.395830 -0.513526 0.728710 76 60 223
-0.210154 -0.538757 -0.844024 101 60 22
0.705069 -0.524019 0.467135 218 60 187
-0.838798 -0.526263 0.132346 20 60 144
0.523755 -0.521078 -0.657471 195 60 43
0.059474 -0.535248 0.861168 135 60 236
-0.617662 -0.528624 -0.587309 49 60 53
0.828310 -0.513961 0.015395 236 60 130
-0.652265 -0.539831 0.575604 46 60 199
0.089523 -0.524607 -0.840416 139 60 20
0.503383 -0.526525 0.682475 192 60 215
-0.825611 -0.522503 -0.161916 21 60 107
0.735724 -0.535428 -0.449024 220 60 71
-0.236500 -0.529547 0.818761 97 60 232
-0.367771 -0.514430 -0.741492 79 60 30
0.811513 -0.540864 0.313575 229 60 167
-0.786567 -0.525225 0.307703 27 60 167
0.373133 -0.526765 -0.760233 175 60 30
0.237056 -0.523947 0.808060 158 60 231
-0.736467 -0.535599 -0.445282 35 60 71
0.835510 -0.530456 -0.167471 234 60 106
-0.488110 -0.514936 0.667565 64 60 215
-0.095750 -0.541858 -0.864702 116 60 20
0.635219 -0.525872 0.555877 209 60 199
-0.845448 -0.526987 0.019233 19 60 130
0.608427 -0.525408 -0.583367 206 60 53
-0.055637 -0.535763 0.857495 120 60 235
-0.533631 -0.531350 -0.664180 60 60 43
0.816763 -0.515479 0.125389 234 60 144
-0.723188 -0.542811 0.483482 38 60 188
0.200424 -0.526547 -0.819477 153 60 22
0.406152 -0.527190 0.740352 180 60 222
-0.798908 -0.526883 -0.271331 25 60 93
0.785415 -0.535921 -0.345318 226 60 84
-0.343406 -0.532226 0.779547 84 60 226
-0.264988 -0.516061 -0.782074 93 60 25
0.762266 -0.543722 0.418885 222 60 180
-0.819208 -0.527250 0.199736 22 60 153
0.469131 -0.527378 -0.700634 188 60 38
0.127555 -0.528370 0.834866 144 60 234
-0.667423 -0.536078 -0.537025 43 60 60
0.849892 -0.533082 -0.054531 235 60 121
-0.571554 -0.516684 0.595251 53 60 205
0.020401 -0.544591 -0.869331 130 60 19
0.554583 -0.527980 0.634658 199 60 209
-0.836740 -0.527552 -0.093262 20 60 116
0.682786 -0.529865 -0.498487 215 60 64
-0.168701 -0.536234 0.838526 106 60 233
-0.439997 -0.533918 -0.728906 72 60 35
0.791250 -0.517347 0.232741 231 60 158
-0.780640 -0.545418 0.382454 31 60 175
0.307491 -0.528736 -0.784365 167 60 27
0.302432 -0.527714 0.784349 166 60 228
-0.757836 -0.531367 -0.376555 31 60 79
0.820640 -0.536393 -0.236404 231 60 98
-0.443930 -0.534732 0.726205 71 60 220
-0.158072 -0.518052 -0.809082 107 60 22
0.698933 -0.546203 0.516297 214 60 192
-0.837509 -0.529518 0.088606 20 60 139
0.555816 -0.527867 -0.628931 199 60 47
0.015134 -0.532872 0.846938 129 60 235
-0.587136 -0.536556 -0.618367 53 60 49
0.848775 -0.535522 0.059231 235 60 135
-0.644908 -0.518799 0.512990 43 60 195
0.135979 -0.546946 -0.857824 144 60 21
0.464501 -0.530324 0.702187 187 60 217
-0.813054 -0.528011 -0.203062 23 60 101
0.745374 -0.534378 -0.404189 222 60 76
-0.277732 -0.536726 0.804840 92 60 229
-0.338504 -0.536286 -0.780226 85 59 29
0.752260 -0.519589 0.335777 226 59 171
-0.823492 -0.547647 0.274551 25 59 162
0.408952 -0.531154 -0.735664 180 59 33
0.194230 -0.528151 0.813857 153 59 232
-0.702931 -0.535882 -0.475652 38 59 67
0.841000 -0.536905 -0.124297 234 59 112
-0.536145 -0.537025 0.659714 60 59 211
-0.048726 -0.520422 -0.822163 121 59 20
0.622810 -0.548306 0.603884 205 59 203
-0.841157 -0.532005 -0.023846 20 59 124
0.631738 -0.528288 -0.546620 209 59 57
-0.098225 -0.537381 0.843856 115 59 235
-0.497194 -0.537095 -0.688036 64 59 40
0.832151 -0.537736 0.171647 233 59 149
-0.707062 -0.521299 0.422119 35 59 183
0.248682 -0.548925 -0.830460 158 59 24
0.366461 -0.532876 0.757324 174 59 224
-0.775048 -0.528424 -0.308208 27 59 88
0.794898 -0.538873 -0.302053 228 59 89
-0.380883 -0.537299 0.757253 79 59 224
-0.231086 -0.538419 -0.817144 98 59 24
0.700449 -0.522218 0.432893 219 59 184
-0.850946 -0.549504 0.161946 22 59 148
0.503099 -0.533766 -0.674161 192 59 41
0.083574 -0.528562 0.828567 138 59 235
-0.635010 -0.540355 -0.566729 47 59 56
0.846367 -0.537518 -0.010994 235 59 126
-0.618281 -0.539073 0.581345 49 59 201
0.061329 -0.523181 -0.821143 136 59 20
0.535470 -0.550043 0.679950 194 59 212
-0.830053 -0.534673 -0.135731 21 59 110
0.695703 -0.528705 -0.455348 218 59 69
-0.210448 -0.541824 0.825477 101 59 232
-0.399296 -0.537754 -0.745001 77 59 33
0.800343 -0.539697 0.280557 229 59 163
-0.757055 -0.524185 0.324072 29 59 170
0.356291 -0.550545 -0.787870 172 59 30
0.262094 -0.535595 0.799102 161 59 230
-0.723630 -0.528854 -0.406896 34 59 75
0.830268 -0.543277 -0.193870 232 59 103
-0.476465 -0.538009 0.696785 67 59 216
-0.119816 -0.540292 -0.838960 112 59 21
0.636633 -0.525232 0.522565 211 59 196
-0.862559 -0.551010 0.046899 20 59 133
0.588310 -0.536530 -0.600855 203 59 51
-0.027531 -0.529013 0.828456 124 59 235
-0.555175 -0.544713 -0.647987 58 59 46
0.836862 -0.538285 0.101551 234 59 140
-0.688767 -0.540856 0.492625 40 59 190
0.170361 -0.526320 -0.806024 150 59 22
0.438718 -0.551440 0.743079 182 59 220
-0.804329 -0.537477 -0.245139 25 59 96
0.746774 -0.529183 -0.356870 224 59 81
-0.319415 -0.546128 0.791955 87 59 227
-0.295217 -0.538583 -0.788470 90 59 27
0.753999 -0.541389 0.383866 223 59 176
-0.794072 -0.527448 0.220384 24 59 156
0.456727 -0.551835 -0.731016 184 59 36
0.153164 -0.538434 0.826744 147 59 233
-0.659919 -0.529368 -0.497502 42 59 63
0.850649 -0.547521 -0.081612 234 59 117
-0.562964 -0.538905 0.624631 56 59 207
-0.006856 -0.541891 -0.845299 127 59 20
0.561786 -0.528615 0.603351 201 59 206
-0.858241 -0.552199 -0.068311 21 59 119
0.663070 -0.539397 -0.516956 212 59 62
-0.137147 -0.529570 0.813767 110 59 233
-0.464805 -0.548888 -0.717768 69 59 37
0.812837 -0.539252 0.211454 231 59 155
-0.746283 -0.542364 0.395309 33 59 178
0.276635 -0.529820 -0.776992 163 59 26
0.334536 -0.552532 0.792158 169 59 226
-0.764358 -0.540367 -0.350160 30 59 83
0.784279 -0.529791 -0.253002 230 59 95
-0.423007 -0.550228 0.743767 74 59 221
-0.186775 -0.539625 -0.817880 104 59 23
0.694079 -0.542806 0.479600 216 59 188
-0.817461 -0.531061 0.112679 21 58 142
0.548108 -0.552837 -0.661149 196 58 45
0.041548 -0.541339 0.839693 133 58 235
-0.585203 -0.530033 -0.578603 51 58 52
0.855492 -0.551538 0.032608 235 58 132
-0.639045 -0.540025 0.542130 46 58 197
0.105602 -0.543218 -0.836115 141 58 21
0.477043 -0.532338 0.673905 189 58 215
-0.838250 -0.553115 -0.181449 23 58 105
0.726011 -0.542312 -0.423878 220 58 73
-0.243433 -0.530300 0.784977 96 58 230
-0.365542 -0.552817 -0.774611 82 58 31
0.774849 -0.540454 0.316919 227 58 168
-0.789794 -0.543601 0.291328 27 58 165
0.378421 -0.533647 -0.734420 177 58 32
0.225020 -0.553368 0.826401 156 58 231
-0.710767 -0.543284 -0.448911 37 58 70
0.807794 -0.530592 -0.145581 233 58 109
-0.519166 -0.554062 0.681711 63 58 213
-0.075809 -0.540911 -0.832890 118 58 21
0.621828 -0.543956 0.565960 207 58 200
-0.826740 -0.534988 0.002672 20 58 128
0.628787 -0.553599 -0.579769 206 58 55
-0.070785 -0.544253 0.837636 118 58 234
-0.500900 -0.530912 -0.648980 62 58 43
0.844570 -0.555273 0.146579 233 58 146
-0.703553 -0.541398 0.450743 37 58 185
0.215391 -0.544283 -0.811700 155 58 24
0.383702 -0.536359 0.732993 177 58 222
-0.803165 -0.553810 -0.290376 27 58 91
0.775938 -0.545216 -0.323235 226 58 86
-0.344666 -0.531263 0.742774 82 58 225
-0.259260 -0.556447 -0.817304 95 58 26
0.723651 -0.541914 0.416252 220 58 181
-0.818573 -0.544584 0.182736 23 58 151
0.474010 -0.537757 -0.678883 189 58 40
0.112324 -0.554003 0.845353 142 58 233
-0.644441 -0.546172 -0.539583 46 58 59
0.817127 -0.531645 -0.036437 234 58 123
-0.605948 -0.557583 0.606910 52 58 203
0.035837 -0.542461 -0.833373 132 58 21
0.538743 -0.544861 0.641369 196 58 209
-0.821618 -0.539179 -0.107845 22 58 114
0.697384 -0.554181 -0.488575 215 58 66
-0.181807 -0.547117 0.820526 104 58 232
-0.408529 -0.532062 -0.707625 74 58 35
0.817999 -0.558679 0.258054 229 58 160
-0.755516 -0.543038 0.352035 31 58 173
0.320434 -0.545113 -0.772664 168 58 29
0.283223 -0.540625 0.779513 164 58 228
-0.753860 -0.554346 -0.393104 33 58 78
0.811872 -0.548052 -0.216816 231 58 100
-0.439258 -0.532514 0.688025 70 58 218
-0.148021 -0.559735 -0.844923 109 58 22
0.660167 -0.543645 0.507866 212 58 193
-0.832221 -0.545343 0.071657 21 58 137
0.561733 -0.542091 -0.611167 200 58 49
-0.001398 -0.554500 0.848881 127 58 234
-0.566526 -0.548972 -0.620471 56 58 49
0.812306 -0.533003 0.072637 234 58 137
-0.681591 -0.560749 0.520784 43 58 192
0.146333 -0.544282 -0.819406 146 58 22
0.446524 -0.545553 0.704509 185 58 218
-0.802013 -0.543575 -0.217014 25 58 100
0.752805 -0.554646 -0.389406 222 58 78
-0.289468 -0.549876 0.788601 91 58 228
-0.309677 -0.533531 -0.753729 87 58 29
0.776246 -0.561722 0.364810 224 58 173
-0.794148 -0.544948 0.247658 26 58 159
0.418791 -0.545744 -0.719917 181 58 35
0.177229 -0.545074 0.812523 150 58 232
-0.691463 -0.554787 -0.487828 40 58 66
0.833082 -0.550763 -0.106561 233 58 114
-0.525763 -0.534099 0.621748 59 58 209
-0.034021 -0.562651 -0.856874 123 58 21
0.585490 -0.545644 0.590294 203 58 203
-0.830660 -0.545918 -0.039781 21 58 122
0.639989 -0.546585 -0.532281 209 58 59
-0.114042 -0.554924 0.837159 113 58 233
-0.478420 -0.551631 -0.690029 67 57 40
0.793553 -0.534709 0.179896 231 57 151
-0.744563 -0.563537 0.425025 35 57 180
0.253872 -0.546368 -0.791268 160 57 26
0.347021 -0.546077 0.754345 172 57 224
-0.768080 -0.548107 -0.322934 29 57 86
0.794243 -0.555060 -0.284197 228 57 92
-0.391744 -0.552477 0.742396 78 57 222
-0.205980 -0.535360 -0.786674 101 57 24
0.720123 -0.564379 0.464711 217 57 185
-0.818852 -0.547119 0.139340 23 57 145
0.508706 -0.546223 -0.654626 193 57 43
0.067491 -0.549635 0.831272 136 57 234
-0.617309 -0.555199 -0.572958 49 57 55
0.839114 -0.553301 0.005475 234 57 128
-0.602877 -0.536055 0.545093 49 57 199
0.080464 -0.565178 -0.852911 137 57 22
0.500869 -0.547897 0.662199 192 57 212
-0.814129 -0.546359 -0.149492 23 57 108
0.707283 -0.551168 -0.443460 218 57 71
-0.223598 -0.555342 0.810638 99 57 230
-0.381750 -0.554100 -0.746910 79 57 33
0.761270 -0.536793 0.283658 227 57 165
-0.793612 -0.565933 0.321547 29 57 167
0.356685 -0.548701 -0.749439 173 57 31
0.242185 -0.546486 0.790141 159 57 229
-0.720227 -0.552702 -0.423688 36 57 74
0.821179 -0.555491 -0.174925 232 57 105
-0.486684 -0.554874 0.682746 66 57 214
-0.099107 -0.537575 -0.806031 115 57 22
0.650769 -0.566644 0.555771 208 57 197
-0.829225 -0.549529 0.028873 21 57 131
0.588641 -0.546607 -0.578181 203 57 53
-0.044085 -0.554235 0.835235 122 57 234
-0.532903 -0.555649 -0.647133 60 57 45
0.829821 -0.555621 0.117168 233 57 142
-0.669440 -0.538402 0.459326 40 57 188
0.193150 -0.567313 -0.833145 151 57 24
0.407706 -0.550380 0.722386 180 57 220
-0.783154 -0.546725 -0.255489 27 57 95
0.762256 -0.555764 -0.346165 224 57 84
-0.328179 -0.555818 0.770021 86 57 225
-0.278342 -0.556340 -0.790008 92 57 27
0.716030 -0.539273 0.382308 221 57 178
-0.827801 -0.567939 0.212439 25 57 154
0.453057 -0.551252 -0.694604 186 57 39
0.134012 -0.546842 0.811458 145 57 232
-0.659132 -0.557286 -0.517384 44 57 62
0.833367 -0.556000 -0.063571 233 57 119
-0.572467 -0.557030 0.610777 55 57 205
0.009254 -0.540189 -0.811546 129 57 21
0.569616 -0.568524 0.636211 198 57 207
-0.825072 -0.552143 -0.081900 22 57 117
0.657303 -0.546960 -0.492144 212 57 64
-0.155491 -0.558797 0.824142 108 57 232
-0.439875 -0.556198 -0.709229 72 57 37
0.805373 -0.557690 0.226379 230 57 156
-0.724436 -0.541150 0.365817 33 57 175
0.301803 -0.569068 -0.798047 165 57 28
0.307545 -0.553053 0.769821 167 57 226
-0.738526 -0.547082 -0.355920 32 57 81
0.803738 -0.560297 -0.242070 229 57 97
-0.426050 -0.556413 0.716225 73 57 219
-0.170184 -0.558320 -0.818498 106 57 24
0.658563 -0.542154 0.474307 214 57 189
-0.846535 -0.569572 0.099897 22 57 140
0.541346 -0.553979 -0.627652 197 57 47
0.024492 -0.547210 0.818149 131 57 233
-0.585755 -0.561781 -0.602200 54 57 52
0.830817 -0.556647 0.047917 233 57 134
-0.647450 -0.558919 0.527885 45 57 194
0.117400 -0.543202 -0.803139 143 57 23
0.478347 -0.570038 0.704504 187 57 215
-0.806417 -0.554919 -0.191103 24 57 103
0.713655 -0.547348 -0.398200 220 57 76
-0.264650 -0.563247 0.798011 94 57 228
-0.339942 -0.556903 -0.758358 84 57 31
0.766266 -0.559486 0.331005 225 57 169
-0.766996 -0.544293 0.266035 27 56 162
0.404305 -0.570467 -0.748418 178 56 34
0.202067 -0.555872 0.803648 153 56 230
-0.681254 -0.547497 -0.449102 39 56 69
0.830788 -0.564692 -0.133044 232 56 111
-0.515639 -0.557181 0.650352 62 56 210
-0.059376 -0.560022 -0.831864 120 56 22
0.589758 -0.545425 0.558195 204 56 200
-0.849567 -0.570861 -0.013833 22 56 126
0.620006 -0.556835 -0.549682 207 56 57
-0.084432 -0.547661 0.810337 117 56 233
-0.501333 -0.566115 -0.676430 64 56 42
0.813774 -0.557483 0.157650 231 56 148
-0.710214 -0.560526 0.435703 37 56 183
0.223619 -0.546599 -0.780911 157 56 26
0.378843 -0.571221 0.759417 175 56 222
-0.773518 -0.557806 -0.296847 29 56 90
0.756917 -0.547841 -0.298116 226 56 89
-0.369466 -0.567512 0.757165 81 56 223
-0.234878 -0.557811 -0.793864 98 56 26
0.713308 -0.560998 0.429039 218 56 182
-0.796400 -0.547812 0.161541 24 56 149
0.498709 -0.571549 -0.685369 190 56 42
0.093076 -0.558783 0.823217 139 56 233
-0.612537 -0.548040 -0.533542 48 56 58
0.842730 -0.568881 -0.021113 233 56 125
-0.595550 -0.558165 0.573659 51 56 201
0.051928 -0.561439 -0.829911 134 56 22
0.510660 -0.549062 0.632600 194 56 210
-0.836999 -0.571847 -0.126523 23 56 112
0.687617 -0.559764 -0.461996 215 56 69
-0.190898 -0.548261 0.788390 103 56 230
-0.407373 -0.570220 -0.738540 76 56 35
0.782696 -0.558548 0.263816 228 56 161
-0.759609 -0.561849 0.336062 31 56 170
0.326203 -0.550350 -0.745142 170 56 31
0.273128 -0.572117 0.800029 162 56 227
-0.726876 -0.560747 -0.397261 35 56 77
0.786560 -0.548506 -0.193696 230 56 102
-0.467874 -0.571527 0.702250 69 56 215
-0.126490 -0.558959 -0.815312 111 56 23
0.647605 -0.562229 0.518626 210 56 193
-0.812094 -0.551672 0.053984 22 56 135
0.583284 -0.572361 -0.610274 200 56 51
-0.017525 -0.561729 0.828106 125 56 233
-0.533718 -0.548778 -0.607948 58 56 48
0.839196 -0.572800 0.091579 232 56 139
-0.664561 -0.559400 0.487533 42 56 190
0.161575 -0.562580 -0.812780 148 56 24
0.422475 -0.553027 0.696250 182 56 218
-0.809263 -0.572581 -0.236016 26 56 98
0.742920 -0.562708 -0.366099 222 56 81
-0.293155 -0.549078 0.752895 89 56 226
-0.305623 -0.574038 -0.787218 89 56 29
0.738239 -0.559872 0.364700 222 56 174
-0.794778 -0.562902 0.230938 26 56 157
0.423453 -0.554413 -0.696307 182 56 37
0.163303 -0.572780 0.825743 148 56 231
-0.667250 -0.563682 -0.490521 43 56 65
0.802294 -0.549408 -0.086749 232 56 116
-0.557901 -0.575237 0.634228 58 56 207
-0.016592 -0.560374 -0.822481 125 56 22
0.570524 -0.563196 0.598107 200 56 204
-0.813701 -0.555828 -0.054900 22 56 120
0.656548 -0.572960 -0.524723 210 56 62
-0.127758 -0.564648 0.818147 111 56 232
-0.446250 -0.549772 -0.671233 69 56 40
0.820145 -0.576398 0.202828 230 56 153
-0.721635 -0.560907 0.393470 35 56 178
0.267471 -0.563465 -0.780932 162 56 28
0.326571 -0.557269 0.747997 170 56 224
-0.767093 -0.573123 -0.340281 31 56 85
0.784849 -0.565606 -0.263677 227 56 94
-0.389577 -0.550170 0.704627 77 56 220
-0.198036 -0.577518 -0.821421 103 56 25
0.681236 -0.561472 0.458687 215 56 186
-0.815184 -0.563708 0.122400 23 56 143
0.513704 -0.558735 -0.635084 194 56 46
0.051496 -0.573273 0.836288 134 56 233
-0.595653 -0.566551 -0.574896 52 55 54
0.804050 -0.550604 0.020940 233 55 130
-0.637722 -0.578597 0.554371 48 55 197
0.093004 -0.562067 -0.815354 139 55 23
0.483656 -0.563928 0.666065 189 55 213
-0.801045 -0.560222 -0.163308 24 55 106
0.717294 -0.573410 -0.430471 218 55 73
-0.235608 -0.567483 0.793444 98 55 228
-0.351670 -0.551077 -0.722509 81 55 33
0.785881 -0.579633 0.310422 225 55 166
-0.765911 -0.562694 0.293059 29 55 165
0.367638 -0.564126 -0.735134 175 55 33
0.224474 -0.561728 0.786836 156 55 229
-0.711491 -0.573539 -0.437456 38 55 72
0.812566 -0.568399 -0.156582 231 55 108
-0.478676 -0.551589 0.644524 65 55 212
-0.086725 -0.580625 -0.840413 117 55 23
0.612689 -0.563352 0.544278 206 55 197
-0.820605 -0.564305 0.012550 22 55 129
0.595343 -0.563251 -0.562366 204 55 55
-0.060192 -0.573662 0.831701 120 55 232
-0.513352 -0.569297 -0.648785 62 55 45
0.791960 -0.552142 0.127630 231 55 144
-0.705719 -0.581573 0.464229 40 55 185
0.200506 -0.564040 -0.794116 153 55 26
0.388763 -0.564465 0.721353 177 55 220
-0.774168 -0.564787 -0.269381 28 55 93
0.764600 -0.573780 -0.329388 224 55 86
-0.339061 -0.570175 0.754393 84 55 223
-0.251568 -0.552738 -0.761084 95 55 28
0.737053 -0.582477 0.412212 219 55 179
-0.796714 -0.564757 0.187971 25 55 152
0.460260 -0.564610 -0.676425 187 55 41
0.117866 -0.566334 0.811937 143 55 231
-0.643684 -0.573897 -0.525875 46 55 61
0.825499 -0.571033 -0.046791 232 55 122
-0.559102 -0.553377 0.573662 54 55 203
0.026095 -0.583335 -0.843796 131 55 23
0.533760 -0.565503 0.620096 196 55 207
-0.811140 -0.564741 -0.096534 23 55 115
0.666842 -0.567889 -0.479269 213 55 66
-0.169735 -0.574016 0.812304 106 55 230
-0.421851 -0.571867 -0.710766 74 55 37
0.766340 -0.554060 0.231634 228 55 158
-0.760528 -0.584149 0.365597 33 55 173
0.304152 -0.566277 -0.759147 166 55 30
0.287728 -0.564860 0.763111 164 55 226
-0.733356 -0.569449 -0.371232 34 55 80
0.797827 -0.574138 -0.223407 228 55 99
-0.436157 -0.572676 0.701684 72 55 216
-0.147574 -0.554788 -0.786451 108 55 25
0.674641 -0.584917 0.506167 211 55 190
-0.813559 -0.567077 0.079945 23 55 138
0.543722 -0.564970 -0.606082 197 55 50
0.008567 -0.571012 0.822677 129 55 232
-0.565084 -0.574266 -0.604096 56 55 51
0.823364 -0.573459 0.063627 232 55 136
-0.629649 -0.555561 0.493235 45 55 192
0.138170 -0.585640 -0.831519 145 55 24
0.445760 -0.567903 0.684895 185 55 215
-0.787182 -0.565074 -0.202845 26 55 101
0.726797 -0.572573 -0.387133 220 55 78
-0.275218 -0.574403 0.778683 93 55 226
-0.322866 -0.574215 -0.759638 87 55 31
0.727679 -0.556381 0.331331 223 55 171
-0.801085 -0.586318 0.260462 28 55 160
0.402225 -0.568753 -0.711031 179 55 36
0.182503 -0.565173 0.790776 151 55 229
-0.679157 -0.574131 -0.466982 41 55 68
0.816614 -0.574551 -0.114480 231 55 113
-0.525037 -0.574942 0.636297 61 55 208
-0.041342 -0.557247 -0.798280 122 55 23
0.599930 -0.586953 0.590437 202 55 201
-0.816158 -0.569625 -0.029226 23 55 124
0.616639 -0.565270 -0.525570 207 55 60
-0.101483 -0.575683 0.818672 115 55 231
-0.477243 -0.574712 -0.670905 67 55 42
0.806185 -0.575640 0.172565 230 55 149
-0.689250 -0.558159 0.404547 37 54 180
0.247270 -0.587544 -0.803890 158 54 28
0.350148 -0.570518 0.737583 172 54 222
-0.749395 -0.565368 -0.304496 31 54 88
0.773966 -0.577225 -0.287516 225 54 91
-0.374862 -0.574888 0.731647 80 54 220
-0.218289 -0.576307 -0.794459 100 54 27
0.676625 -0.559116 0.425171 216 54 183
-0.826648 -0.588093 0.150946 25 54 146
0.493072 -0.571431 -0.650551 191 54 44
0.075054 -0.565470 0.804075 137 54 231
-0.612389 -0.578755 -0.554795 50 54 57
0.820858 -0.575082 -0.004544 232 54 127
-0.603997 -0.576942 0.559491 51 54 198
0.065454 -0.560120 -0.796413 136 54 23
0.514472 -0.588601 0.663401 191 54 210
-0.804436 -0.572360 -0.137706 25 54 110
0.677877 -0.565577 -0.436499 215 54 71
-0.210265 -0.580269 0.799808 101 54 228
-0.381818 -0.575295 -0.725324 79 54 35
0.774307 -0.577546 0.277928 226 54 163
-0.736982 -0.561168 0.309001 31 54 168
0.351250 -0.589069 -0.761553 171 54 33
0.248521 -0.573305 0.777233 159 54 227
-0.698681 -0.565694 -0.399750 37 54 76
0.807312 -0.581766 -0.182176 229 54 105
-0.467045 -0.575529 0.672201 68 54 213
-0.110145 -0.578117 -0.814580 114 54 24
0.613980 -0.562261 0.511678 208 54 194
-0.836820 -0.589498 0.039246 23 54 132
0.575123 -0.574263 -0.578695 201 54 54
-0.032679 -0.565822 0.803010 123 54 232
-0.534149 -0.583242 -0.632934 60 54 48
0.810696 -0.575787 0.104513 231 54 141
-0.671535 -0.578656 0.472774 42 54 187
0.171134 -0.563398 -0.780868 150 54 26
0.420040 -0.589890 0.723710 180 54 218
-0.778538 -0.575232 -0.243635 28 54 96
0.726552 -0.565963 -0.340578 222 54 83
-0.315714 -0.584695 0.766266 88 54 224
-0.280533 -0.576069 -0.766602 92 54 30
0.728389 -0.579162 0.377690 220 54 175
-0.772066 -0.564576 0.208091 27 54 155
0.448112 -0.590247 -0.705470 183 54 40
0.142603 -0.576210 0.803109 146 54 230
-0.636139 -0.566122 -0.487052 45 54 64
0.826048 -0.586122 -0.073042 231 54 118
-0.550313 -0.576377 0.601518 57 54 204
-0.000538 -0.579635 -0.819666 127 54 23
0.540705 -0.565796 0.589458 198 54 204
-0.831549 -0.590571 -0.072428 24 54 118
0.646920 -0.577195 -0.496656 210 54 64
-0.138824 -0.566299 0.787839 109 54 230
-0.445804 -0.587521 -0.699805 72 54 40
0.786486 -0.576713 0.210870 228 54 154
-0.726394 -0.580076 0.377868 35 54 176
0.274010 -0.567056 -0.751838 163 54 30
0.318569 -0.590863 0.770318 167 54 224
-0.738848 -0.578185 -0.345159 33 54 83
0.762033 -0.566499 -0.239570 227 54 96
-0.415777 -0.588889 0.718538 75 54 218
-0.175153 -0.577077 -0.794214 105 54 26
0.669392 -0.580484 0.469952 213 54 187
-0.793881 -0.568354 0.103406 24 54 141
0.536050 -0.591125 -0.636882 194 54 48
0.034226 -0.579177 0.814691 132 54 231
-0.563030 -0.566722 -0.565040 54 54 54
0.829671 -0.590225 0.037818 231 54 132
-0.623386 -0.577471 0.520906 48 54 194
0.108404 -0.580862 -0.809708 141 54 25
0.457913 -0.569688 0.657214 187 54 213
-0.811115 -0.591360 -0.181914 26 54 105
0.707144 -0.580168 -0.405827 218 54 76
-0.241607 -0.566972 0.759045 96 54 226
-0.348973 -0.591526 -0.754010 84 54 33
0.748788 -0.577896 0.312795 223 54 168
-0.767599 -0.581209 0.276659 30 54 163
0.372404 -0.571056 -0.709701 176 54 36
0.212099 -0.591570 0.802493 154 54 228
-0.685999 -0.581158 -0.440455 40 53 71
0.783931 -0.567252 -0.135256 230 53 110
-0.508462 -0.592791 0.657432 64 53 210
-0.067463 -0.578351 -0.807847 119 53 24
0.598550 -0.581526 0.552986 204 53 198
-0.801973 -0.572457 -0.003385 24 53 127
0.613492 -0.591758 -0.557264 204 53 58
-0.074690 -0.582142 0.811696 118 53 231
-0.480740 -0.567562 -0.632553 65 53 45
0.817993 -0.594017 0.148255 230 53 146
-0.685159 -0.578839 0.431790 40 53 183
0.214586 -0.581814 -0.785018 155 53 27
0.366879 -0.573889 0.713754 175 53 220
-0.776112 -0.591925 -0.287154 30 53 92
0.754657 -0.583120 -0.307789 224 53 88
-0.339369 -0.567906 0.717309 83 53 221
-0.245493 -0.595203 -0.794398 97 53 28
0.698342 -0.579358 0.408651 217 53 180
-0.794477 -0.582075 0.171151 26 53 149
0.464657 -0.575348 -0.655033 187 53 43
0.102720 -0.592074 0.819825 140 53 230
-0.620875 -0.584088 -0.527772 49 53 60
0.792080 -0.568285 -0.029406 231 53 124
-0.591899 -0.596348 0.584066 54 53 200
0.040751 -0.579910 -0.807392 133 53 24
0.517335 -0.582310 0.625287 194 53 207
-0.796075 -0.576833 -0.110534 25 53 113
0.679126 -0.592208 -0.468276 213 53 69
-0.182172 -0.585045 0.794104 104 53 228
-0.390747 -0.568701 -0.688628 76 53 37
0.791160 -0.597450 0.256086 226 53 159
-0.734704 -0.580494 0.335696 33 53 171
0.316006 -0.582520 -0.746219 168 53 32
0.269036 -0.578340 0.758021 162 53 225
-0.727410 -0.592330 -0.386234 36 53 79
0.788526 -0.585989 -0.204297 228 53 102
-0.430585 -0.569156 0.663484 71 53 214
-0.137381 -0.598508 -0.820105 110 53 25
0.636060 -0.581110 0.496910 209 53 191
-0.806671 -0.582707 0.063404 24 53 136
0.549154 -0.579869 -0.588615 198 53 52
-0.007482 -0.592442 0.822215 127 53 231
-0.544611 -0.586916 -0.605471 58 53 51
0.786521 -0.569652 0.076245 230 53 137
-0.664397 -0.599521 0.499847 45 53 190
0.147714 -0.581758 -0.792941 146 53 26
0.427412 -0.582874 0.685604 182 53 215
-0.776128 -0.581414 -0.216231 28 53 100
0.731919 -0.592546 -0.371714 220 53 81
-0.286231 -0.587826 0.762173 91 53 224
-0.294592 -0.570190 -0.732497 89 53 32
0.749659 -0.600489 0.359161 221 53 172
-0.771273 -0.582438 0.234231 29 53 158
0.410797 -0.583022 -0.694218 180 53 39
0.165972 -0.582975 0.789115 149 53 229
-0.666123 -0.592646 -0.477426 44 53 67
0.808068 -0.588716 -0.097246 230 53 115
-0.513862 -0.570771 0.598569 60 53 206
-0.026779 -0.601411 -0.830586 124 53 24
0.563015 -0.583148 0.576160 200 53 201
-0.804138 -0.583152 -0.044520 24 53 122
0.624347 -0.584547 -0.511447 207 53 62
-0.116477 -0.592744 0.809858 113 53 230
-0.458586 -0.589584 -0.672065 69 53 42
0.767486 -0.571396 0.180011 228 53 151
-0.724495 -0.602286 0.406440 37 53 178
0.251676 -0.583888 -0.764781 160 53 29
0.330587 -0.583268 0.732961 170 53 222
-0.742303 -0.586128 -0.318627 33 53 87
0.771116 -0.592843 -0.269455 225 53 93
-0.384908 -0.590428 0.716453 79 53 218
-0.193864 -0.572067 -0.763579 102 53 28
0.694310 -0.603115 0.455419 214 53 184
-0.794303 -0.584657 0.129078 26 53 144
0.497278 -0.583371 -0.630170 191 53 47
0.059420 -0.587716 0.806327 135 53 230
-0.593562 -0.592944 -0.559209 52 53 57
0.812871 -0.591248 0.011363 231 53 129
-0.587951 -0.572785 0.523686 51 52 196
0.084104 -0.603897 -0.825637 138 52 25
0.480430 -0.585453 0.645115 189 52 210
-0.787135 -0.583464 -0.150609 26 52 108
0.688794 -0.589306 -0.424749 215 52 73
-0.222328 -0.593052 0.783214 99 52 227
-0.364399 -0.592041 -0.726270 81 52 35
0.735378 -0.573549 0.280269 224 52 164
-0.771010 -0.604632 0.305720 32 52 165
0.350927 -0.586277 -0.723395 172 52 35
0.228755 -0.583550 0.766674 157 52 226
-0.695021 -0.590897 -0.415863 39 52 75
0.796240 -0.593167 -0.163418 228 52 107
-0.476321 -0.592806 0.657780 67 52 211
-0.090180 -0.574361 -0.781470 116 52 25
0.626248 -0.605322 0.542953 205 52 195
-0.803420 -0.587125 0.021980 25 52 130
0.573983 -0.583631 -0.555439 201 52 56
-0.048759 -0.592484 0.809167 121 52 230
-0.511196 -0.593294 -0.630288 63 52 48
0.802820 -0.593542 0.119466 229 52 143
-0.651738 -0.575220 0.440072 42 52 185
0.193055 -0.605965 -0.805404 151 52 27
0.389678 -0.587997 0.702627 177 52 217
-0.756200 -0.583709 -0.252947 30 52 95
0.741194 -0.594065 -0.329958 221 52 86
-0.323221 -0.593433 0.742985 86 52 222
-0.263839 -0.594248 -0.767039 94 52 30
0.690763 -0.576127 0.375460 218 52 177
-0.803066 -0.606564 0.199724 28 52 152
0.443807 -0.588891 -0.669463 184 52 42
0.123851 -0.583787 0.786347 143 52 229
-0.634965 -0.595637 -0.506107 47 52 63
0.807077 -0.593588 -0.055518 230 52 120
-0.558719 -0.594922 0.587274 57 52 202
0.014822 -0.577081 -0.785938 129 52 25
0.546887 -0.607119 0.620063 195 52 205
-0.798453 -0.589806 -0.085272 25 52 117
0.639682 -0.583868 -0.471551 210 52 67
-0.156609 -0.597198 0.797401 108 52 228
-0.420613 -0.593760 -0.689594 74 52 40
0.778115 -0.595563 0.224988 226 52 156
-0.704250 -0.578083 0.349061 35 52 173
0.297919 -0.607631 -0.770372 165 52 32
0.292267 -0.590738 0.747708 165 52 223
-0.712119 -0.583955 -0.349758 35 52 82
0.780430 -0.598743 -0.228720 226 52 99
-0.417490 -0.593952 0.690077 74 52 215
-0.158846 -0.596173 -0.793601 107 52 27
0.634362 -0.579131 0.464097 210 52 188
-0.820119 -0.608101 0.090588 25 52 139
0.528730 -0.591687 -0.603866 195 52 50
0.017799 -0.584050 0.791861 130 52 230
-0.563092 -0.600270 -0.587600 57 52 53
0.803656 -0.594166 0.052363 230 52 134
-0.630527 -0.596748 0.506311 48 52 192
0.119488 -0.580225 -0.776921 143 52 26
0.457881 -0.608532 0.685298 184 52 213
-0.779443 -0.592650 -0.190858 28 52 103
0.693395 -0.584156 -0.380146 217 52 78
-0.262111 -0.601777 0.771073 94 52 225
-0.323481 -0.594402 -0.736290 86 52 34
0.739264 -0.597290 0.325900 221 52 169
-0.744655 -0.581365 0.252084 30 52 160
0.396658 -0.608923 -0.721354 177 52 38
0.189841 -0.593625 0.779546 152 52 227
-0.655890 -0.584276 -0.439429 42 52 70
0.805613 -0.603261 -0.122861 229 52 112
-0.503629 -0.594664 0.625569 63 52 207
-0.051462 -0.597799 -0.805486 121 52 25
0.567048 -0.582548 0.544771 201 52 198
-0.821968 -0.609278 -0.019513 25 52 125
0.604209 -0.594610 -0.527686 205 52 60
-0.087528 -0.584413 0.783360 116 52 229
-0.480630 -0.604718 -0.658702 67 52 45
0.786235 -0.594953 0.158403 228 52 148
-0.690398 -0.598273 0.416496 40 52 180
0.222162 -0.583774 -0.754527 156 52 29
0.361065 -0.609597 0.737490 173 51 219
-0.746663 -0.595603 -0.292945 32 51 90
0.734390 -0.584568 -0.282939 223 51 91
-0.363234 -0.606147 0.730528 82 51 219
-0.221520 -0.595269 -0.769758 99 51 29
0.687083 -0.598714 0.420271 215 51 181
-0.772268 -0.585042 0.150662 27 51 147
0.487407 -0.609884 -0.659449 188 51 45
0.084156 -0.596601 0.797528 138 51 229
-0.588685 -0.584746 -0.520534 51 51 60
0.816116 -0.607546 -0.014361 230 51 126
-0.580300 -0.595615 0.550691 53 51 198
0.056223 -0.599122 -0.802540 135 51 25
0.489849 -0.586349 0.616160 191 51 208
-0.808741 -0.610139 -0.128424 27 51 111
0.668879 -0.597602 -0.442206 213 51 71
-0.190336 -0.584948 0.761220 103 51 227
-0.389063 -0.608911 -0.717945 79 51 38
0.755274 -0.595991 0.260858 224 51 161
-0.737245 -0.599498 0.319619 34 51 168
0.321186 -0.587694 -0.719046 169 51 34
0.258410 -0.610366 0.775781 160 51 224
-0.700622 -0.598603 -0.389722 38 51 78
0.762180 -0.585176 -0.181678 227 51 104
-0.457982 -0.610240 0.676422 70 51 212
-0.116480 -0.596398 -0.789598 113 51 26
0.622668 -0.599841 0.506319 207 51 192
-0.786566 -0.589076 0.046402 26 51 134
0.568513 -0.610566 -0.586012 199 51 54
-0.022933 -0.599603 0.801268 125 51 230
-0.511816 -0.585434 -0.591840 61 51 50
0.811614 -0.611533 0.094695 229 51 139
-0.646338 -0.596837 0.466794 45 51 187
0.162129 -0.600154 -0.784929 148 51 28
0.403946 -0.590491 0.677041 180 51 215
-0.780888 -0.610743 -0.234070 30 51 98
0.721536 -0.600598 -0.348901 219 51 83
-0.288944 -0.585724 0.726029 90 51 222
-0.290106 -0.612786 -0.764083 91 51 32
0.711423 -0.597309 0.358073 219 51 173
-0.770268 -0.600437 0.217604 29 51 155
0.414916 -0.591938 -0.670953 181 51 41
0.151954 -0.610898 0.799627 147 51 228
-0.642078 -0.601587 -0.479429 46 51 66
0.776502 -0.586048 -0.078109 229 51 117
-0.544456 -0.613998 0.609719 60 51 204
-0.010118 -0.597814 -0.795611 126 51 26
0.547367 -0.600691 0.582462 197 51 202
-0.787200 -0.593415 -0.059009 26 51 120
0.638568 -0.611034 -0.502599 208 51 64
-0.129505 -0.602566 0.790629 111 51 228
-0.426697 -0.586407 -0.652314 72 51 42
0.792101 -0.615168 0.202169 226 51 153
-0.700753 -0.598353 0.375335 38 51 176
0.264237 -0.600917 -0.753131 161 51 31
0.310678 -0.594919 0.726310 168 51 221
-0.739147 -0.611153 -0.334500 35 51 86
0.761166 -0.603535 -0.249423 224 51 96
-0.381790 -0.586805 0.678549 78 51 216
-0.185672 -0.616294 -0.796134 104 51 28
0.655503 -0.598924 0.448498 212 51 185
-0.788978 -0.601119 0.112459 27 51 142
0.501741 -0.596446 -0.610925 192 51 49
0.043755 -0.611259 0.808792 133 51 229
-0.572038 -0.604490 -0.560399 55 51 56
0.777308 -0.587242 0.026043 229 51 131
-0.620906 -0.617375 0.531680 50 51 194
0.095814 -0.599529 -0.787799 140 51 27
0.462739 -0.601296 0.647354 187 51 210
-0.774017 -0.597996 -0.163816 28 51 106
0.696432 -0.611354 -0.410922 215 51 76
-0.233605 -0.605429 0.765738 98 51 225
-0.334817 -0.587720 -0.701116 84 51 36
0.757905 -0.618410 0.305921 222 51 166
-0.742727 -0.600167 0.277860 32 51 163
0.360648 -0.601451 -0.707917 174 51 37
0.211540 -0.599564 0.763010 155 51 225
-0.684510 -0.611441 -0.427930 41 51 74
0.786984 -0.606350 -0.145577 227 51 109
-0.467446 -0.588242 0.619701 66 50 209
-0.077817 -0.619398 -0.813418 118 50 26
0.588498 -0.600837 0.530688 203 50 196
-0.793195 -0.601586 0.006218 26 50 128
0.580104 -0.601149 -0.539847 202 50 58
-0.064162 -0.611523 0.803343 119 50 229
-0.491751 -0.607251 -0.631096 65 50 47
0.764742 -0.588808 0.129099 228 50 144
-0.685790 -0.620339 0.443832 42 50 183
0.199585 -0.601540 -0.766356 153 50 29
0.370502 -0.601703 0.699911 175 50 217
-0.747079 -0.602746 -0.266214 32 50 93
0.741239 -0.611601 -0.312795 221 50 88
-0.333287 -0.608131 0.727006 85 50 220
-0.237719 -0.589420 -0.737591 96 50 31
0.709688 -0.621232 0.403881 216 50 178
-0.771623 -0.602273 0.175991 29 50 150
0.449623 -0.601804 -0.650317 185 50 44
0.108173 -0.604353 0.786352 141 50 228
-0.618182 -0.611680 -0.512771 49 50 63
0.798460 -0.608986 -0.039290 229 50 123
-0.544621 -0.590078 0.550534 56 50 200
0.031309 -0.622077 -0.815583 131 50 26
0.511543 -0.603037 0.603323 193 50 205
-0.783040 -0.601891 -0.099115 27 50 115
0.648535 -0.605968 -0.458820 210 50 69
-0.169846 -0.611761 0.783617 106 50 227
-0.402697 -0.609817 -0.690163 76 50 40
0.739124 -0.590784 0.229433 224 50 158
-0.737815 -0.622873 0.347933 36 50 171
0.299491 -0.603829 -0.731669 166 50 34
0.272487 -0.601968 0.739334 163 50 223
-0.706687 -0.607586 -0.364374 37 50 81
0.772401 -0.611848 -0.210091 225 50 101
-0.426660 -0.610620 0.675130 73 50 213
-0.136982 -0.591538 -0.761263 110 50 28
0.648431 -0.623622 0.494099 208 50 189
-0.786987 -0.604650 0.071416 27 50 137
0.529621 -0.602036 -0.581585 196 50 53
0.002356 -0.609205 0.795755 128 50 229
-0.541544 -0.611942 -0.587650 59 50 53
0.795349 -0.611395 0.067429 228 50 136
-0.612158 -0.592341 0.472214 47 50 189
0.139523 -0.624322 -0.802618 145 50 28
0.425923 -0.605496 0.665210 182 50 213
-0.758924 -0.602098 -0.201608 30 50 102
0.705687 -0.610821 -0.369163 217 50 81
-0.271458 -0.612047 0.750201 93 50 223
-0.306555 -0.612140 -0.736461 89 50 34
0.700940 -0.593193 0.325485 219 50 170
-0.775983 -0.624976 0.245921 31 50 158
0.393875 -0.606368 -0.684319 178 50 40
0.170582 -0.602157 0.765104 150 50 226
-0.653396 -0.612432 -0.456479 45 50 70
0.789590 -0.612165 -0.104697 228 50 114
-0.511939 -0.612853 0.611088 63 50 205
-0.034206 -0.594094 -0.771827 123 50 27
0.575405 -0.625583 0.574806 199 50 199
-0.788559 -0.607262 -0.034125 27 50 123
0.599330 -0.602216 -0.503153 205 50 63
-0.104028 -0.614035 0.790871 114 50 228
-0.456106 -0.612298 -0.651416 70 50 45
0.777708 -0.613535 0.172541 226 50 149
-0.669037 -0.595044 0.386008 40 50 178
0.244675 -0.626145 -0.774853 158 50 31
0.333062 -0.608178 0.715304 170 50 219
-0.721511 -0.602277 -0.299450 34 50 89
0.750374 -0.615626 -0.272405 222 50 93
-0.367294 -0.612449 0.703898 81 50 217
-0.205171 -0.614184 -0.769108 101 50 30
0.650829 -0.596043 0.415760 213 50 182
-0.799612 -0.626662 0.139859 28 50 145
0.481145 -0.609113 -0.625082 189 50 48
0.066688 -0.602343 0.776986 136 50 228
-0.588027 -0.617202 -0.540759 53 50 59
0.792731 -0.612619 0.001521 228 50 128
-0.587492 -0.614799 0.536122 53 50 195
0.068989 -0.597090 -0.769147 137 50 27
0.492136 -0.627135 0.644461 189 49 208
-0.776284 -0.610066 -0.138850 28 49 110
0.657675 -0.602417 -0.416589 213 49 74
-0.209015 -0.618760 0.771617 101 49 225
-0.363475 -0.612811 -0.703143 81 49 38
0.745900 -0.615380 0.274024 222 49 162
-0.714378 -0.598185 0.293282 34 49 166
0.344704 -0.627567 -0.732946 170 49 36
0.234516 -0.611034 0.752726 157 49 224
-0.671693 -0.602501 -0.390983 40 49 77
0.781617 -0.620298 -0.170265 226 49 106
-0.455801 -0.613027 0.645694 69 49 210
-0.100513 -0.615926 -0.787505 115 49 28
0.589580 -0.599327 0.498836 204 49 193
-0.808353 -0.627959 0.031875 27 49 131
0.559789 -0.612014 -0.554932 199 49 57
-0.037327 -0.602599 0.775007 123 49 228
-0.511666 -0.621812 -0.615543 63 49 50
0.781978 -0.613268 0.106742 227 49 141
-0.651891 -0.616437 0.451716 45 49 185
0.170975 -0.600514 -0.753252 150 49 29
0.400355 -0.628312 0.701790 177 49 215
-0.750326 -0.613006 -0.240961 32 49 97
0.703828 -0.602714 -0.323549 219 49 85
-0.310607 -0.623301 0.738199 88 49 220
-0.265322 -0.613536 -0.742129 94 49 33
0.700594 -0.616914 0.369930 216 49 174
-0.747439 -0.601746 0.195490 30 49 153
0.437695 -0.628628 -0.677854 182 49 43
0.131963 -0.614006 0.776781 144 49 227
-0.610550 -0.602847 -0.474720 48 49 66
0.798681 -0.624760 -0.064627 228 49 119
-0.535590 -0.613833 0.576734 59 49 201
0.005379 -0.617356 -0.791362 128 49 27
0.518135 -0.603021 0.573375 195 49 202
-0.802188 -0.628910 -0.075899 27 49 118
0.628408 -0.615012 -0.475043 208 49 67
-0.139663 -0.603003 0.759438 109 49 226
-0.425663 -0.626188 -0.679308 74 49 42
0.757695 -0.614159 0.209216 224 49 154
-0.703947 -0.617763 0.359550 38 49 173
0.270123 -0.604337 -0.724344 163 49 33
0.301944 -0.629159 0.745812 165 49 221
-0.711078 -0.616022 -0.338665 37 49 84
0.737203 -0.603183 -0.225740 224 49 98
-0.406820 -0.627583 0.691124 77 49 214
-0.163354 -0.614517 -0.767884 107 49 29
0.642748 -0.618137 0.458435 209 49 186
-0.767634 -0.605693 0.094174 28 49 140
0.521926 -0.629379 -0.610803 193 49 51
0.027188 -0.617033 0.786987 131 49 228
-0.539311 -0.603390 -0.549366 57 49 56
0.801108 -0.628942 0.042502 228 49 133
-0.605441 -0.614907 0.498294 50 49 191
0.110449 -0.618478 -0.780701 142 49 28
0.437586 -0.607086 0.638127 184 49 210
-0.781421 -0.629570 -0.181382 30 49 105
0.685744 -0.618042 -0.386779 215 49 78
-0.238618 -0.603626 0.730764 96 49 223
-0.331606 -0.630263 -0.730726 86 49 36
0.720437 -0.615329 0.307278 220 49 167
-0.742748 -0.618787 0.261464 33 49 161
0.364808 -0.608515 -0.682807 175 49 39
0.198883 -0.629736 0.775852 152 49 225
-0.659175 -0.619048 -0.430204 44 49 73
0.757444 -0.603895 -0.124880 226 49 111
-0.495739 -0.631543 0.631204 66 49 206
-0.059296 -0.615785 -0.780125 120 49 28
0.573579 -0.619064 0.537895 201 49 196
-0.774537 -0.609978 -0.009043 27 49 126
0.595905 -0.629879 -0.533237 202 49 61
-0.077949 -0.620048 0.783096 118 49 227
-0.459324 -0.604198 -0.613817 68 49 47
0.788751 -0.632782 0.149036 226 49 146
-0.664301 -0.616275 0.411760 42 49 180
0.212682 -0.619312 -0.755857 155 49 31
0.349178 -0.611471 0.691953 173 49 217
-0.746653 -0.630002 -0.282599 34 49 92
0.730711 -0.621039 -0.291690 220 49 90
-0.332602 -0.604537 0.689661 84 48 218
-0.231292 -0.633978 -0.768709 99 48 32
0.670936 -0.616800 0.399357 213 48 179
-0.767674 -0.619532 0.159399 30 48 148
0.453430 -0.612993 -0.629214 186 48 46
0.093190 -0.630107 0.791547 139 48 227
-0.595497 -0.622019 -0.513894 52 48 62
0.764412 -0.604915 -0.022675 227 48 125
-0.575573 -0.635128 0.559551 56 48 197
0.045127 -0.617359 -0.778764 133 48 28
0.494531 -0.619724 0.606877 191 48 205
-0.767911 -0.614540 -0.112464 29 48 113
0.658391 -0.630198 -0.446775 210 48 71
-0.181535 -0.622985 0.765114 104 48 225
-0.372021 -0.605334 -0.667162 79 48 40
0.761785 -0.636233 0.252866 222 48 159
-0.711290 -0.617952 0.318611 36 48 168
0.310154 -0.619891 -0.717461 167 48 36
0.254312 -0.616111 0.733843 160 48 222
-0.698751 -0.630276 -0.377720 40 48 80
0.762434 -0.623936 -0.191484 224 48 103
-0.420154 -0.605795 0.636964 73 48 211
-0.126684 -0.637291 -0.792454 112 48 29
0.610088 -0.618579 0.483986 206 48 190
-0.778413 -0.620035 0.055348 28 48 135
0.534430 -0.617701 -0.564341 196 48 55
-0.013125 -0.630346 0.792830 126 48 227
-0.521166 -0.624869 -0.588164 61 48 53
0.758164 -0.606300 0.079204 227 48 138
-0.644709 -0.638300 0.477552 47 48 187
0.148205 -0.619240 -0.763908 147 48 30
0.407227 -0.620158 0.664202 180 48 213
-0.747717 -0.619309 -0.214334 32 48 100
0.708414 -0.630409 -0.353160 217 48 83
-0.281650 -0.625782 0.733321 92 48 221
-0.278895 -0.606850 -0.708679 91 48 35
0.720714 -0.639260 0.351922 217 48 171
-0.745703 -0.619934 0.220408 32 48 156
0.401081 -0.620262 -0.666415 179 48 42
0.154538 -0.620931 0.762942 147 48 225
-0.638810 -0.630469 -0.465097 47 48 69
0.780276 -0.626673 -0.088006 227 48 116
-0.499945 -0.607447 0.573650 62 48 203
-0.019862 -0.640172 -0.801469 125 48 28
0.538941 -0.620660 0.559812 197 48 199
-0.774953 -0.620348 -0.048701 28 48 121
0.606323 -0.622564 -0.489176 205 48 65
-0.118111 -0.630528 0.779916 113 48 226
-0.437537 -0.627540 -0.651595 72 48 45
0.738939 -0.608092 0.179137 224 48 151
-0.701763 -0.641033 0.386839 40 48 176
0.248249 -0.621417 -0.735849 159 48 33
0.313422 -0.620421 0.708957 168 48 219
-0.714144 -0.624205 -0.312864 36 48 88
0.745275 -0.630589 -0.254209 222 48 95
-0.376406 -0.628382 0.688273 80 48 215
-0.181481 -0.608786 -0.737820 104 48 31
0.666365 -0.641845 0.444227 210 48 183
-0.767010 -0.622205 0.118782 29 48 143
0.483861 -0.620481 -0.603857 190 48 50
0.051544 -0.625851 0.778586 134 48 227
-0.568114 -0.630655 -0.543284 56 48 59
0.783868 -0.629196 0.016802 227 48 130
-0.570779 -0.609529 0.500812 53 48 193
0.087040 -0.642608 -0.795594 138 48 29
0.458691 -0.623022 0.625604 186 48 208
-0.757575 -0.620532 -0.150814 30 48 108
0.667725 -0.627498 -0.404918 212 48 76
-0.219910 -0.630728 0.753276 100 48 223
-0.346174 -0.629980 -0.702970 84 48 38
0.707140 -0.610323 0.275561 220 48 164
-0.745621 -0.643321 0.289240 35 48 163
0.343611 -0.623866 -0.695073 172 48 38
0.214951 -0.620576 0.740509 155 48 223
-0.667623 -0.629144 -0.406258 43 48 76
0.768538 -0.630811 -0.151772 225 48 108
-0.463997 -0.630735 0.630810 69 48 207
-0.081343 -0.611167 -0.754212 117 48 29
0.599863 -0.643985 0.527961 202 47 193
-0.774868 -0.624737 0.015421 28 47 129
0.557101 -0.620616 -0.531120 199 47 59
-0.052861 -0.630784 0.780325 121 47 227
-0.488091 -0.630908 -0.611053 66 47 50
0.773133 -0.631457 0.120945 226 47 143
-0.631595 -0.612061 0.419650 45 47 182
0.191887 -0.644601 -0.775003 151 47 31
0.370675 -0.625631 0.680269 175 47 215
-0.726820 -0.620655 -0.249158 34 47 95
0.717396 -0.632417 -0.312978 218 47 88
-0.316786 -0.631019 0.713605 87 47 218
-0.248824 -0.632147 -0.741304 96 47 34
0.663327 -0.613006 0.366978 214 47 175
-0.775473 -0.645170 0.186735 31 47 151
0.432694 -0.626548 -0.642254 183 47 45
0.113679 -0.620696 0.758506 142 47 226
-0.608843 -0.634038 -0.492752 50 47 65
0.778022 -0.631148 -0.047696 226 47 121
-0.542748 -0.632803 0.562039 59 47 199
0.019938 -0.614002 -0.757645 130 47 28
0.522599 -0.645693 0.601504 192 47 202
-0.769133 -0.627485 -0.087944 29 47 116
0.619642 -0.620741 -0.449689 208 47 69
-0.156780 -0.635645 0.767958 108 47 225
-0.400280 -0.631296 -0.667397 77 47 43
0.748292 -0.633425 0.222422 222 47 156
-0.681464 -0.615047 0.331463 38 47 171
0.292611 -0.646171 -0.740201 164 47 35
0.276365 -0.628441 0.722868 163 47 220
-0.683471 -0.620794 -0.342034 39 47 83
0.754278 -0.637235 -0.214964 223 47 100
-0.407148 -0.631467 0.661794 76 47 212
-0.147370 -0.634011 -0.765884 109 47 30
0.608209 -0.616141 0.451961 207 47 187
-0.790830 -0.646605 0.081391 29 47 138
0.513977 -0.629414 -0.578262 193 47 54
0.011459 -0.620857 0.762861 129 47 226
-0.538753 -0.638804 -0.570656 60 47 56
0.773776 -0.631661 0.056211 226 47 135
-0.611162 -0.634562 0.483313 50 47 189
0.120766 -0.617284 -0.748073 143 47 30
0.436190 -0.646998 0.663486 182 47 210
-0.749865 -0.630400 -0.189550 32 47 103
0.670563 -0.620933 -0.361155 215 47 81
-0.258261 -0.640349 0.741560 95 47 221
-0.306296 -0.631881 -0.711529 88 47 37
0.709870 -0.635077 0.319282 218 47 168
-0.719598 -0.618475 0.237638 34 47 158
0.387263 -0.647350 -0.692001 176 47 41
0.177355 -0.631398 0.752633 150 47 224
-0.628507 -0.621025 -0.427905 46 47 72
0.777538 -0.641869 -0.112656 225 47 113
-0.489560 -0.632128 0.598900 65 47 204
-0.043790 -0.635556 -0.776286 122 47 29
0.542642 -0.619711 0.529157 198 47 196
-0.791530 -0.647664 -0.024694 29 47 124
0.586032 -0.632405 -0.504161 202 47 63
-0.089910 -0.621136 0.753735 116 47 225
-0.458567 -0.643359 -0.638404 70 47 47
0.756069 -0.632405 0.158199 224 47 148
-0.667963 -0.635999 0.396201 43 47 178
0.219540 -0.620993 -0.725619 156 47 33
0.342421 -0.647941 0.712813 170 47 216
-0.717348 -0.633419 -0.287631 36 47 91
0.709184 -0.621270 -0.267175 220 47 93
-0.355342 -0.644818 0.701493 83 47 215
-0.207801 -0.632712 -0.742876 101 47 33
0.658683 -0.636407 0.409677 211 47 180
-0.745348 -0.622317 0.139651 31 47 146
0.474063 -0.648185 -0.631492 187 47 49
0.075355 -0.634437 0.768996 137 47 226
-0.563074 -0.621427 -0.505415 54 47 62
0.786602 -0.646243 -0.007978 226 47 127
-0.562748 -0.633051 0.526119 56 47 195
0.059900 -0.636780 -0.772396 135 47 29
0.467631 -0.623682 0.597298 188 47 205
-0.777733 -0.648397 -0.129450 30 47 111
0.647557 -0.635457 -0.421208 210 47 74
-0.188713 -0.621612 0.731514 103 46 223
-0.369740 -0.647631 -0.694599 81 46 41
0.725363 -0.633422 0.256595 220 46 160
-0.712132 -0.637119 0.302446 37 46 166
0.314663 -0.625087 -0.690575 168 46 38
0.243201 -0.648580 0.748689 158 46 221
-0.672100 -0.636477 -0.380443 42 46 79
0.735055 -0.621827 -0.169432 223 46 105
-0.446109 -0.648980 0.648422 72 46 209
-0.106482 -0.633828 -0.761068 114 46 30
0.595816 -0.637424 0.491907 203 46 190
-0.758226 -0.626529 0.039061 29 46 133
0.551442 -0.648736 -0.560003 196 46 57
-0.027841 -0.637493 0.771607 124 46 226
-0.488445 -0.622074 -0.573398 64 46 53
0.781186 -0.650289 0.097052 225 46 140
-0.625607 -0.634267 0.444765 47 46 184
0.161696 -0.637697 -0.754406 148 46 31
0.384331 -0.628006 0.655214 177 46 212
-0.749902 -0.648867 -0.230886 34 46 99
0.697409 -0.638504 -0.330844 216 46 85
-0.283337 -0.622356 0.696779 90 46 218
-0.273951 -0.651555 -0.738065 93 46 35
0.682300 -0.634742 0.349813 215 46 172
-0.742931 -0.637939 0.203914 33 46 153
0.404550 -0.629516 -0.643421 180 46 44
0.140499 -0.648978 0.770620 145 46 224
-0.614874 -0.639506 -0.466295 49 46 68
0.747946 -0.622675 -0.069610 225 46 118
-0.528741 -0.652777 0.583310 62 46 200
-0.004031 -0.635252 -0.765935 127 46 29
0.522591 -0.638152 0.564470 194 46 200
-0.757911 -0.631055 -0.062498 30 46 119
0.618071 -0.649069 -0.479050 205 46 67
-0.130373 -0.640498 0.760358 111 46 224
-0.405991 -0.623033 -0.630875 74 46 45
0.761319 -0.653953 0.200368 222 46 152
-0.677197 -0.635797 0.356249 41 46 173
0.259666 -0.638336 -0.722811 161 46 35
0.294048 -0.632622 0.701853 165 46 218
-0.708775 -0.649145 -0.327141 38 46 86
0.734630 -0.641476 -0.234679 221 46 98
-0.372294 -0.623433 0.650283 79 46 213
-0.173059 -0.655082 -0.767885 106 46 32
0.627687 -0.636378 0.436370 208 46 183
-0.759918 -0.638494 0.102544 30 46 141
0.487651 -0.634213 -0.584827 190 46 52
0.036295 -0.649208 0.778415 132 46 225
-0.546668 -0.642439 -0.543589 58 46 58
0.747830 -0.623876 0.030637 225 46 132
-0.601571 -0.656163 0.507401 53 46 191
0.097864 -0.636994 -0.757495 140 46 30
0.440529 -0.638627 0.626095 184 46 208
-0.744276 -0.635825 -0.163327 32 46 107
0.672881 -0.649260 -0.390294 212 46 78
-0.230356 -0.643384 0.735402 98 46 221
-0.317151 -0.624363 -0.677055 86 46 39
0.727354 -0.657194 0.299914 218 46 165
-0.716747 -0.637645 0.262068 36 46 161
0.351992 -0.638738 -0.678378 173 46 41
0.198238 -0.637456 0.736306 153 46 222
-0.655331 -0.649305 -0.416514 45 46 75
0.758487 -0.644309 -0.134467 224 46 110
-0.454220 -0.624897 0.592922 68 46 205
-0.069060 -0.658175 -0.783438 119 46 30
0.562486 -0.638330 0.514885 200 46 194
-0.762954 -0.638829 0.000294 30 46 128
0.562472 -0.639102 -0.515668 200 46 61
-0.067467 -0.649346 0.772162 119 46 225
-0.468711 -0.645212 -0.610864 68 46 50
0.734861 -0.625479 0.129695 224 46 144
-0.663137 -0.659105 0.422192 45 46 180
0.197536 -0.639048 -0.735954 153 46 33
0.351299 -0.638902 0.675769 173 46 214
-0.717404 -0.640761 -0.261682 36 46 94
0.715065 -0.649386 -0.295491 218 46 90
-0.325916 -0.646090 0.697164 86 46 216
-0.223416 -0.626110 -0.711326 98 46 34
0.679963 -0.659985 0.393703 212 45 176
-0.743660 -0.639799 0.163792 32 45 148
0.437021 -0.638959 -0.622127 184 45 48
0.098501 -0.642428 0.757833 140 45 224
-0.590751 -0.649427 -0.497497 53 45 65
0.768501 -0.646943 -0.032076 225 45 123
-0.527884 -0.626791 0.525720 58 45 196
0.035969 -0.660813 -0.784419 132 45 30
0.487805 -0.640582 0.584096 190 45 202
-0.752186 -0.639003 -0.100911 31 45 115
0.627604 -0.644101 -0.437030 208 45 72
-0.168919 -0.649472 0.752215 106 45 223
-0.382450 -0.647768 -0.666831 79 45 43
0.709365 -0.627522 0.226006 220 45 157
-0.712224 -0.661590 0.329398 39 45 168
0.293349 -0.641394 -0.701702 165 45 38
0.256671 -0.639037 0.712749 161 45 219
-0.677610 -0.645777 -0.355800 41 45 82
0.744084 -0.649524 -0.196445 222 45 103
-0.415242 -0.648563 0.646344 75 45 209
-0.126306 -0.628305 -0.733244 111 45 32
0.620121 -0.662316 0.479875 205 45 187
-0.757516 -0.642236 0.063052 30 45 136
0.513293 -0.639064 -0.555283 194 45 56
-0.003441 -0.647451 0.765894 127 45 225
-0.516377 -0.649586 -0.568789 62 45 55
0.764464 -0.649327 0.070553 224 45 136
-0.592187 -0.629141 0.449808 50 45 186
0.139928 -0.662992 -0.770856 145 45 32
0.404894 -0.643104 0.642869 179 45 210
-0.728035 -0.639085 -0.199223 34 45 102
0.681766 -0.649121 -0.350203 214 45 83
-0.266305 -0.649660 0.719160 94 45 219
-0.289522 -0.650059 -0.710419 91 45 37
0.671822 -0.630028 0.318072 215 45 169
-0.747903 -0.663618 0.230902 35 45 156
0.383713 -0.643998 -0.655317 177 45 44
0.158466 -0.639105 0.736568 148 45 223
-0.625454 -0.650784 -0.443931 48 45 71
0.759649 -0.649750 -0.094971 224 45 115
-0.496627 -0.650757 0.583913 65 45 202
-0.027365 -0.630967 -0.742533 124 45 30
0.549082 -0.664195 0.556749 196 45 197
-0.758084 -0.644916 -0.038469 30 45 123
0.579567 -0.639126 -0.479243 202 45 66
-0.105761 -0.652436 0.760181 114 45 224
-0.433673 -0.649856 -0.629308 72 45 48
0.746463 -0.651421 0.171457 222 45 149
-0.646158 -0.631958 0.366416 43 45 175
0.240753 -0.664725 -0.743100 157 45 35
0.315139 -0.645855 0.690210 168 45 216
-0.691168 -0.639150 -0.292915 38 45 90
0.723834 -0.654074 -0.256681 219 45 95
-0.357998 -0.649983 0.673790 82 45 213
-0.191719 -0.652049 -0.740807 103 45 34
0.622861 -0.633001 0.404462 209 45 180
-0.769552 -0.665207 0.128697 32 45 144
0.467099 -0.646814 -0.597566 187 45 51
0.058511 -0.639181 0.747026 135 45 224
-0.561755 -0.655695 -0.524380 57 45 61
0.761711 -0.650131 0.007139 224 45 128
-0.568520 -0.652642 0.511095 55 45 192
0.071848 -0.634094 -0.739075 137 45 31
0.468339 -0.665645 0.622868 186 45 205
-0.745333 -0.647790 -0.139054 32 45 110
0.634835 -0.639223 -0.395523 210 45 76
-0.206562 -0.657295 0.740643 101 45 221
-0.344192 -0.650304 -0.678184 84 45 41
0.714881 -0.653198 0.268693 218 45 162
-0.688963 -0.635238 0.276866 38 45 164
0.336474 -0.666039 -0.701817 169 45 40
0.220051 -0.648781 0.725292 156 45 220
-0.642461 -0.639277 -0.380407 44 45 78
0.752888 -0.658872 -0.158139 222 45 108
-0.442522 -0.650503 0.617070 71 45 206
-0.090945 -0.653717 -0.757450 116 45 31
0.563258 -0.636431 0.483814 201 45 191
-0.776870 -0.666391 0.024836 31 45 131
0.542062 -0.649785 -0.529407 197 44 60
-0.041403 -0.639347 0.744175 122 44 224
-0.487588 -0.660423 -0.595551 66 44 53
0.750439 -0.650729 0.108140 223 44 141
-0.629570 -0.654199 0.429338 48 44 182
0.169765 -0.637671 -0.722914 150 44 33
0.379574 -0.666703 0.677038 175 44 212
-0.719441 -0.650799 -0.236972 36 44 97
0.678327 -0.639436 -0.305723 216 44 88
-0.303920 -0.661944 0.707510 89 44 216
-0.249546 -0.650986 -0.714765 96 44 36
0.670393 -0.654644 0.360398 213 44 173
-0.719902 -0.638958 0.182566 34 44 151
0.425268 -0.666977 -0.647960 181 44 47
0.121258 -0.651821 0.747465 143 44 223
-0.582971 -0.639547 -0.460290 52 44 68
0.768249 -0.663434 -0.056404 224 44 120
-0.518559 -0.651273 0.550114 61 44 198
0.010832 -0.655053 -0.760103 129 44 31
0.493931 -0.640290 0.554848 192 44 200
-0.769876 -0.667216 -0.078635 31 44 118
0.607269 -0.652847 -0.451989 205 44 70
-0.139556 -0.639682 0.728299 109 44 222
-0.404277 -0.664889 -0.655995 77 44 45
0.726203 -0.651592 0.206358 220 44 154
-0.678661 -0.655425 0.340281 41 44 171
0.264816 -0.641664 -0.694263 162 44 37
0.284612 -0.667422 0.718347 163 44 217
-0.680812 -0.653877 -0.330498 41 44 85
0.709503 -0.639844 -0.211487 220 44 100
-0.395931 -0.666307 0.661301 78 44 210
-0.151379 -0.651945 -0.738598 108 44 33
0.613949 -0.655763 0.444836 206 44 184
-0.738424 -0.643080 0.085009 32 44 139
0.505502 -0.667596 -0.582731 191 44 55
0.020485 -0.654906 0.756289 130 44 224
-0.513892 -0.640037 -0.531337 60 44 58
0.769509 -0.667686 0.046580 224 44 133
-0.584949 -0.652333 0.474160 53 44 188
0.111638 -0.656065 -0.748819 142 44 32
0.415947 -0.644534 0.616371 181 44 207
-0.748895 -0.667743 -0.179725 34 44 105
0.661524 -0.655933 -0.366646 212 44 81
-0.234322 -0.640262 0.699885 97 44 219
-0.313376 -0.669023 -0.704459 88 44 40
0.689555 -0.652756 0.300200 216 44 166
-0.714947 -0.656335 0.245704 36 44 159
0.355440 -0.646025 -0.653508 173 44 43
0.185361 -0.667864 0.746179 151 44 221
-0.630081 -0.656954 -0.417946 47 44 74
0.728044 -0.640523 -0.114466 223 44 113
-0.480763 -0.670317 0.602831 68 44 203
-0.051348 -0.653214 -0.749431 121 44 32
0.546746 -0.656571 0.520444 197 44 194
-0.744140 -0.647550 -0.014236 31 44 126
0.575767 -0.667962 -0.507540 200 44 64
-0.080470 -0.657968 0.751549 117 44 223
-0.436528 -0.640821 -0.592509 70 44 50
0.756559 -0.671566 0.148801 222 44 146
-0.640699 -0.653709 0.390550 45 44 178
0.209541 -0.656777 -0.723955 154 44 35
0.330520 -0.649106 0.667298 170 44 214
-0.714534 -0.668040 -0.276548 38 44 93
0.703803 -0.658971 -0.274885 217 44 93
-0.324185 -0.641159 0.659598 85 44 214
-0.216631 -0.672768 -0.739927 101 44 35
0.641214 -0.654240 0.388167 210 44 177
-0.737865 -0.656954 0.147482 33 44 146
0.440102 -0.650692 -0.601220 184 44 50
0.083762 -0.668101 0.760217 138 44 223
-0.568122 -0.659962 -0.497707 55 44 64
0.733836 -0.641539 -0.016295 223 44 125
-0.556709 -0.673922 0.533199 58 44 194
0.048889 -0.654808 -0.747199 134 44 32
0.470193 -0.657103 0.585875 188 44 202
-0.736837 -0.652302 -0.113529 33 44 113
0.634899 -0.668148 -0.423957 207 44 74
-0.179766 -0.660936 0.733281 105 44 221
-0.352262 -0.641963 -0.642948 81 44 43
0.729603 -0.675026 0.248236 218 43 158
-0.684980 -0.655412 0.300716 40 43 166
0.302706 -0.657226 -0.686146 166 43 40
0.239012 -0.653936 0.706672 158 43 218
-0.667651 -0.668184 -0.367365 44 43 81
0.733289 -0.661894 -0.178365 221 43 105
-0.407756 -0.642432 0.608256 74 43 207
-0.115946 -0.676080 -0.761657 113 43 33
0.582057 -0.656052 0.468859 202 43 188
-0.747148 -0.657326 0.047531 32 43 134
0.517307 -0.655590 -0.538169 194 43 58
-0.018259 -0.668211 0.760428 125 43 223
-0.496037 -0.662831 -0.568282 65 43 55
0.726952 -0.642949 0.081425 223 43 138
-0.622243 -0.677082 0.453768 50 43 184
0.147688 -0.656728 -0.732023 146 43 34
0.385867 -0.657405 0.640020 177 43 209
-0.716503 -0.657260 -0.211178 36 43 100
0.681996 -0.668234 -0.333666 213 43 85
-0.275556 -0.663745 0.701781 93 43 217
-0.262534 -0.643515 -0.681979 93 43 38
0.689163 -0.678033 0.342900 213 43 170
-0.717130 -0.657438 0.206164 36 43 154
0.389438 -0.657464 -0.636287 177 43 46
0.142929 -0.658943 0.733690 146 43 221
-0.609320 -0.668254 -0.450612 51 43 71
0.749396 -0.664636 -0.078871 223 43 117
-0.483770 -0.644131 0.546808 64 43 199
-0.013327 -0.678931 -0.769212 126 43 32
0.513104 -0.658182 0.540987 193 43 197
-0.742816 -0.657506 -0.052242 32 43 121
0.585636 -0.660637 -0.465323 202 43 68
-0.118835 -0.668275 0.747046 112 43 222
-0.415154 -0.665500 -0.628331 75 43 48
0.707638 -0.644798 0.177143 220 43 151
-0.676062 -0.679776 0.366128 44 43 173
0.243433 -0.658959 -0.704203 159 43 37
0.295463 -0.657535 0.682034 165 43 215
-0.683344 -0.662337 -0.305461 40 43 89
0.716413 -0.668299 -0.238418 218 43 97
-0.366034 -0.666336 0.657617 81 43 211
-0.168820 -0.645518 -0.709093 105 43 35
0.636065 -0.680568 0.430910 207 43 181
-0.736659 -0.659767 0.108466 33 43 141
0.468218 -0.657553 -0.575492 188 43 53
0.043907 -0.664040 0.747733 133 43 223
-0.540789 -0.668330 -0.524926 59 43 61
0.751801 -0.667142 0.021722 223 43 130
-0.551093 -0.646290 0.476317 55 43 190
0.089172 -0.681309 -0.762475 139 43 33
0.435521 -0.660605 0.603382 183 43 205
-0.725166 -0.657561 -0.149990 34 43 108
0.643773 -0.665743 -0.383860 209 43 79
-0.216196 -0.668371 0.720548 100 43 219
-0.326996 -0.667916 -0.676705 86 43 42
0.676297 -0.647115 0.269365 216 43 163
-0.717129 -0.681997 0.272056 38 43 161
0.334543 -0.661471 -0.664223 170 43 42
0.200748 -0.657565 0.711340 153 43 219
-0.637799 -0.667443 -0.394653 47 43 77
0.737760 -0.668423 -0.139989 221 43 110
-0.449476 -0.668658 0.601623 71 43 204
-0.072624 -0.647994 -0.723948 118 43 33
0.571420 -0.682633 0.510535 198 43 191
-0.743257 -0.662364 0.009250 32 43 129
0.537736 -0.657565 -0.505061 197 43 62
-0.056305 -0.669136 0.748395 120 43 222
-0.463443 -0.668491 -0.589149 69 43 53
0.740461 -0.669365 0.121494 221 43 143
-0.608720 -0.648927 0.397944 48 43 180
0.189507 -0.683220 -0.741651 151 43 35
0.350605 -0.663282 0.655009 172 43 211
-0.694749 -0.657566 -0.243966 38 43 96
0.690543 -0.670819 -0.295156 215 43 90
-0.308690 -0.668575 0.681623 88 43 214
-0.233257 -0.670037 -0.712487 98 43 37
0.633483 -0.649913 0.356660 210 43 174
-0.744699 -0.683756 0.173463 35 43 149
0.419492 -0.664222 -0.612753 181 42 49
0.103512 -0.657569 0.727627 141 42 222
-0.580557 -0.672487 -0.477065 54 42 67
0.745888 -0.668680 -0.040148 222 42 122
-0.524292 -0.670673 0.534890 61 42 195
0.024533 -0.650952 -0.726358 131 42 33
0.496592 -0.684245 0.580249 189 42 200
-0.736806 -0.665184 -0.089816 33 42 116
0.596902 -0.657580 -0.426430 205 42 72
-0.155875 -0.674139 0.735511 108 42 220
-0.378769 -0.668806 -0.642338 79 42 46
0.715622 -0.671272 0.218529 218 42 155
-0.655771 -0.652044 0.312944 42 42 168
0.285702 -0.684686 -0.707258 163 42 40
0.259783 -0.666163 0.694982 161 42 216
-0.652335 -0.657599 -0.332555 43 42 84
0.724953 -0.675771 -0.200776 219 42 102
-0.394806 -0.668957 0.631143 77 42 208
-0.135758 -0.671833 -0.735022 110 42 34
0.579889 -0.653187 0.437663 203 42 185
-0.758340 -0.685082 0.072339 33 42 137
0.496826 -0.667159 -0.550646 191 42 57
0.005530 -0.657632 0.730842 128 42 222
-0.512563 -0.677380 -0.551086 63 42 58
0.740868 -0.669134 0.059375 222 42 135
-0.589065 -0.672357 0.458744 53 42 186
0.121120 -0.654382 -0.716296 143 42 34
0.413151 -0.685435 0.638764 179 42 207
-0.717386 -0.668168 -0.187040 36 42 104
0.644859 -0.657679 -0.341136 211 42 83
-0.252927 -0.678962 0.709183 96 42 217
-0.288321 -0.669339 -0.683762 91 42 40
0.677820 -0.672843 0.310962 214 42 167
-0.691503 -0.655625 0.222658 37 42 157
0.375903 -0.685746 -0.660109 174 42 45
0.164599 -0.669189 0.722584 149 42 220
-0.598885 -0.657746 -0.414303 50 42 74
0.746229 -0.680515 -0.102447 221 42 115
-0.473182 -0.669575 0.570139 67 42 200
-0.036405 -0.673291 -0.743939 123 42 33
0.516353 -0.656917 0.511085 195 42 194
-0.757931 -0.686018 -0.029302 33 42 124
0.565187 -0.670218 -0.478945 200 42 66
-0.091481 -0.657834 0.721162 116 42 221
-0.435005 -0.682036 -0.615227 73 42 50
0.722978 -0.669841 0.156908 220 42 148
-0.642599 -0.673701 0.374711 46 42 175
0.215600 -0.658255 -0.693895 156 42 37
0.322829 -0.686252 0.685063 168 42 213
-0.685294 -0.671253 -0.280726 40 42 92
0.680981 -0.657946 -0.250770 216 42 95
-0.345582 -0.683522 0.669793 84 42 211
-0.193696 -0.670141 -0.712890 103 42 36
0.627870 -0.674074 0.397032 207 42 178
-0.715311 -0.659638 0.128512 35 42 144
0.458426 -0.686452 -0.601277 185 42 52
0.066704 -0.672292 0.737291 136 42 222
-0.535510 -0.658086 -0.487930 58 42 64
0.753851 -0.684970 -0.002027 222 42 127
-0.542617 -0.670475 0.499771 58 42 191
0.062868 -0.674410 -0.739161 135 42 33
0.443855 -0.661064 0.575718 185 42 202
-0.743661 -0.686619 -0.129482 35 42 111
0.623342 -0.673331 -0.398877 207 42 77
-0.185887 -0.658256 0.698979 103 42 219
-0.349308 -0.686379 -0.668173 84 42 44
0.692680 -0.670845 0.250857 216 42 160
-0.683947 -0.674711 0.284478 40 42 164
0.306440 -0.662530 -0.659457 167 42 42
0.227462 -0.686757 0.718417 156 42 217
-0.641052 -0.674368 -0.369204 46 42 80
0.704860 -0.658459 -0.156949 219 42 107
-0.432008 -0.687745 0.618012 74 42 205
-0.096513 -0.671250 -0.729392 115 42 34
0.566839 -0.674976 0.475132 200 42 188
-0.726740 -0.664034 0.032010 33 42 132
0.531792 -0.686868 -0.532057 194 42 61
-0.032172 -0.675400 0.738793 123 42 222
-0.463445 -0.658698 -0.552337 67 42 55
0.747582 -0.689068 0.098541 221 41 140
-0.602064 -0.671692 0.421307 50 41 181
0.160145 -0.675209 -0.720907 148 41 36
0.363517 -0.665574 0.630450 174 41 209
-0.716005 -0.686954 -0.226306 38 41 99
0.670209 -0.676425 -0.311843 213 41 88
-0.276155 -0.658975 0.664871 91 41 214
-0.257102 -0.690344 -0.708820 95 41 39
0.650608 -0.672171 0.339712 211 41 171
-0.712432 -0.675409 0.189845 37 41 152
0.392123 -0.667146 -0.613460 178 41 48
0.128943 -0.687019 0.738385 144 41 220
-0.585410 -0.677440 -0.450862 53 41 70
0.716299 -0.659292 -0.061283 221 41 119
-0.510476 -0.691573 0.554794 64 41 197
0.001606 -0.672688 -0.733122 128 41 34
0.496020 -0.675578 0.543845 191 41 197
-0.725504 -0.668750 -0.065273 34 41 119
0.594753 -0.687066 -0.453922 202 41 71
-0.130241 -0.678442 0.727015 111 41 220
-0.384010 -0.659652 -0.606606 77 41 48
0.727485 -0.692752 0.197272 218 41 152
-0.650642 -0.673242 0.336112 44 41 171
0.253584 -0.675719 -0.689681 160 41 39
0.276609 -0.670380 0.674287 163 41 214
-0.675698 -0.687098 -0.318004 43 41 88
0.704897 -0.679429 -0.219404 217 41 100
-0.360871 -0.660056 0.619574 80 41 209
-0.160189 -0.693881 -0.736322 108 41 36
0.597551 -0.673834 0.422060 204 41 182
-0.727667 -0.675833 0.092675 34 41 139
0.471166 -0.672034 -0.556569 188 41 56
0.029167 -0.687117 0.744815 131 41 221
-0.519350 -0.680398 -0.524181 62 41 61
0.715290 -0.660508 0.034646 221 41 132
-0.579408 -0.694958 0.481362 55 41 187
0.099044 -0.674463 -0.724118 140 41 35
0.416889 -0.675922 0.601980 181 41 205
-0.711502 -0.673710 -0.161702 36 41 107
0.646315 -0.687127 -0.368475 209 41 81
-0.225695 -0.681348 0.702132 99 41 217
-0.298591 -0.661007 -0.650000 88 41 42
0.693933 -0.695983 0.292203 214 41 164
-0.687631 -0.675128 0.245627 39 41 159
0.341460 -0.675988 -0.646251 171 41 45
0.184544 -0.675404 0.706373 151 41 218
-0.623703 -0.687131 -0.402970 49 41 77
0.726728 -0.682275 -0.123257 220 41 112
-0.438744 -0.661556 0.563963 70 41 201
-0.060492 -0.696954 -0.750118 120 41 34
0.534447 -0.675830 0.496591 196 41 191
-0.729548 -0.676034 -0.005157 34 41 127
0.542144 -0.677112 -0.489646 197 41 65
-0.070011 -0.687132 0.737824 119 41 221
-0.444075 -0.683177 -0.587775 71 41 53
0.702000 -0.662157 0.129298 219 41 144
-0.637428 -0.697871 0.399179 48 41 177
0.194208 -0.676566 -0.702596 152 41 37
0.331057 -0.676063 0.648597 170 41 211
-0.684838 -0.678831 -0.255602 40 41 95
0.685735 -0.687133 -0.277405 214 41 92
-0.316742 -0.684053 0.664582 87 41 212
-0.208618 -0.662810 -0.681949 100 41 38
0.647605 -0.698734 0.381440 208 41 175
-0.712474 -0.677336 0.151364 36 41 147
0.422209 -0.676076 -0.591616 182 41 52
0.088868 -0.680558 0.726020 139 41 220
-0.561170 -0.687138 -0.479779 57 41 67
0.735272 -0.684900 -0.025201 221 41 124
-0.508607 -0.663516 0.499027 61 41 193
0.039993 -0.699543 -0.749954 132 41 34
0.462373 -0.678139 0.562107 187 41 200
-0.718250 -0.676077 -0.101813 35 41 114
0.603721 -0.682289 -0.413751 204 41 75
-0.166814 -0.687148 0.717775 106 41 218
-0.360994 -0.685718 -0.640435 82 41 46
0.676758 -0.664276 0.221187 216 41 156
-0.683404 -0.700297 0.309907 43 41 166
0.285533 -0.678973 -0.668950 164 40 42
0.240228 -0.676069 0.683015 158 40 215
-0.645840 -0.684021 -0.345283 45 40 84
0.712525 -0.687166 -0.182443 218 40 104
-0.401656 -0.686503 0.615067 77 40 205
-0.115551 -0.665091 -0.702047 112 40 36
0.589470 -0.700999 0.463221 201 40 185
-0.724792 -0.679837 0.054892 35 40 135
0.494456 -0.676054 -0.526971 191 40 60
-0.008754 -0.685750 0.732735 126 40 221
-0.489397 -0.687197 -0.547212 65 40 58
0.730363 -0.687254 0.072900 220 40 137
-0.569422 -0.665961 0.425862 53 40 183
0.139255 -0.701647 -0.735892 145 40 36
0.382542 -0.680728 0.617538 176 40 207
-0.694204 -0.676035 -0.195538 38 40 102
0.654683 -0.687473 -0.330148 211 40 86
-0.259573 -0.687242 0.685255 95 40 214
-0.271695 -0.687971 -0.681159 93 40 41
0.640039 -0.666887 0.308885 211 40 168
-0.716479 -0.702243 0.215365 38 40 154
0.371502 -0.681646 -0.623754 175 40 48
0.146148 -0.676016 0.704818 146 40 219
-0.595073 -0.689186 -0.429073 52 40 73
0.726434 -0.687305 -0.085324 220 40 117
-0.478820 -0.688652 0.554547 67 40 198
-0.020869 -0.667867 -0.710045 125 40 35
0.520757 -0.702788 0.535959 192 40 194
-0.724383 -0.682587 -0.042174 35 40 122
0.557042 -0.675999 -0.453669 199 40 69
-0.106564 -0.690886 0.726250 114 40 219
-0.409799 -0.687387 -0.604254 75 40 51
0.712117 -0.689295 0.169165 218 40 149
-0.620275 -0.668902 0.345655 46 40 173
0.235328 -0.703282 -0.708305 157 40 39
0.296293 -0.683551 0.661948 165 40 212
-0.658072 -0.675989 -0.284693 42 40 91
0.693977 -0.692569 -0.240286 215 40 97
-0.346749 -0.687491 0.641041 83 40 209
-0.177908 -0.689902 -0.709192 105 40 38
0.592462 -0.669991 0.391030 205 40 179
-0.736096 -0.703729 0.117469 36 40 142
0.450660 -0.684533 -0.567762 185 40 55
0.050562 -0.675987 0.713842 134 40 220
-0.533351 -0.694233 -0.505357 60 40 64
0.727442 -0.687619 0.012240 220 40 129
-0.546767 -0.690469 0.484220 58 40 189
0.073933 -0.671133 -0.705848 137 40 35
0.442916 -0.704128 0.598289 183 40 202
-0.711238 -0.685533 -0.138187 37 40 110
0.609026 -0.675997 -0.373171 206 40 79
-0.202740 -0.695873 0.706548 102 40 216
-0.323868 -0.687775 -0.650099 86 40 45
0.680935 -0.690998 0.261743 214 40 161
-0.660380 -0.672328 0.259680 41 40 161
0.326341 -0.704482 -0.667867 168 40 44
0.205088 -0.686548 0.694564 154 40 216
-0.610717 -0.676022 -0.367785 48 40 80
0.720747 -0.697487 -0.145787 218 40 109
-0.426945 -0.687958 0.586075 73 40 202
-0.081465 -0.691488 -0.724048 117 40 36
0.534783 -0.673574 0.466327 197 40 188
-0.742003 -0.704793 0.018186 35 40 130
0.521635 -0.687575 -0.501915 194 40 63
-0.044823 -0.676066 0.710166 122 40 220
-0.461731 -0.699071 -0.572623 69 40 56
0.715731 -0.688172 0.108590 219 40 141
-0.604232 -0.691939 0.405495 51 40 179
0.167354 -0.674870 -0.689517 149 40 38
0.357578 -0.705063 0.649099 172 40 208
-0.685555 -0.688611 -0.231489 40 40 98
0.649700 -0.676131 -0.287014 212 40 90
-0.295442 -0.700624 0.673879 90 40 212
-0.233150 -0.688419 -0.684144 98 40 40
0.637496 -0.692351 0.348862 208 40 172
-0.689083 -0.676214 0.169294 38 40 150
0.410571 -0.705294 -0.615516 179 40 51
0.110496 -0.689654 0.714787 142 40 219
-0.553163 -0.676221 -0.443488 56 40 70
0.734371 -0.702141 -0.048417 220 39 121
-0.498918 -0.688698 0.521437 64 39 194
0.015749 -0.692725 -0.725523 130 39 35
0.467898 -0.677604 0.533559 188 39 197
-0.734253 -0.705488 -0.080531 36 39 117
0.583163 -0.690701 -0.427330 202 39 73
-0.138371 -0.676338 0.694084 109 39 218
-0.381508 -0.703620 -0.629506 80 39 49
0.691678 -0.689013 0.202131 216 39 153
-0.650177 -0.693061 0.319957 45 39 168
0.257894 -0.679039 -0.661273 161 39 42
0.266499 -0.705649 0.687551 161 39 213
-0.647744 -0.691750 -0.320433 45 39 87
0.678571 -0.676485 -0.196772 216 39 102
-0.382854 -0.705059 0.628777 80 39 206
-0.139219 -0.689363 -0.705981 110 39 37
0.582737 -0.693360 0.428881 202 39 182
-0.705875 -0.680516 0.075935 36 39 137
0.486479 -0.705778 -0.552429 188 39 58
0.014176 -0.692797 0.722220 129 39 220
-0.486568 -0.676666 -0.510648 64 39 61
0.734495 -0.706455 0.049957 219 39 134
-0.561579 -0.689751 0.448322 56 39 185
0.111847 -0.693623 -0.713707 142 39 37
0.392843 -0.682033 0.591597 178 39 204
-0.713190 -0.705879 -0.176788 38 39 105
0.634121 -0.693840 -0.345306 208 39 84
-0.228540 -0.676882 0.666084 98 39 214
-0.294190 -0.707807 -0.674830 91 39 43
0.655828 -0.690176 0.291351 211 39 165
-0.683824 -0.693851 0.229323 40 39 157
0.344062 -0.683587 -0.621506 172 39 47
0.171508 -0.705954 0.713091 149 39 217
-0.598441 -0.694876 -0.403414 51 39 76
0.695360 -0.677137 -0.104022 218 39 114
-0.463235 -0.709111 0.572054 70 39 199
-0.043661 -0.690639 -0.715387 122 39 36
0.517829 -0.694045 0.500328 194 39 191
-0.710402 -0.685176 -0.018888 36 39 125
0.552747 -0.706007 -0.479975 197 39 67
-0.082144 -0.695903 0.716685 117 39 219
-0.412188 -0.677433 -0.568293 74 39 53
0.721049 -0.710367 0.147408 217 39 146
-0.613995 -0.691141 0.368025 49 39 175
0.204993 -0.694208 -0.688971 154 39 40
0.310796 -0.686796 0.639416 168 39 210
-0.679426 -0.706040 -0.268799 42 39 94
0.673551 -0.696917 -0.257300 213 39 95
-0.313896 -0.677773 0.626818 86 39 209
-0.201469 -0.711573 -0.707656 102 39 39
0.608887 -0.691681 0.374827 206 39 176
-0.704670 -0.694341 0.135393 38 39 145
0.424391 -0.688445 -0.570784 182 39 54
0.074463 -0.706057 0.725449 137 39 219
-0.538507 -0.697916 -0.478903 59 39 67
0.699977 -0.678157 -0.010324 219 39 126
-0.534974 -0.712727 0.504791 61 39 190
0.051941 -0.692260 -0.712322 134 39 36
0.444142 -0.694446 0.561943 184 39 199
-0.702483 -0.690120 -0.113602 37 39 113
0.608293 -0.706060 -0.399668 204 39 77
-0.176704 -0.698898 0.698246 105 39 216
-0.331351 -0.678589 -0.615626 84 39 47
0.694266 -0.713828 0.242001 214 39 158
-0.655394 -0.692877 0.281920 43 39 164
0.293447 -0.694524 -0.651956 165 39 44
0.223076 -0.691817 0.676118 156 39 214
-0.633806 -0.706053 -0.354922 48 39 83
0.700697 -0.699860 -0.164916 216 39 107
-0.393125 -0.679070 0.577085 76 39 203
-0.105177 -0.714875 -0.727311 114 39 37
0.551708 -0.693532 0.451234 198 39 185
-0.712493 -0.694579 0.039997 36 39 133
0.497463 -0.693534 -0.509863 191 39 62
-0.022804 -0.706039 0.724624 125 39 219
-0.469023 -0.700799 -0.545487 68 39 58
0.692515 -0.679602 0.082799 218 39 138
-0.596635 -0.715867 0.428319 53 39 181
0.146021 -0.694224 -0.696922 146 38 38
0.363195 -0.694613 0.612696 174 38 206
-0.682129 -0.695266 -0.206585 40 38 101
0.652284 -0.706021 -0.313126 210 38 88
-0.267741 -0.701714 0.667217 94 38 212
-0.245436 -0.680187 -0.652018 95 38 42
0.654679 -0.716804 0.331853 209 38 169
-0.685161 -0.694952 0.191456 40 38 152
0.375609 -0.694627 -0.603543 176 38 50
0.131137 -0.697011 0.700955 144 38 217
-0.577379 -0.706002 -0.433685 55 38 73
0.715029 -0.702602 -0.069870 218 38 119
-0.465034 -0.680825 0.517803 67 38 195
-0.007239 -0.717686 -0.733412 127 38 36
0.485285 -0.695715 0.519354 190 38 194
-0.707345 -0.694626 -0.055049 37 38 120
0.561931 -0.698764 -0.439695 199 38 71
-0.118520 -0.705986 0.710871 113 38 217
-0.391279 -0.703461 -0.601904 78 38 51
0.673226 -0.681517 0.173871 216 38 150
-0.647005 -0.718512 0.344180 47 38 170
0.237035 -0.696512 -0.669493 158 38 42
0.276619 -0.694611 0.651812 163 38 211
-0.649564 -0.700523 -0.296189 45 38 90
0.684135 -0.705975 -0.222026 214 38 99
-0.353538 -0.704290 0.624172 83 38 207
-0.155858 -0.682265 -0.677006 107 38 39
0.603114 -0.719282 0.415179 202 38 179
-0.702849 -0.697341 0.098142 37 38 140
0.450053 -0.694586 -0.544819 185 38 57
0.036556 -0.702283 0.713360 132 38 218
-0.511352 -0.705973 -0.503809 63 38 64
0.716271 -0.705086 0.026039 218 38 131
-0.528556 -0.683069 0.449999 58 38 186
0.090382 -0.719997 -0.725887 139 38 37
0.410743 -0.698202 0.578086 180 38 202
-0.689543 -0.694553 -0.147990 39 38 108
0.616552 -0.704041 -0.361427 206 38 82
-0.211006 -0.705981 0.684670 101 38 214
-0.306754 -0.705848 -0.647083 89 38 45
0.642512 -0.683929 0.261474 212 38 162
-0.685126 -0.720658 0.254090 42 38 159
0.323482 -0.699091 -0.630520 169 38 47
0.186106 -0.694515 0.678771 151 38 215
-0.605236 -0.705794 -0.380772 51 38 79
0.703502 -0.706004 -0.128064 217 38 111
-0.432461 -0.706574 0.569939 73 38 200
-0.064054 -0.684846 -0.690278 119 38 37
0.540662 -0.721265 0.490350 195 38 188
-0.708184 -0.700008 0.003535 37 38 128
0.515552 -0.694477 -0.477043 194 38 66
-0.058987 -0.707538 0.712972 120 38 218
-0.437063 -0.706044 -0.564216 72 38 56
0.704416 -0.707264 0.120978 217 38 143
-0.582743 -0.685820 0.374793 51 38 177
0.185742 -0.721818 -0.704967 151 38 40
0.329338 -0.700950 0.626456 170 38 208
-0.659637 -0.694440 -0.237173 42 38 97
0.660226 -0.709269 -0.276397 211 38 93
-0.298703 -0.706104 0.646701 90 38 210
-0.217080 -0.707916 -0.680179 100 38 41
0.600917 -0.686850 0.344248 206 38 172
-0.710325 -0.722320 0.159884 39 38 147
0.403912 -0.701915 -0.580662 179 38 53
0.093364 -0.694408 0.693308 140 38 217
-0.549834 -0.710984 -0.458726 58 38 70
0.710268 -0.706186 -0.032924 218 38 123
-0.503013 -0.708530 0.505587 64 38 192
0.028525 -0.687935 -0.691677 131 38 37
0.468651 -0.722772 0.555935 186 38 197
-0.701074 -0.702901 -0.090768 38 38 116
0.571096 -0.694384 -0.401599 201 38 75
-0.153736 -0.712679 0.699664 108 38 216
-0.355936 -0.706292 -0.614030 82 38 49
0.679733 -0.709104 0.213121 214 38 155
-0.626775 -0.689076 0.293391 46 38 166
0.276967 -0.723175 -0.671186 162 38 44
0.242445 -0.703904 0.663639 158 38 212
-0.618387 -0.694373 -0.321078 47 37 86
0.692028 -0.714351 -0.186116 215 37 104
-0.380187 -0.706425 0.597816 79 37 204
-0.124008 -0.709639 -0.700600 112 37 39
0.549120 -0.690271 0.420902 199 37 182
-0.722225 -0.723532 0.063466 38 37 135
0.476948 -0.704924 -0.520757 188 37 61
0.000079 -0.694375 0.695400 128 37 218
-0.484285 -0.715997 -0.528529 67 37 61
0.704528 -0.706587 0.061750 217 37 135
-0.563867 -0.710134 0.432407 56 37 182
0.120414 -0.691518 -0.681195 143 37 39
0.388599 -0.723843 0.610739 176 37 204
-0.681622 -0.705956 -0.183151 40 37 104
0.615894 -0.694396 -0.319960 207 37 86
-0.245899 -0.717613 0.673566 97 37 212
-0.269461 -0.706779 -0.652578 93 37 44
0.642767 -0.710588 0.300700 209 37 166
-0.659957 -0.692817 0.207085 42 37 154
0.362308 -0.724111 -0.625348 173 37 50
0.151550 -0.707000 0.688972 147 37 215
-0.566728 -0.694439 -0.398336 54 37 76
0.711251 -0.719198 -0.092249 217 37 116
-0.454177 -0.707004 0.539013 69 37 196
-0.029359 -0.711003 -0.708026 124 37 38
0.487937 -0.694166 0.490212 191 37 191
-0.720751 -0.724339 -0.033246 38 37 123
0.541307 -0.708050 -0.451820 197 37 70
-0.092120 -0.694505 0.685243 116 37 217
-0.409756 -0.720746 -0.588778 76 37 54
0.686568 -0.707263 0.154373 215 37 147
-0.613910 -0.711378 0.351876 49 37 172
0.210150 -0.695564 -0.658979 155 37 42
0.302174 -0.724529 0.653826 165 37 209
-0.650138 -0.709106 -0.272000 45 37 93
0.649374 -0.694599 -0.233649 212 37 97
-0.333687 -0.722257 0.635078 86 37 207
-0.179164 -0.707558 -0.679379 105 37 41
0.594327 -0.711714 0.382052 203 37 176
-0.681728 -0.697007 0.117241 39 37 143
0.440181 -0.724684 -0.568507 182 37 56
0.058238 -0.710164 0.701982 135 37 217
-0.505738 -0.694724 -0.467749 62 37 67
0.717430 -0.723727 0.003419 217 37 128
-0.519545 -0.707889 0.471413 61 37 188
0.065020 -0.712012 -0.702421 136 37 38
0.418318 -0.698494 0.551040 182 37 199
-0.706116 -0.724805 -0.128375 39 37 111
0.595831 -0.711221 -0.375043 203 37 80
-0.181684 -0.694882 0.663235 104 37 214
-0.327628 -0.725153 -0.638244 87 37 48
0.656851 -0.708259 0.243434 212 37 159
-0.652271 -0.712273 0.265617 44 37 161
0.296272 -0.700023 -0.625336 166 37 46
0.211134 -0.724897 0.684533 154 37 213
-0.607144 -0.712275 -0.355728 50 37 82
0.671176 -0.695076 -0.144207 215 37 109
-0.415366 -0.726534 0.584872 76 37 201
-0.086589 -0.708666 -0.694138 116 37 39
0.535459 -0.712497 0.455667 196 37 186
-0.691676 -0.701590 0.025302 38 37 131
0.509205 -0.724962 -0.501920 191 37 65
-0.035834 -0.713322 0.702398 123 37 217
-0.436601 -0.695308 -0.528291 70 37 59
0.710375 -0.727867 0.099028 216 37 140
-0.575317 -0.709113 0.396235 54 37 178
0.157312 -0.712687 -0.684029 148 37 40
0.341351 -0.703194 0.602339 172 37 205
-0.678807 -0.725003 -0.220127 42 37 100
0.639512 -0.714360 -0.291781 209 37 90
-0.267171 -0.695583 0.629945 93 37 210
-0.239478 -0.729151 -0.675906 98 37 43
0.615998 -0.709599 0.327507 206 37 169
-0.678341 -0.712844 0.175356 41 37 150
0.377337 -0.704831 -0.580744 176 37 53
0.117284 -0.725022 0.702479 142 37 216
-0.553385 -0.715386 -0.432807 57 37 72
0.681134 -0.695901 -0.053164 217 37 121
-0.489303 -0.730383 0.523892 67 37 193
0.006719 -0.710124 -0.696739 128 36 38
0.467419 -0.712970 0.520221 187 36 194
-0.689549 -0.706499 -0.067223 39 36 119
0.568222 -0.725025 -0.427008 199 36 74
-0.128959 -0.716398 0.690180 111 36 215
-0.360587 -0.696265 -0.579112 80 36 52
0.690184 -0.731563 0.192691 213 36 151
-0.620669 -0.710690 0.314790 48 36 168
0.245773 -0.713066 -0.653363 159 36 44
0.258263 -0.708193 0.643177 161 36 210
-0.639553 -0.725012 -0.306836 47 36 89
0.671524 -0.717392 -0.203539 213 36 102
-0.347245 -0.696677 0.586092 82 36 204
-0.147039 -0.732689 -0.700989 109 36 40
0.564779 -0.711294 0.405256 200 36 179
-0.691785 -0.713135 0.082870 39 36 138
0.451941 -0.709912 -0.525861 186 36 60
0.022427 -0.724988 0.707551 130 36 217
-0.489824 -0.718366 -0.501806 65 36 64
0.679263 -0.697140 0.037977 216 36 132
-0.554019 -0.733759 0.453333 59 36 184
0.099224 -0.711938 -0.687241 140 36 39
0.391629 -0.713178 0.574610 178 36 201
-0.675275 -0.711651 -0.158771 41 36 107
0.616314 -0.724957 -0.345310 205 36 84
-0.219414 -0.719318 0.665525 100 36 212
-0.279020 -0.697654 -0.619528 91 36 46
0.657250 -0.734774 0.282542 209 36 163
-0.654936 -0.712620 0.228458 44 36 157
0.328781 -0.713200 -0.611183 170 36 49
0.170416 -0.713407 0.672758 149 36 214
-0.589293 -0.724920 -0.386993 53 36 79
0.691251 -0.720246 -0.111946 215 36 113
-0.420694 -0.698221 0.532524 72 36 197
-0.052153 -0.735732 -0.712998 121 36 39
0.504105 -0.713339 0.475448 192 36 188
-0.692539 -0.713201 -0.010058 39 36 126
0.518735 -0.715176 -0.461530 194 36 68
-0.071679 -0.724882 0.699890 118 36 216
-0.417631 -0.721146 -0.561426 75 36 56
0.665742 -0.698843 0.127757 215 36 144
-0.608232 -0.736633 0.374614 52 36 174
0.189409 -0.714095 -0.665870 152 36 42
0.309640 -0.713185 0.617970 167 36 207
-0.648979 -0.716956 -0.247745 45 36 96
0.652806 -0.724845 -0.258439 210 36 95
-0.305501 -0.722018 0.628885 89 36 207
-0.193266 -0.699521 -0.649018 102 36 43
0.612257 -0.737476 0.366794 204 36 173
-0.677611 -0.714885 0.138687 41 36 145
0.404868 -0.713154 -0.558466 180 36 56
0.079296 -0.718742 0.690450 138 36 216
-0.529144 -0.724813 -0.459269 61 36 69
0.698315 -0.722858 -0.018725 216 36 125
-0.486423 -0.700256 0.470196 64 36 189
0.043276 -0.738263 -0.711728 133 36 39
0.435018 -0.715710 0.536959 183 36 196
-0.680802 -0.713112 -0.101687 40 36 114
0.576461 -0.720530 -0.388786 201 36 78
-0.163356 -0.724789 0.679873 107 36 214
-0.338171 -0.723665 -0.610538 85 36 50
0.640902 -0.701048 0.214768 211 36 156
-0.650898 -0.738993 0.289337 47 36 163
0.275794 -0.716567 -0.633024 163 36 46
0.223078 -0.713062 0.649686 156 36 211
-0.611003 -0.722318 -0.332538 50 36 85
0.677263 -0.724776 -0.168045 213 36 106
-0.385589 -0.724438 0.580958 79 36 201
-0.104716 -0.701898 -0.667216 114 36 40
0.556158 -0.739667 0.443789 197 36 183
-0.688352 -0.717454 0.046975 39 36 134
0.472751 -0.713006 -0.496372 188 36 64
-0.013500 -0.724100 0.695812 126 36 216
-0.460356 -0.724777 -0.522526 69 36 61
0.692594 -0.725175 0.074348 215 36 137
-0.543459 -0.702806 0.400163 56 36 180
0.137339 -0.740285 -0.697279 145 36 41
0.358686 -0.718369 0.588785 173 36 203
-0.657015 -0.712948 -0.190360 43 35 103
0.623984 -0.725874 -0.308855 207 35 88
-0.251031 -0.724795 0.648081 96 35 210
-0.252973 -0.725875 -0.648222 95 35 45
0.605214 -0.703772 0.297660 207 35 166
-0.681238 -0.740848 0.199248 43 35 152
0.356940 -0.719311 -0.589270 173 35 52
0.133607 -0.712890 0.669395 145 35 214
-0.561915 -0.727636 -0.411565 56 35 75
0.689478 -0.724831 -0.075778 215 35 118
-0.458155 -0.726536 0.522687 69 35 194
-0.014781 -0.704796 -0.673904 126 35 39
0.490153 -0.741358 0.512044 188 35 191
-0.686992 -0.720277 -0.045137 40 35 122
0.531355 -0.712838 -0.426201 196 35 72
-0.106291 -0.729383 0.688618 114 35 215
-0.384286 -0.724891 -0.575828 79 35 54
0.674233 -0.727157 0.165484 213 35 148
-0.590950 -0.705877 0.323564 50 35 170
0.228175 -0.741816 -0.670044 156 35 44
0.276401 -0.721265 0.630058 163 35 208
-0.621834 -0.712793 -0.274536 47 35 92
0.660324 -0.731110 -0.223136 211 35 99
-0.333258 -0.724974 0.605276 85 35 205
-0.163698 -0.727739 -0.673790 107 35 42
0.559284 -0.707015 0.375147 201 35 176
-0.698760 -0.742224 0.106177 41 35 141
0.431475 -0.722272 -0.535349 183 35 59
0.042882 -0.712759 0.676972 133 35 215
-0.502518 -0.732814 -0.483302 64 35 67
0.689455 -0.725085 0.016742 215 35 130
-0.521830 -0.728280 0.455241 61 35 185
0.075119 -0.708209 -0.669012 137 35 40
0.415645 -0.742583 0.570291 179 35 198
-0.673548 -0.723296 -0.136082 41 35 110
0.579816 -0.712740 -0.349356 203 35 82
-0.197341 -0.734492 0.668885 103 35 212
-0.302359 -0.725224 -0.618432 89 35 49
0.643649 -0.728780 0.252932 209 35 160
-0.628164 -0.709458 0.241621 46 35 159
0.314023 -0.742896 -0.630695 167 35 49
0.189564 -0.724334 0.660063 152 35 212
-0.576100 -0.712738 -0.352816 53 35 82
0.684697 -0.736141 -0.133191 214 35 111
-0.408729 -0.725395 0.552371 75 35 198
-0.072096 -0.729239 -0.686815 118 35 40
0.503848 -0.710759 0.446007 193 35 186
-0.703264 -0.743164 0.011993 40 35 129
0.498106 -0.725384 -0.472176 191 35 67
-0.047482 -0.712757 0.672520 121 35 215
-0.433849 -0.737757 -0.546329 73 35 59
0.677394 -0.725599 0.107944 214 35 141
-0.575438 -0.729656 0.379981 54 35 176
0.163558 -0.712113 -0.652616 149 35 43
0.334201 -0.743389 0.617509 169 35 204
-0.648234 -0.726442 -0.224283 45 35 99
0.617487 -0.712800 -0.267301 208 35 93
-0.284902 -0.739338 0.636887 92 35 207
-0.216050 -0.725837 -0.649790 100 35 44
0.601519 -0.730033 0.335024 204 35 170
-0.654500 -0.713516 0.155635 42 35 148
0.393266 -0.743575 -0.580159 177 35 55
0.099678 -0.727506 0.678255 140 35 214
-0.520806 -0.712871 -0.423962 60 35 72
0.696545 -0.740880 -0.040711 215 35 122
-0.476282 -0.726111 0.490408 67 35 190
0.020040 -0.730370 -0.687142 130 35 40
0.439775 -0.714967 0.509094 185 35 194
-0.694836 -0.743724 -0.081453 41 35 117
0.555651 -0.728573 -0.400839 198 35 76
-0.135942 -0.712972 0.656344 110 35 213
-0.357163 -0.742381 -0.599370 83 35 52
0.653675 -0.726423 0.196325 211 35 153
-0.618025 -0.730668 0.298434 49 35 165
0.249110 -0.716463 -0.624949 160 35 46
0.247500 -0.743839 0.652936 158 35 209
-0.611469 -0.729640 -0.308182 50 35 88
0.643929 -0.713107 -0.181535 211 35 104
-0.367258 -0.743838 0.593165 82 35 202
-0.126856 -0.726773 -0.669539 111 34 42
0.548766 -0.730927 0.410219 197 34 180
-0.669492 -0.718003 0.066977 41 34 136
0.464471 -0.743922 -0.519578 186 34 63
0.008330 -0.730704 0.684284 129 34 215
-0.457065 -0.713278 -0.486900 68 34 64
0.695566 -0.745249 0.052520 214 34 134
-0.534901 -0.727163 0.420535 59 34 181
0.110924 -0.731148 -0.674892 142 34 42
0.368066 -0.719584 0.563351 175 34 200
-0.673841 -0.743977 -0.172375 43 34 106
0.603061 -0.731763 -0.322588 204 34 86
-0.221045 -0.713488 0.628930 99 34 210
-0.273920 -0.746611 -0.641340 93 34 47
0.618836 -0.727592 0.280458 207 34 163
-0.648888 -0.731334 0.212240 45 34 155
0.330364 -0.721202 -0.586404 170 34 52
0.157286 -0.744006 0.676083 147 34 212
-0.563884 -0.732813 -0.386262 56 34 78
0.658901 -0.713740 -0.093553 214 34 115
-0.442771 -0.747923 0.538526 72 34 195
-0.036282 -0.728062 -0.677493 123 34 41
0.486528 -0.731486 0.477148 190 34 188
-0.672826 -0.722855 -0.022908 41 34 125
0.526415 -0.744013 -0.450271 194 34 71
-0.082836 -0.733851 0.678013 117 34 214
-0.386080 -0.714037 -0.540732 77 34 57
0.681734 -0.749183 0.144672 212 34 146
-0.583724 -0.728572 0.343992 53 34 172
0.198822 -0.731604 -0.650454 153 34 44
0.289858 -0.724540 0.607820 165 34 206
-0.640888 -0.744001 -0.259094 47 34 95
0.639454 -0.734874 -0.238829 209 34 97
-0.301448 -0.714380 0.590918 88 34 205
-0.185743 -0.750390 -0.671379 104 34 44
0.573568 -0.729124 0.359007 201 34 174
-0.667584 -0.731692 0.123115 42 34 143
0.405933 -0.726254 -0.537543 180 34 58
0.065320 -0.743974 0.686729 136 34 214
-0.506325 -0.735881 -0.457087 63 34 69
0.662344 -0.714772 -0.004832 214 34 127
-0.509933 -0.751541 0.474028 64 34 186
0.054171 -0.729715 -0.673635 134 34 41
0.416126 -0.731752 0.534640 181 34 196
-0.664355 -0.727993 -0.112524 42 34 113
0.578103 -0.743933 -0.373693 200 34 80
-0.172147 -0.736868 0.659533 106 34 211
-0.309119 -0.715215 -0.584722 87 34 51
0.655306 -0.752635 0.233913 209 34 157
-0.622036 -0.730347 0.262094 48 34 161
0.282099 -0.731785 -0.614465 164 34 49
0.206419 -0.729754 0.641667 154 34 210
-0.596810 -0.743884 -0.340072 52 34 85
0.664139 -0.737833 -0.151096 212 34 108
-0.375918 -0.715711 0.543081 78 34 199
-0.094384 -0.753673 -0.688885 116 34 42
0.518698 -0.731018 0.430727 194 34 183
-0.673939 -0.731794 0.032796 41 34 132
0.474479 -0.731534 -0.479109 188 34 66
-0.026665 -0.743829 0.684908 124 34 214
-0.439845 -0.738773 -0.519333 72 34 62
0.654366 -0.716261 0.083189 213 34 138
-0.567408 -0.754652 0.400962 57 34 177
0.143019 -0.731728 -0.658117 146 34 43
0.339019 -0.731783 0.581754 171 34 202
-0.644118 -0.733328 -0.200326 45 34 102
0.618778 -0.743771 -0.291387 206 34 91
-0.257937 -0.739686 0.629176 95 34 207
-0.227496 -0.716867 -0.618297 98 34 47
0.616828 -0.755573 0.318467 204 34 167
-0.649278 -0.732476 0.176223 44 34 150
0.359259 -0.731752 -0.567792 174 34 55
0.119145 -0.735134 0.664207 143 34 212
-0.542621 -0.743715 -0.413939 59 34 75
0.676648 -0.740570 -0.061032 213 34 120
-0.443341 -0.717529 0.486307 69 34 191
-0.001676 -0.756436 -0.693536 127 34 41
0.455186 -0.733260 0.494479 186 34 191
-0.668039 -0.731707 -0.057002 42 33 120
0.534740 -0.736946 -0.412030 196 33 75
-0.117000 -0.743662 0.670891 113 33 212
-0.365694 -0.741422 -0.571828 81 33 55
0.635227 -0.718250 0.169117 211 33 150
-0.614079 -0.757239 0.320816 51 33 167
0.228806 -0.734079 -0.631254 157 33 47
0.256762 -0.731648 0.617786 161 33 207
-0.612354 -0.738763 -0.284754 49 33 91
0.647917 -0.743617 -0.204947 210 33 102
-0.338586 -0.742241 0.587519 85 33 202
-0.142555 -0.719030 -0.641038 109 33 44
0.567117 -0.757985 0.396661 198 33 177
-0.665049 -0.734931 0.087815 42 33 139
0.428975 -0.731580 -0.511490 183 33 62
0.029544 -0.740579 0.674928 131 33 213
-0.479486 -0.743582 -0.479508 67 33 67
0.676752 -0.743026 0.029655 213 33 131
-0.502721 -0.719868 0.421581 62 33 183
0.090521 -0.758672 -0.685302 139 33 42
0.384117 -0.735815 0.549236 177 33 198
-0.650214 -0.731506 -0.144627 44 33 109
0.585555 -0.742391 -0.337418 202 33 85
-0.204107 -0.743560 0.645160 102 33 209
-0.285294 -0.743773 -0.613586 91 33 50
0.605330 -0.720766 0.251617 207 33 160
-0.649074 -0.759303 0.235231 47 33 157
0.310113 -0.736729 -0.593526 167 33 51
0.170964 -0.731429 0.642279 150 33 210
-0.569520 -0.744196 -0.364254 55 33 81
0.665224 -0.743555 -0.115981 212 33 113
-0.412563 -0.744483 0.535380 75 33 195
-0.055661 -0.721724 -0.652672 120 33 42
0.507240 -0.759877 0.466976 191 33 186
-0.669111 -0.737670 -0.001647 42 33 127
0.490113 -0.731352 -0.446769 191 33 70
-0.060780 -0.745989 0.673518 120 33 213
-0.408685 -0.743569 -0.535783 76 33 59
0.664481 -0.745153 0.119225 212 33 143
-0.553179 -0.722742 0.349977 55 33 173
0.180371 -0.760396 -0.664443 150 33 45
0.306695 -0.738637 0.594094 167 33 204
-0.621016 -0.731278 -0.228528 47 33 98
0.625904 -0.747767 -0.256562 207 33 95
-0.286527 -0.743606 0.608386 91 33 205
-0.200207 -0.745783 -0.643839 102 33 46
0.565206 -0.723818 0.329410 201 33 171
-0.671794 -0.760861 0.145959 44 33 146
0.385577 -0.739626 -0.545584 177 33 58
0.083241 -0.731212 0.655014 138 33 212
-0.516299 -0.749526 -0.437316 62 33 72
0.670619 -0.743666 -0.026079 213 33 124
-0.478469 -0.746373 0.473802 67 33 188
0.031810 -0.724952 -0.653070 132 33 42
0.438482 -0.761274 0.528086 182 33 193
-0.661406 -0.740636 -0.090650 43 33 116
0.541744 -0.731156 -0.374955 198 33 79
-0.150161 -0.751262 0.659891 109 33 211
-0.331578 -0.743754 -0.581964 85 33 53
0.640128 -0.746920 0.205956 209 33 154
-0.593954 -0.726144 0.272650 50 33 163
0.266116 -0.761637 -0.631501 161 33 49
0.224239 -0.741665 0.628294 156 33 208
-0.581189 -0.731114 -0.307285 52 33 88
0.654940 -0.752973 -0.170917 210 33 106
-0.362929 -0.743871 0.561395 81 33 199
-0.112104 -0.747426 -0.662061 113 33 43
0.515520 -0.727393 0.401282 195 33 180
-0.681923 -0.761951 0.054806 43 33 134
0.453907 -0.742708 -0.488244 185 33 65
-0.004815 -0.731089 0.655999 127 33 213
-0.453602 -0.754654 -0.502511 70 33 64
0.664217 -0.744020 0.063209 212 33 136
-0.535078 -0.747890 0.404033 60 33 179
0.118472 -0.728696 -0.642246 143 33 44
0.362303 -0.762219 0.578893 173 33 200
-0.642057 -0.743764 -0.177662 46 33 105
0.583150 -0.731085 -0.297452 203 33 89
-0.236901 -0.756302 0.634205 98 33 207
-0.249581 -0.744202 -0.617438 96 32 49
0.604243 -0.748311 0.288186 204 32 164
-0.624408 -0.730053 0.190830 46 32 152
0.346120 -0.762444 -0.587272 171 32 54
0.138169 -0.744829 0.651235 145 32 211
-0.531641 -0.731105 -0.379625 58 32 78
0.672024 -0.757915 -0.082073 212 32 117
-0.432123 -0.744419 0.505150 72 32 192
-0.022713 -0.748691 -0.667987 125 32 43
0.457060 -0.731461 0.466088 187 32 188
-0.679428 -0.762626 -0.036417 43 32 123
0.513906 -0.745902 -0.422490 193 32 74
-0.091673 -0.731153 0.645450 116 32 212
-0.382561 -0.759489 -0.558535 80 32 58
0.646314 -0.744672 0.150392 210 32 147
-0.581367 -0.749029 0.327491 54 32 169
0.202941 -0.732919 -0.620362 154 32 47
0.280294 -0.762771 0.618547 162 32 205
-0.611387 -0.746978 -0.261160 50 32 94
0.613820 -0.731230 -0.215703 207 32 99
-0.319313 -0.761022 0.596874 88 32 202
-0.164142 -0.744964 -0.641777 107 32 45
0.557626 -0.749327 0.364362 198 32 174
-0.644031 -0.734425 0.105822 44 32 141
0.418909 -0.762879 -0.532783 180 32 61
0.049993 -0.748054 0.662493 134 32 212
-0.473406 -0.731342 -0.444438 66 32 70
0.676754 -0.762510 0.008269 212 32 129
-0.493061 -0.745295 0.440726 64 32 184
0.066221 -0.749584 -0.661622 136 32 43
0.390744 -0.735975 0.522763 178 32 195
-0.664548 -0.762954 -0.125942 44 32 112
0.564497 -0.749129 -0.349473 199 32 83
-0.175881 -0.731490 0.623767 105 32 209
-0.304510 -0.763951 -0.604252 89 32 52
0.617371 -0.745666 0.234051 207 32 157
-0.616546 -0.749804 0.245728 49 32 159
0.283838 -0.737567 -0.587731 164 32 51
0.194126 -0.762999 0.646461 152 32 208
-0.569920 -0.750198 -0.339649 55 32 84
0.633439 -0.731677 -0.131167 210 32 110
-0.395770 -0.765344 0.548572 78 32 196
-0.076721 -0.746077 -0.654727 118 32 44
0.501294 -0.749986 0.433077 191 32 183
-0.652456 -0.739199 0.018999 43 32 130
0.483208 -0.763018 -0.469246 188 32 69
-0.038713 -0.751259 0.661846 123 32 212
-0.407619 -0.731907 -0.500777 74 32 62
0.668988 -0.766685 0.098347 211 32 140
-0.544844 -0.746531 0.369291 58 32 175
0.152986 -0.750132 -0.643234 147 32 45
0.317621 -0.740868 0.570334 169 32 201
-0.637779 -0.763012 -0.212089 48 32 101
0.604752 -0.752310 -0.270494 204 32 93
-0.256089 -0.732181 0.591511 94 32 205
-0.220962 -0.767973 -0.638730 100 32 48
0.577997 -0.747025 0.312851 202 32 168
-0.640077 -0.750245 0.160384 46 32 148
0.359805 -0.742570 -0.544829 174 32 57
0.105510 -0.762987 0.662310 141 32 211
-0.518389 -0.753346 -0.411700 62 32 75
0.641877 -0.732503 -0.045289 211 32 122
-0.464749 -0.769206 0.490226 70 32 189
0.011220 -0.747562 -0.656205 129 32 43
0.436461 -0.750325 0.493110 183 32 190
-0.649469 -0.744303 -0.068206 44 32 119
0.537954 -0.762944 -0.398023 195 32 77
-0.126334 -0.754365 0.649287 111 32 210
-0.335489 -0.732874 -0.547863 84 32 56
0.648859 -0.770383 0.186378 208 32 151
-0.586716 -0.748140 0.292092 52 32 165
0.235952 -0.750376 -0.613341 158 32 49
0.238868 -0.746062 0.607939 158 32 206
-0.599840 -0.762888 -0.293303 52 32 91
0.633918 -0.755365 -0.186993 208 32 104
-0.331052 -0.733297 0.549382 84 32 199
-0.133570 -0.771503 -0.661273 111 32 45
0.528941 -0.748760 0.385545 195 32 177
-0.651681 -0.750399 0.073143 44 31 137
0.429522 -0.747845 -0.492305 183 31 64
0.016143 -0.762821 0.666024 130 31 211
-0.457733 -0.756343 -0.475976 69 31 67
0.639174 -0.733774 0.040517 211 31 133
-0.524877 -0.772564 0.422995 62 31 180
0.098234 -0.749420 -0.646289 140 31 45
0.364490 -0.750397 0.543450 174 31 197
-0.635029 -0.749648 -0.154312 46 31 108
0.582312 -0.762748 -0.320580 201 31 87
-0.211244 -0.757296 0.625038 101 31 207
-0.258275 -0.734306 -0.585074 94 31 51
0.616778 -0.773565 0.270608 204 31 161
-0.618071 -0.750120 0.210445 48 31 154
0.313602 -0.750373 -0.572694 168 31 54
0.155787 -0.751466 0.634851 147 31 209
-0.551646 -0.762671 -0.368184 58 31 81
0.651446 -0.758221 -0.100523 210 31 115
-0.399641 -0.734894 0.498196 75 31 193
-0.044085 -0.774507 -0.671454 122 31 44
0.471081 -0.750858 0.450983 188 31 185
-0.651334 -0.750329 -0.014315 44 31 126
0.491730 -0.753297 -0.430980 190 31 72
-0.072323 -0.762595 0.657770 118 31 211
-0.389085 -0.759118 -0.531275 78 31 60
0.625521 -0.735541 0.124879 209 31 144
-0.574975 -0.775389 0.348246 56 31 171
0.182894 -0.751635 -0.625218 151 31 47
0.286857 -0.750268 0.583316 164 31 202
-0.609285 -0.755136 -0.237810 50 31 97
0.615681 -0.762521 -0.238449 205 31 97
-0.291849 -0.759983 0.589559 90 31 202
-0.177270 -0.736247 -0.611940 104 31 47
0.573428 -0.776211 0.349367 199 31 171
-0.638455 -0.752448 0.125723 46 31 144
0.384578 -0.750194 -0.522243 177 31 60
0.069799 -0.756981 0.650497 136 31 210
-0.494269 -0.762455 -0.435501 65 31 72
0.657015 -0.760814 -0.012718 211 31 126
-0.460842 -0.737013 0.438872 67 31 185
0.045694 -0.776973 -0.669122 133 31 44
0.405420 -0.753295 0.508121 179 31 193
-0.639260 -0.750109 -0.100358 45 31 115
0.545258 -0.758825 -0.361859 197 31 81
-0.158317 -0.762398 0.637933 107 31 208
-0.313757 -0.761610 -0.576558 88 31 54
0.601253 -0.737840 0.206478 206 31 155
-0.614094 -0.777675 0.267514 51 31 161
0.263807 -0.754176 -0.593392 161 31 51
0.205106 -0.750016 0.612162 154 31 206
-0.572591 -0.760667 -0.317186 55 31 87
0.637681 -0.762354 -0.153188 208 31 108
-0.366622 -0.762368 0.543544 81 31 196
-0.093792 -0.738728 -0.628140 115 31 45
0.519746 -0.778318 0.421112 192 31 180
-0.647571 -0.755087 0.039346 45 31 133
0.447697 -0.749920 -0.463105 185 31 68
-0.017580 -0.762502 0.654493 125 31 211
-0.428909 -0.762326 -0.494210 73 31 65
0.650546 -0.763088 0.074743 210 31 137
-0.513755 -0.739676 0.372418 60 31 176
0.133970 -0.778904 -0.654410 144 31 46
0.333077 -0.756027 0.556033 170 31 199
-0.615907 -0.749823 -0.183436 48 31 104
0.589057 -0.764326 -0.286121 202 31 91
-0.240373 -0.762318 0.607090 97 31 205
-0.233211 -0.763769 -0.610989 98 31 50
0.566833 -0.740686 0.284050 202 31 165
-0.641540 -0.779433 0.182457 48 31 150
0.339628 -0.756994 -0.551372 171 31 57
0.120807 -0.749729 0.629680 143 31 209
-0.525515 -0.766135 -0.390955 61 31 78
0.648147 -0.762331 -0.066350 210 31 119
-0.434149 -0.764408 0.487916 72 31 189
-0.009171 -0.741756 -0.633489 126 31 45
0.456892 -0.779906 0.484474 184 31 188
-0.645287 -0.757985 -0.047230 45 31 121
0.501972 -0.749642 -0.396521 192 31 76
-0.104755 -0.767926 0.646660 114 30 209
-0.356856 -0.762369 -0.543455 82 30 58
0.632215 -0.765005 0.160177 208 30 148
-0.557593 -0.742887 0.299920 55 30 167
0.219000 -0.780325 -0.627730 155 30 49
0.255286 -0.758998 0.593922 160 30 203
-0.581921 -0.749564 -0.262114 52 30 94
0.622231 -0.769695 -0.205109 206 30 102
-0.317144 -0.762434 0.565983 87 30 200
-0.149026 -0.765560 -0.633957 109 30 47
0.522854 -0.744076 0.356390 196 30 174
-0.656888 -0.780692 0.094811 46 30 139
0.409072 -0.760030 -0.499881 180 30 64
0.035517 -0.749500 0.635787 132 30 210
-0.468848 -0.771438 -0.457694 68 30 70
0.647116 -0.762528 0.020541 210 30 130
-0.493166 -0.766072 0.423803 65 30 181
0.075252 -0.745324 -0.627945 137 30 46
0.386213 -0.781009 0.538293 176 30 195
-0.631649 -0.761078 -0.132524 47 30 111
0.546623 -0.749452 -0.323827 198 30 85
-0.190090 -0.773152 0.627049 104 30 206
-0.279464 -0.762654 -0.582566 92 30 53
0.602452 -0.766541 0.241943 204 30 158
-0.591688 -0.746628 0.222543 50 30 157
0.299144 -0.781278 -0.589755 165 30 54
0.173384 -0.762140 0.621139 150 30 207
-0.538119 -0.749425 -0.335096 58 30 84
0.644071 -0.774833 -0.120313 208 30 112
-0.387420 -0.762814 0.515492 78 30 193
-0.062860 -0.766967 -0.645098 120 30 46
0.470030 -0.747988 0.422361 189 30 182
-0.659991 -0.781502 0.006335 45 30 128
0.470941 -0.763212 -0.439807 188 30 71
-0.049249 -0.749421 0.630609 121 30 209
-0.403597 -0.776478 -0.516086 77 30 63
0.634801 -0.763009 0.106014 209 30 141
-0.542594 -0.767350 0.352514 59 30 172
0.158134 -0.749400 -0.611604 148 30 48
0.309206 -0.781682 0.581640 166 30 200
-0.606887 -0.764292 -0.215055 50 30 100
0.581069 -0.749445 -0.246410 203 30 95
-0.271942 -0.778085 0.595957 93 30 202
-0.198125 -0.763242 -0.611054 102 30 49
0.561932 -0.767690 0.318486 199 30 168
-0.615495 -0.750865 0.141521 48 30 146
0.372904 -0.781822 -0.541388 174 30 60
0.088798 -0.765377 0.637199 139 30 209
-0.485457 -0.749499 -0.401239 64 30 75
0.654090 -0.779649 -0.033340 209 30 123
-0.450127 -0.763513 0.456618 70 30 186
0.023598 -0.767988 -0.644304 131 30 46
0.409199 -0.752378 0.480898 181 30 190
-0.650973 -0.781925 -0.081234 46 30 117
0.524138 -0.766463 -0.372198 194 30 80
-0.132051 -0.749586 0.614464 110 30 208
-0.330975 -0.781169 -0.564955 86 30 57
0.611587 -0.763824 0.188665 206 30 152
-0.581571 -0.768245 0.275504 54 30 163
0.238136 -0.753938 -0.584709 158 30 52
0.227462 -0.781992 0.613839 156 30 204
-0.571428 -0.767548 -0.293362 55 30 90
0.604928 -0.749711 -0.165682 206 30 106
-0.348704 -0.782641 0.553931 84 30 197
-0.114253 -0.764176 -0.628604 113 30 47
0.511556 -0.768463 0.388381 193 30 177
-0.628600 -0.755542 0.058158 46 30 135
0.438957 -0.782029 -0.483732 182 30 67
0.003029 -0.768628 0.641804 128 30 209
-0.424999 -0.749875 -0.459558 72 30 68
0.652043 -0.784064 0.054125 209 30 134
-0.504333 -0.764569 0.390456 63 30 177
0.108672 -0.768642 -0.631730 141 30 47
0.341323 -0.757187 0.531020 172 30 196
-0.630211 -0.782037 -0.166229 49 30 107
0.567702 -0.769701 -0.298253 200 30 90
-0.211537 -0.750081 0.587833 100 30 204
-0.252378 -0.785435 -0.603313 96 30 52
0.578004 -0.765005 0.267164 202 30 162
-0.609471 -0.768784 0.194331 50 29 152
0.313934 -0.758871 -0.547655 168 29 57
0.142629 -0.782019 0.634468 145 29 207
-0.525897 -0.770763 -0.366029 61 29 81
0.618001 -0.750333 -0.083051 208 29 117
-0.418855 -0.786751 0.501767 75 29 190
-0.029265 -0.765484 -0.635068 124 29 46
0.452423 -0.768891 0.450364 185 29 185
-0.630731 -0.760589 -0.026183 46 29 124
0.496187 -0.781981 -0.418053 190 29 75
-0.082371 -0.771811 0.634859 117 29 208
-0.357889 -0.750633 -0.509232 81 29 61
0.637944 -0.788012 0.140356 207 29 145
-0.549249 -0.766005 0.318185 57 29 168
0.190742 -0.768964 -0.607778 152 29 50
0.267490 -0.762340 0.571848 162 29 201
-0.598315 -0.781923 -0.247087 52 29 96
0.600831 -0.772844 -0.219314 204 29 100
-0.286457 -0.750983 0.551341 90 29 200
-0.169354 -0.789216 -0.630387 106 29 49
0.534723 -0.766569 0.340266 196 29 171
-0.625920 -0.769007 0.110614 48 29 142
0.384233 -0.764119 -0.501000 177 29 63
0.056359 -0.781851 0.643358 135 29 208
-0.471120 -0.773856 -0.431722 68 29 73
0.620260 -0.751386 0.000098 209 29 128
-0.481000 -0.790361 0.440495 68 29 182
0.055431 -0.767176 -0.630457 135 29 47
0.385797 -0.769020 0.503369 177 29 192
-0.621781 -0.765923 -0.110086 48 29 113
0.543693 -0.781768 -0.345732 196 29 84
-0.165829 -0.774847 0.616485 106 29 206
-0.285328 -0.751843 -0.549595 90 29 56
0.612080 -0.791447 0.223641 204 29 155
-0.584229 -0.767824 0.241053 53 29 158
0.268290 -0.769007 -0.573084 162 29 54
0.188913 -0.767748 0.602619 152 29 205
-0.556096 -0.781677 -0.322387 57 29 87
0.622908 -0.775813 -0.136841 207 29 110
-0.355671 -0.752356 0.505735 81 29 194
-0.083563 -0.792471 -0.645652 117 29 47
0.482545 -0.768513 0.406821 189 29 180
-0.630790 -0.768971 0.025985 47 29 131
0.447789 -0.769590 -0.445468 185 29 70
-0.029723 -0.781581 0.640577 124 29 208
-0.408117 -0.776752 -0.489219 76 29 65
0.611832 -0.752927 0.082420 208 29 138
-0.533915 -0.793435 0.371359 61 29 174
0.138443 -0.769243 -0.614940 145 29 49
0.313067 -0.768914 0.546544 168 29 198
-0.601814 -0.771446 -0.192100 51 29 103
0.580797 -0.781485 -0.268231 201 29 94
-0.245786 -0.777661 0.587031 96 29 202
-0.208558 -0.753557 -0.580135 100 29 52
0.575004 -0.794337 0.302322 199 29 165
-0.608771 -0.770011 0.160367 49 29 148
0.339934 -0.768838 -0.528492 171 29 60
0.106918 -0.773312 0.622718 141 29 207
-0.504534 -0.781391 -0.390867 64 29 78
0.633528 -0.778539 -0.052385 208 29 121
-0.418152 -0.754248 0.451866 73 29 187
0.003268 -0.795178 -0.648849 128 29 47
0.422392 -0.770817 0.465774 182 29 187
-0.624202 -0.768748 -0.057951 47 29 120
0.503430 -0.775183 -0.381960 192 29 79
-0.114060 -0.781303 0.626413 113 29 207
-0.338088 -0.779382 -0.537445 85 29 59
0.592987 -0.755000 0.162614 205 29 149
-0.576586 -0.795956 0.295779 56 29 164
0.218411 -0.771659 -0.588839 155 29 52
0.235705 -0.768647 0.579267 158 29 202
-0.571089 -0.777057 -0.270761 55 29 93
0.607043 -0.781225 -0.187052 204 29 104
-0.320733 -0.780190 0.547075 87 29 197
-0.128847 -0.755814 -0.600481 111 29 49
0.527520 -0.796674 0.374852 193 29 174
-0.622526 -0.772536 0.077484 48 29 137
0.404455 -0.768537 -0.475018 180 29 66
0.022936 -0.778928 0.631694 130 28 208
-0.444742 -0.781159 -0.451442 71 28 70
0.632517 -0.780960 0.032442 208 28 132
-0.472983 -0.756690 0.390676 66 28 179
0.089394 -0.797332 -0.639993 139 28 48
0.355300 -0.773444 0.516181 173 28 194
-0.606500 -0.768422 -0.139656 49 28 109
0.550090 -0.780793 -0.311544 197 28 88
-0.195190 -0.781108 0.601351 103 28 204
-0.262390 -0.781691 -0.575508 94 28 55
0.564123 -0.757629 0.239435 201 28 159
-0.608234 -0.797929 0.215315 52 28 154
0.294011 -0.774383 -0.552634 165 28 57
0.155226 -0.768305 0.601144 148 28 205
-0.530070 -0.782648 -0.344617 60 28 84
0.622188 -0.781077 -0.103705 207 28 114
-0.389253 -0.782382 0.497419 78 28 191
-0.047476 -0.758630 -0.610402 121 28 48
0.470665 -0.798468 0.439830 186 28 182
-0.625300 -0.775350 -0.006200 47 28 127
0.460819 -0.768191 -0.413820 187 28 74
-0.061521 -0.784488 0.629289 120 28 207
-0.377936 -0.781067 -0.503206 79 28 64
0.619941 -0.783030 0.116009 206 28 142
-0.519360 -0.759694 0.323186 60 28 170
0.173103 -0.798950 -0.619371 149 28 51
0.282419 -0.776342 0.557219 164 28 199
-0.578234 -0.768082 -0.217692 53 28 99
0.586838 -0.786311 -0.235456 202 28 98
-0.271759 -0.781082 0.566045 93 28 200
-0.182507 -0.783637 -0.602723 104 28 51
0.525763 -0.760819 0.311695 196 28 168
-0.628340 -0.799376 0.131622 49 28 144
0.363977 -0.777357 -0.506960 174 28 63
0.073145 -0.767983 0.612007 137 28 207
-0.479432 -0.788112 -0.412265 67 28 75
0.626189 -0.781123 -0.019678 207 28 125
-0.450059 -0.784199 0.439073 70 28 183
0.034260 -0.762005 -0.609803 132 28 48
0.405672 -0.799749 0.496047 178 28 189
-0.617067 -0.778392 -0.089263 49 28 116
0.508187 -0.767896 -0.346156 193 28 83
-0.144884 -0.789888 0.615460 109 28 205
-0.305404 -0.781195 -0.545438 89 28 58
0.596116 -0.784718 0.196710 203 28 152
-0.556591 -0.763251 0.250492 55 28 160
0.252760 -0.800069 -0.587530 159 28 54
0.205000 -0.779445 0.588201 154 28 203
-0.540131 -0.767825 -0.290748 57 28 90
0.612912 -0.791635 -0.155079 205 28 108
-0.342542 -0.781298 0.521296 84 28 194
-0.100014 -0.785193 -0.618638 115 28 49
0.478552 -0.764556 0.378267 190 28 177
-0.636651 -0.800340 0.046394 48 28 133
0.427113 -0.780512 -0.452610 182 28 70
-0.009053 -0.767775 0.611895 126 28 207
-0.420061 -0.793349 -0.472385 75 28 68
0.619184 -0.781435 0.063584 207 28 136
-0.502030 -0.785624 0.373236 64 28 175
0.115064 -0.765917 -0.598721 142 28 50
0.333932 -0.800564 0.542511 169 28 195
-0.597975 -0.781591 -0.170272 51 28 106
0.545918 -0.767747 -0.273352 198 28 92
-0.225564 -0.795027 0.590394 99 28 202
-0.228482 -0.781608 -0.577594 98 28 54
0.561595 -0.786010 0.273002 199 28 162
-0.584099 -0.767333 0.173761 51 28 150
0.326856 -0.800742 -0.545256 168 28 60
0.124389 -0.782678 0.608591 143 28 205
-0.493062 -0.767747 -0.357657 63 28 81
0.627750 -0.796666 -0.071922 206 28 118
-0.406445 -0.781819 0.468026 76 28 187
-0.016537 -0.786353 -0.623045 125 28 48
0.423250 -0.768803 0.438094 183 28 184
-0.633178 -0.800879 -0.038673 48 28 123
0.482318 -0.783772 -0.390533 189 28 78
-0.089941 -0.767777 0.601044 116 28 206
-0.353050 -0.798263 -0.523782 83 28 62
0.601480 -0.782069 0.144693 204 28 146
-0.544243 -0.786652 0.301258 58 27 166
0.193641 -0.770323 -0.577335 153 27 53
0.256951 -0.800976 0.578465 160 27 200
-0.568357 -0.784867 -0.247804 55 27 96
0.573566 -0.767841 -0.196767 202 27 102
-0.301992 -0.799815 0.554519 90 27 197
-0.148529 -0.782360 -0.599303 108 27 51
0.517163 -0.786910 0.343450 193 27 171
-0.601433 -0.771892 0.094224 49 27 140
0.394041 -0.801037 -0.493539 177 27 66
0.042007 -0.785962 0.618028 133 27 206
-0.438019 -0.767942 -0.417402 70 27 73
0.631015 -0.801318 0.012415 206 27 129
-0.462513 -0.782693 0.407260 68 27 180
0.066294 -0.787126 -0.615989 136 27 49
0.360738 -0.773507 0.490196 174 27 191
-0.618187 -0.801065 -0.121935 50 27 112
0.528608 -0.787053 -0.321829 195 27 87
-0.168175 -0.768082 0.579857 106 27 203
-0.279677 -0.802772 -0.565422 93 27 57
0.573535 -0.783068 0.222335 201 27 156
-0.575999 -0.787303 0.224608 54 27 156
0.268705 -0.775165 -0.545967 162 27 57
0.176303 -0.801063 0.603400 150 27 203
-0.528740 -0.788137 -0.320472 60 27 87
0.590867 -0.768265 -0.117766 205 27 112
-0.372658 -0.804173 0.508505 81 27 191
-0.066914 -0.783486 -0.610358 119 27 49
0.463807 -0.787441 0.406767 187 27 179
-0.608275 -0.776863 0.013176 49 27 129
0.453150 -0.801034 -0.433541 184 27 73
-0.040663 -0.789211 0.616336 122 27 206
-0.376078 -0.768494 -0.469127 78 27 66
0.622618 -0.805519 0.096277 205 27 140
-0.509926 -0.783948 0.340105 62 27 171
0.146888 -0.787542 -0.597763 146 27 51
0.292019 -0.778597 0.533681 165 27 196
-0.592179 -0.800983 -0.201839 53 27 102
0.565143 -0.790272 -0.247740 199 27 96
-0.242507 -0.768772 0.548884 96 27 199
-0.201378 -0.806808 -0.596472 102 27 53
0.535943 -0.784453 0.295274 196 27 165
-0.596835 -0.787610 0.144830 51 27 146
0.338994 -0.780365 -0.505090 171 27 62
0.093590 -0.800912 0.617053 139 27 205
-0.479842 -0.791317 -0.386953 67 27 78
0.597731 -0.769100 -0.037699 206 27 123
-0.436162 -0.808039 0.453257 73 27 184
0.014996 -0.785003 -0.610707 129 27 49
0.402685 -0.787644 0.461841 179 27 187
-0.604456 -0.782163 -0.068037 50 27 119
0.503227 -0.800824 -0.366557 191 27 81
-0.122109 -0.792342 0.603546 112 27 204
-0.308381 -0.769481 -0.512127 87 27 60
0.602726 -0.809211 0.178000 203 27 150
-0.548006 -0.785596 0.267743 57 27 162
0.223733 -0.787649 -0.568890 156 27 55
0.218213 -0.783988 0.567768 156 27 200
-0.555860 -0.800724 -0.276951 58 27 93
0.591252 -0.793346 -0.169628 203 27 106
-0.311793 -0.769918 0.508804 87 27 194
-0.119716 -0.810321 -0.616322 113 27 51
0.489429 -0.786231 0.362361 190 27 174
-0.606530 -0.787625 0.063502 50 27 136
0.403286 -0.785835 -0.455337 179 27 69
0.010394 -0.800616 0.619397 129 27 206
-0.422571 -0.794326 -0.446019 74 27 71
0.594221 -0.770412 0.042116 205 27 133
-0.491250 -0.811370 0.389892 66 27 176
0.095851 -0.786910 -0.600455 140 27 51
0.335095 -0.787577 0.507762 170 27 193
-0.589969 -0.787700 -0.148028 52 27 109
0.543527 -0.800502 -0.293971 196 27 90
-0.200818 -0.795278 0.579905 102 27 201
-0.236115 -0.770965 -0.545851 97 27 56
0.571769 -0.812356 0.255959 199 27 159
-0.576213 -0.787629 0.191412 54 27 152
0.295438 -0.787507 -0.530105 165 27 60
0.140556 -0.789581 0.591803 145 26 203
-0.510114 -0.800386 -0.345988 63 26 84
0.606459 -0.796200 -0.088959 204 26 116
-0.374995 -0.771578 0.460399 78 26 188
-0.036337 -0.813279 -0.624616 123 26 50
0.434836 -0.788389 0.422540 183 26 182
-0.605103 -0.787418 -0.017812 50 26 125
0.460420 -0.791473 -0.397509 186 26 77
-0.071750 -0.800271 0.610629 118 26 205
-0.358016 -0.797091 -0.496574 82 26 65
0.580545 -0.772252 0.120407 204 26 143
-0.536857 -0.814139 0.319714 61 26 167
0.174325 -0.789188 -0.579853 150 26 53
0.262428 -0.787312 0.543839 161 26 197
-0.564989 -0.793372 -0.225388 55 26 99
0.573526 -0.800162 -0.217221 200 26 100
-0.275311 -0.797947 0.545881 93 26 197
-0.160493 -0.772989 -0.569885 106 26 53
0.530425 -0.814936 0.328612 193 26 168
-0.594150 -0.790024 0.112405 51 26 142
0.360759 -0.787194 -0.482327 174 26 65
0.060388 -0.795273 0.605286 135 26 205
-0.455968 -0.800062 -0.407831 70 26 76
0.610504 -0.798767 -0.007266 205 26 127
-0.431188 -0.773790 0.404546 71 26 180
0.047080 -0.815670 -0.621260 133 26 50
0.373121 -0.790896 0.474858 175 26 188
-0.592802 -0.787067 -0.097598 51 26 115
0.509325 -0.797173 -0.332571 192 26 85
-0.151391 -0.799974 0.591140 108 26 202
-0.287427 -0.799549 -0.537681 91 26 59
0.557040 -0.774654 0.195949 200 26 153
-0.572137 -0.816342 0.244179 56 26 158
0.249126 -0.791801 -0.549304 159 26 57
0.186136 -0.786933 0.569602 151 26 201
-0.529880 -0.799068 -0.298709 60 26 90
0.592906 -0.799901 -0.137766 203 26 110
-0.344181 -0.800291 0.502160 84 26 191
-0.082750 -0.775582 -0.583957 117 26 51
0.479605 -0.816952 0.394546 187 26 177
-0.601570 -0.792737 0.032052 50 26 132
0.418623 -0.786798 -0.426621 182 26 72
-0.020863 -0.800954 0.607892 125 26 205
-0.394559 -0.799846 -0.461535 77 26 69
0.603355 -0.800992 0.073881 204 26 137
-0.479552 -0.776574 0.342201 65 26 172
0.128863 -0.817503 -0.606424 144 26 52
0.305350 -0.793703 0.518474 167 26 194
-0.570080 -0.786663 -0.174424 54 26 105
0.549049 -0.802826 -0.261648 197 26 94
-0.227177 -0.799813 0.561500 99 26 199
-0.212188 -0.801651 -0.568596 101 26 55
0.524165 -0.777631 0.267574 196 26 162
-0.596485 -0.817994 0.164848 53 26 148
0.319010 -0.794696 -0.509359 168 26 62
0.107684 -0.786533 0.584802 141 26 203
-0.485210 -0.804681 -0.366620 66 26 81
0.601550 -0.799805 -0.057053 204 26 120
-0.406132 -0.802266 0.449636 76 26 185
-0.004129 -0.778750 -0.587923 127 26 51
0.420425 -0.818428 0.452517 180 26 184
-0.598384 -0.795713 -0.048283 51 26 121
0.468144 -0.786412 -0.364166 188 26 80
-0.101705 -0.806515 0.599492 115 26 203
-0.327106 -0.799823 -0.506335 86 26 63
0.585218 -0.802838 0.152920 202 26 147
-0.519379 -0.779932 0.274394 60 26 163
0.207402 -0.818807 -0.580536 153 26 55
0.232691 -0.796751 0.552672 157 26 198
-0.537572 -0.786303 -0.246974 58 26 95
0.578790 -0.808323 -0.186018 200 26 104
-0.297876 -0.799871 0.522428 90 26 194
-0.133786 -0.803364 -0.588791 111 26 53
0.482495 -0.781175 0.334174 190 26 171
-0.609552 -0.819131 0.083346 52 26 138
0.382797 -0.797808 -0.460724 176 26 69
0.028521 -0.786209 0.589397 131 26 204
-0.431751 -0.810103 -0.427811 73 26 74
0.599524 -0.799951 0.023504 204 26 130
-0.460016 -0.803845 0.389393 69 25 177
0.074120 -0.782479 -0.581769 137 25 52
0.354168 -0.819405 0.501478 172 25 190
-0.584667 -0.798880 -0.127224 53 25 111
0.508628 -0.786135 -0.296219 194 25 89
-0.180613 -0.811850 0.580177 105 25 200
-0.254881 -0.800066 -0.541638 95 25 58
0.556537 -0.804281 0.228335 198 25 156
-0.550070 -0.783841 0.202223 56 25 154
0.281189 -0.819629 -0.544263 163 25 60
0.156404 -0.799965 0.576877 147 25 201
-0.496067 -0.786084 -0.314065 63 25 87
0.597924 -0.813561 -0.107087 203 25 114
-0.362383 -0.800216 0.474769 81 25 188
-0.053771 -0.804672 -0.597969 121 25 52
0.432720 -0.785260 0.394704 184 25 179
-0.611246 -0.819806 0.001311 51 25 128
0.439389 -0.801060 -0.404253 184 25 76
-0.049952 -0.786060 0.583543 121 25 203
-0.370477 -0.815233 -0.481082 81 25 67
0.587060 -0.800405 0.102545 203 25 141
-0.504865 -0.805017 0.322676 63 25 168
0.150749 -0.786735 -0.565616 147 25 54
0.282246 -0.819940 0.540609 163 25 195
-0.560668 -0.802161 -0.203394 56 25 102
0.539569 -0.786066 -0.224082 198 25 98
-0.256064 -0.816863 0.550265 95 25 196
-0.179189 -0.800634 -0.567021 105 25 55
0.517978 -0.805319 0.298697 193 25 165
-0.571144 -0.788262 0.126849 53 25 144
0.348857 -0.820033 -0.498482 171 25 65
0.077831 -0.803266 0.590673 137 25 203
-0.446478 -0.786106 -0.374657 69 25 79
0.606039 -0.818447 -0.026364 203 25 124
-0.419722 -0.800904 0.419475 74 25 181
0.026282 -0.805577 -0.596075 131 25 52
0.375644 -0.789839 0.448190 176 25 186
-0.601727 -0.820088 -0.079648 52 25 118
0.487790 -0.804371 -0.340946 190 25 84
-0.126405 -0.786182 0.567566 111 25 202
-0.302547 -0.819983 -0.525370 90 25 62
0.564545 -0.801217 0.178772 200 25 150
-0.539914 -0.805793 0.250860 59 25 159
0.224517 -0.791464 -0.539718 157 25 58
0.206153 -0.820108 0.569322 153 25 199
-0.526821 -0.805472 -0.275442 60 25 92
0.560646 -0.786299 -0.149071 201 25 108
-0.326578 -0.821467 0.510306 87 25 191
-0.101346 -0.801573 -0.582223 115 25 53
0.470416 -0.805967 0.362705 187 25 174
-0.582243 -0.793133 0.049495 52 25 134
0.409209 -0.820097 -0.444250 179 25 72
-0.001623 -0.806568 0.593819 127 25 203
-0.389813 -0.786458 -0.427865 77 25 72
0.602952 -0.822899 0.054578 203 25 134
-0.469055 -0.801972 0.357584 67 25 173
0.104822 -0.806102 -0.583296 141 25 53
0.312185 -0.794844 0.493740 168 25 191
-0.581388 -0.820057 -0.157995 55 25 108
0.527136 -0.807654 -0.271947 195 25 93
-0.199598 -0.786664 0.541943 101 25 198
-0.229285 -0.824275 -0.559792 99 25 58
0.532502 -0.802417 0.250966 196 25 160
-0.564625 -0.806199 0.175407 55 25 150
0.294198 -0.796594 -0.504474 165 25 62
0.127427 -0.819993 0.587268 143 25 201
-0.483741 -0.808727 -0.342068 66 25 84
0.571707 -0.786918 -0.072496 202 25 118
-0.390761 -0.825593 0.461082 79 25 185
-0.022672 -0.802906 -0.587138 125 25 52
0.414903 -0.806261 0.419218 180 25 181
-0.583148 -0.798379 -0.028563 52 25 124
0.461241 -0.819909 -0.382768 185 25 79
-0.080513 -0.809784 0.586264 117 25 202
-0.327153 -0.787224 -0.472952 85 25 66
0.588722 -0.826852 0.134135 201 25 144
-0.509674 -0.803440 0.290207 62 25 165
0.180359 -0.806288 -0.560048 151 25 56
0.243376 -0.800195 0.530563 159 24 196
-0.550833 -0.819806 -0.232299 58 24 98
0.556714 -0.810823 -0.198521 198 24 102
-0.268386 -0.787584 0.507283 92 24 194
-0.152149 -0.828051 -0.583673 109 24 55
0.491582 -0.804019 0.317986 191 24 168
-0.578693 -0.806284 0.097826 54 24 140
0.358603 -0.802040 -0.460433 174 24 68
0.047604 -0.819690 0.594332 133 24 202
-0.432232 -0.811840 -0.402054 73 24 76
0.572758 -0.788000 0.004360 202 24 128
-0.447347 -0.829187 0.403587 72 24 178
0.055527 -0.804642 -0.581810 135 24 53
0.352641 -0.806251 0.467281 173 24 187
-0.573792 -0.803908 -0.106006 54 24 114
0.504156 -0.819564 -0.315338 191 24 88
-0.157381 -0.812833 0.568163 108 24 200
-0.259624 -0.788474 -0.509331 94 24 61
0.563664 -0.830260 0.210726 198 24 154
-0.541009 -0.805309 0.218516 58 24 156
0.251503 -0.806191 -0.526961 160 24 60
0.170362 -0.805797 0.557979 149 24 199
-0.510849 -0.819432 -0.301265 63 24 90
0.575990 -0.813799 -0.122041 201 24 112
-0.331733 -0.789008 0.464304 84 24 188
-0.072694 -0.831269 -0.596572 118 24 53
0.442553 -0.806018 0.378783 184 24 176
-0.582044 -0.806109 0.019633 53 24 130
0.416592 -0.807702 -0.408301 181 24 75
-0.031818 -0.819297 0.590621 123 24 202
-0.373272 -0.814734 -0.454290 80 24 70
0.563948 -0.789603 0.080253 201 24 138
-0.495236 -0.832214 0.339007 66 24 170
0.131965 -0.806769 -0.566425 144 24 55
0.284935 -0.806006 0.506143 164 24 192
-0.554272 -0.809620 -0.181488 57 24 104
0.537365 -0.819162 -0.243330 195 24 97
-0.230788 -0.815638 0.539880 98 24 196
-0.188388 -0.790260 -0.536555 103 24 57
0.528333 -0.833094 0.282830 193 24 163
-0.562625 -0.807560 0.143735 55 24 146
0.316997 -0.805885 -0.484851 168 24 65
0.094392 -0.811545 0.575449 140 24 201
-0.462373 -0.819032 -0.363752 69 24 82
0.584630 -0.816507 -0.043957 202 24 122
-0.388706 -0.790982 0.413816 77 24 182
0.007473 -0.833910 -0.598296 128 24 53
0.386293 -0.808389 0.432401 177 24 183
-0.574832 -0.805751 -0.057692 54 24 120
0.467100 -0.813474 -0.348941 187 24 83
-0.109406 -0.818910 0.576439 114 24 200
-0.308003 -0.817340 -0.497813 88 24 64
0.545555 -0.791768 0.153988 199 24 148
-0.533527 -0.834661 0.268686 61 24 161
0.205386 -0.809256 -0.541317 154 24 58
0.213165 -0.805607 0.535267 155 24 196
-0.524867 -0.815404 -0.253655 61 24 95
0.560483 -0.818800 -0.168142 199 24 106
-0.299352 -0.818134 0.501992 90 24 191
-0.114625 -0.792619 -0.554311 112 24 55
0.483519 -0.835349 0.349037 188 24 171
-0.574231 -0.810157 0.067131 54 24 136
0.375743 -0.805455 -0.434691 176 24 71
0.016806 -0.817328 0.582593 130 24 201
-0.406463 -0.818704 -0.418785 76 24 74
0.582517 -0.818888 0.034232 201 24 132
-0.438480 -0.793536 0.356712 70 24 174
0.086739 -0.835973 -0.588908 138 24 54
0.323789 -0.811091 0.477990 169 24 189
-0.557416 -0.805300 -0.132736 56 24 110
0.509167 -0.819245 -0.283376 192 24 92
-0.183820 -0.818627 0.552271 104 24 198
-0.237706 -0.819600 -0.531834 97 24 60
0.517978 -0.794519 0.224420 195 24 157
-0.561545 -0.836536 0.194090 58 24 152
0.274579 -0.812055 -0.506960 163 24 63
0.138739 -0.805146 0.554330 145 24 199
-0.486044 -0.821148 -0.321173 66 24 87
0.573326 -0.818570 -0.091174 200 23 116
-0.361783 -0.820270 0.455282 82 23 185
-0.039529 -0.795566 -0.562415 122 23 54
0.430219 -0.837037 0.408082 181 23 178
-0.575682 -0.813048 -0.010000 54 23 126
0.426817 -0.804995 -0.377577 183 23 79
-0.060987 -0.823035 0.579212 120 23 201
-0.344264 -0.818538 -0.465559 84 23 68
0.569757 -0.820895 0.111020 200 23 142
-0.480332 -0.796679 0.293956 65 23 166
0.163527 -0.837480 -0.568722 148 23 57
0.256123 -0.814066 0.514817 160 23 193
-0.530342 -0.804852 -0.204188 59 23 101
0.541963 -0.824901 -0.212775 196 23 101
-0.253830 -0.818533 0.518755 95 23 194
-0.163774 -0.821475 -0.555760 107 23 57
0.481729 -0.797856 0.290464 190 23 165
-0.578855 -0.837865 0.116759 55 23 142
0.338384 -0.815107 -0.463975 171 23 68
0.063059 -0.804720 0.563216 136 23 200
-0.438467 -0.826743 -0.382760 72 23 79
0.575890 -0.818557 -0.013802 201 23 126
-0.416917 -0.822009 0.400720 75 23 178
0.035702 -0.799096 -0.560809 132 23 54
0.369606 -0.838195 0.458883 173 23 185
-0.566989 -0.816167 -0.086338 55 23 116
0.469477 -0.804604 -0.314692 188 23 87
-0.137533 -0.828555 0.565310 110 23 199
-0.276981 -0.818614 -0.503442 92 23 63
0.546686 -0.822497 0.184929 197 23 151
-0.513650 -0.800398 0.226579 61 23 157
0.236346 -0.838471 -0.538290 157 23 60
0.184473 -0.817244 0.542276 151 23 197
-0.494315 -0.804507 -0.270857 63 23 92
0.564821 -0.830336 -0.138440 199 23 110
-0.318325 -0.818706 0.476661 87 23 188
-0.087676 -0.822939 -0.569218 116 23 55
0.437430 -0.801761 0.351092 184 23 173
-0.585274 -0.838697 0.038267 55 23 132
0.395717 -0.818335 -0.413127 178 23 75
-0.012505 -0.804432 0.562004 126 23 201
-0.382996 -0.832081 -0.437222 79 23 73
0.568339 -0.818834 0.062647 200 23 135
-0.463756 -0.823334 0.339444 69 23 171
0.109870 -0.803182 -0.549559 142 23 56
0.302991 -0.838874 0.500563 165 23 190
-0.548326 -0.819437 -0.160562 58 23 107
0.503170 -0.804384 -0.247274 193 23 95
-0.211368 -0.833786 0.541105 101 23 195
-0.205860 -0.819000 -0.531965 101 23 60
0.513863 -0.823684 0.254551 193 23 160
-0.537930 -0.804660 0.155672 58 23 148
0.303827 -0.839006 -0.498377 165 23 65
0.110098 -0.820546 0.559910 142 23 199
-0.450169 -0.804365 -0.331691 69 23 84
0.577264 -0.835448 -0.061782 200 23 120
-0.376319 -0.819207 0.426867 79 23 182
-0.010918 -0.823988 -0.572064 126 23 55
0.385811 -0.806193 0.405345 178 23 180
-0.580859 -0.839095 -0.039825 55 23 123
0.445583 -0.821660 -0.355323 184 23 82
-0.086647 -0.804381 0.550945 116 23 199
-0.320673 -0.837065 -0.483484 87 23 67
0.550992 -0.819456 0.136900 198 23 145
-0.501486 -0.824247 0.272727 64 23 162
0.181780 -0.807777 -0.528864 151 23 59
0.231784 -0.839144 0.532470 156 23 194
-0.520042 -0.822774 -0.231367 61 23 98
0.527518 -0.804433 -0.176587 196 23 104
-0.281054 -0.838633 0.507038 92 23 191
-0.132163 -0.819748 -0.550821 111 23 57
0.472050 -0.824463 0.318586 188 23 168
-0.552786 -0.809411 0.082387 56 23 138
0.364753 -0.839157 -0.449936 173 23 71
0.034321 -0.823886 0.567421 132 23 200
-0.398842 -0.804525 -0.385782 75 23 77
0.579030 -0.840150 0.015710 200 23 129
-0.426959 -0.820085 0.370340 73 23 175
0.064999 -0.824636 -0.564387 136 23 56
0.327712 -0.811092 0.452341 170 22 186
-0.565903 -0.839137 -0.116011 57 22 113
0.487105 -0.824993 -0.291607 190 22 90
-0.158141 -0.804660 0.530448 107 22 197
-0.252709 -0.841613 -0.520629 96 22 63
0.524302 -0.820466 0.207758 195 22 154
-0.529506 -0.824768 0.201944 60 22 153
0.250254 -0.812816 -0.499053 160 22 63
0.157448 -0.839088 0.554179 147 22 197
-0.482660 -0.826091 -0.297484 66 22 90
0.542318 -0.804842 -0.103893 198 22 114
-0.345218 -0.843019 0.463773 84 22 185
-0.057158 -0.820892 -0.559854 120 22 56
0.422195 -0.824861 0.375876 181 22 175
-0.557957 -0.814580 0.007926 55 22 129
0.418087 -0.839012 -0.394069 180 22 78
-0.041485 -0.827176 0.564690 122 22 199
-0.341349 -0.805074 -0.432369 83 22 71
0.570083 -0.844367 0.092509 199 22 139
-0.469518 -0.821365 0.308123 67 22 167
0.138618 -0.824917 -0.546502 145 22 58
0.264081 -0.816381 0.491283 162 22 191
-0.540910 -0.838914 -0.188876 60 22 104
0.519542 -0.828246 -0.223148 194 22 99
-0.225852 -0.805357 0.501051 98 22 193
-0.180452 -0.845655 -0.547932 105 22 59
0.488852 -0.821883 0.274099 190 22 163
-0.547434 -0.824938 0.128530 58 22 144
0.314139 -0.818216 -0.460599 168 22 68
0.081463 -0.838797 0.565494 138 22 199
-0.436881 -0.829298 -0.357715 72 22 82
0.547520 -0.805694 -0.030437 199 22 124
-0.402597 -0.846881 0.412183 77 22 179
0.017898 -0.822447 -0.559053 130 22 56
0.365396 -0.824926 0.425434 174 22 182
-0.553325 -0.820080 -0.066462 56 22 119
0.462986 -0.838666 -0.331992 186 22 86
-0.115926 -0.830329 0.551790 113 22 198
-0.278756 -0.806089 -0.470835 91 22 66
0.550631 -0.848043 0.167087 196 22 148
-0.503402 -0.823057 0.241320 63 22 158
0.208566 -0.824883 -0.518935 154 22 61
0.195975 -0.821969 0.521482 153 22 194
-0.506571 -0.838523 -0.257124 64 22 95
0.542316 -0.831335 -0.151223 196 22 108
-0.288747 -0.806542 0.463408 90 22 188
-0.105362 -0.849142 -0.564881 114 22 57
0.445336 -0.823711 0.334883 185 22 170
-0.555116 -0.824813 0.053939 56 22 134
0.372325 -0.823881 -0.414120 175 22 74
0.005283 -0.838372 0.566438 128 22 199
-0.383578 -0.832314 -0.410954 79 22 75
0.543217 -0.807056 0.042573 199 22 133
-0.452071 -0.850175 0.353337 71 22 171
0.091763 -0.824409 -0.548548 139 22 57
0.302872 -0.824718 0.466462 166 22 187
-0.538923 -0.825810 -0.139498 59 22 110
0.498809 -0.838218 -0.264998 190 22 94
-0.187614 -0.833264 0.528991 104 22 195
-0.212170 -0.807633 -0.500703 100 22 62
0.521115 -0.851142 0.237962 192 22 157
-0.528148 -0.825150 0.171085 60 22 149
0.273585 -0.824602 -0.482404 163 22 66
0.124552 -0.827752 0.542369 143 22 197
-0.463734 -0.838063 -0.319602 69 22 87
0.555032 -0.834181 -0.077194 198 22 118
-0.345894 -0.808273 0.418265 82 22 182
-0.028959 -0.852043 -0.571197 124 22 57
0.394560 -0.825933 0.389162 178 22 177
-0.552615 -0.824467 -0.020391 57 22 125
0.423766 -0.829704 -0.360386 182 22 82
-0.069690 -0.837913 0.557232 119 22 198
-0.323786 -0.835063 -0.456226 86 22 70
0.529635 -0.808978 0.113972 197 22 142
-0.492703 -0.852879 0.288466 66 22 163
0.163224 -0.826755 -0.528607 148 22 60
0.235923 -0.824318 0.498367 158 22 192
-0.514952 -0.831661 -0.209889 62 22 101
0.525113 -0.837769 -0.194422 194 21 103
-0.255204 -0.835909 0.496770 95 21 191
-0.142716 -0.809749 -0.521629 109 21 59
0.482208 -0.853648 0.303737 187 21 165
-0.543425 -0.827616 0.098619 58 21 140
0.332562 -0.824156 -0.437788 170 21 71
0.051060 -0.833619 0.553523 134 21 198
-0.413372 -0.837637 -0.375315 75 21 80
0.557497 -0.836716 -0.002480 198 21 127
-0.396466 -0.810587 0.366452 76 21 175
0.047208 -0.854352 -0.566846 133 21 57
0.337430 -0.828512 0.436087 171 21 183
-0.540203 -0.823987 -0.093078 58 21 116
0.467504 -0.835573 -0.300317 187 21 89
-0.142136 -0.837518 0.538279 109 21 196
-0.258682 -0.837482 -0.492707 95 21 65
0.507116 -0.811492 0.182646 194 21 151
-0.523759 -0.854991 0.218932 62 21 155
0.231106 -0.829443 -0.499636 157 21 64
0.165890 -0.823813 0.520761 149 21 195
-0.481790 -0.837520 -0.276352 66 21 92
0.541651 -0.837418 -0.121609 196 21 112
-0.317425 -0.838206 0.455800 87 21 185
-0.071534 -0.812463 -0.533393 118 21 58
0.434791 -0.855566 0.363147 182 21 173
-0.549045 -0.830406 0.025151 57 21 131
0.384547 -0.823638 -0.386095 177 21 78
-0.023177 -0.839455 0.554689 125 21 198
-0.356554 -0.837338 -0.423428 82 21 74
0.549732 -0.838886 0.071478 197 21 137
-0.439738 -0.813502 0.308870 70 21 168
0.121613 -0.856079 -0.552038 143 21 59
0.274948 -0.831398 0.474913 163 21 188
-0.518338 -0.823467 -0.162828 61 21 106
0.502700 -0.841374 -0.234979 191 21 98
-0.210835 -0.837282 0.510139 101 21 192
-0.189561 -0.839521 -0.519759 103 21 62
0.476113 -0.814607 0.247535 190 21 160
-0.544737 -0.856532 0.146185 60 21 146
0.294280 -0.832417 -0.462179 165 21 68
0.094125 -0.823303 0.533461 140 21 197
-0.440002 -0.843273 -0.337642 72 21 85
0.548356 -0.837253 -0.047887 197 21 121
-0.373115 -0.840110 0.406943 80 21 179
0.000231 -0.815778 -0.535899 128 21 57
0.379923 -0.856924 0.415085 175 21 179
-0.544964 -0.833459 -0.048063 58 21 121
0.428763 -0.823149 -0.328432 183 21 85
-0.096786 -0.845147 0.545795 115 21 196
-0.294419 -0.837254 -0.463277 90 21 69
0.531975 -0.840653 0.143251 195 21 146
-0.475086 -0.817014 0.246482 65 21 160
0.192795 -0.857260 -0.527215 151 21 62
0.208209 -0.834523 0.505018 154 21 192
-0.487643 -0.823010 -0.228452 64 21 98
0.528654 -0.846993 -0.165568 194 21 107
-0.274679 -0.837287 0.473506 92 21 188
-0.117803 -0.841148 -0.536943 113 21 59
0.437185 -0.818314 0.307639 185 21 168
-0.555366 -0.857540 0.071724 58 21 136
0.351685 -0.835605 -0.416916 172 21 74
0.021953 -0.822889 0.536473 130 21 197
-0.390337 -0.848807 -0.392584 78 21 78
0.545330 -0.837355 0.025452 197 21 131
-0.421257 -0.841597 0.351228 74 21 172
0.071431 -0.819676 -0.529170 137 21 59
0.318814 -0.857768 0.458636 167 21 185
-0.531293 -0.836702 -0.119764 60 21 112
0.464613 -0.822790 -0.265968 188 21 93
-0.168369 -0.850585 0.526974 106 21 194
-0.228147 -0.837460 -0.494356 98 21 64
0.504679 -0.841998 0.211467 192 21 154
-0.501995 -0.821099 0.180313 62 21 151
0.259396 -0.857946 -0.493035 160 21 66
0.138387 -0.837810 0.525912 145 21 195
-0.448872 -0.822718 -0.288895 69 21 90
0.544844 -0.852324 -0.093395 196 21 116
-0.332681 -0.837604 0.429185 85 21 182
-0.044837 -0.842351 -0.544038 122 21 58
0.390994 -0.822580 0.362019 178 20 175
-0.555617 -0.858076 -0.002950 58 20 127
0.402338 -0.838927 -0.364665 179 20 81
-0.049349 -0.822675 0.529980 121 20 196
-0.333727 -0.854020 -0.440107 86 20 72
0.532826 -0.837789 0.097169 196 20 140
-0.461005 -0.842658 0.289827 69 20 164
0.140926 -0.824117 -0.513352 146 20 61
0.252780 -0.858162 0.493094 159 20 189
-0.508302 -0.840049 -0.188696 63 20 103
0.491676 -0.822666 -0.199908 192 20 101
-0.236542 -0.855670 0.498564 98 20 190
-0.158943 -0.838016 -0.516317 107 20 61
0.468503 -0.842920 0.274840 187 20 162
-0.520056 -0.825708 0.111442 60 20 142
0.320195 -0.858207 -0.450344 167 20 71
0.066722 -0.841173 0.537256 136 20 196
-0.402893 -0.822693 -0.343233 75 20 83
0.550939 -0.857271 -0.019854 196 20 125
-0.383979 -0.838288 0.378075 78 20 176
0.027898 -0.843136 -0.541047 131 20 59
0.338306 -0.827351 0.409807 171 20 181
-0.545686 -0.858213 -0.076373 59 20 118
0.445360 -0.842295 -0.306374 184 20 88
-0.118577 -0.822761 0.514321 112 20 195
-0.271267 -0.858820 -0.479278 94 20 68
0.511234 -0.838604 0.166093 193 20 149
-0.491706 -0.843308 0.224021 65 20 156
0.207586 -0.829042 -0.488715 154 20 64
0.183204 -0.858185 0.517972 150 20 192
-0.476431 -0.843413 -0.253636 67 20 95
0.509697 -0.822872 -0.131465 194 20 110
-0.299970 -0.860314 0.461122 90 20 185
-0.088018 -0.838965 -0.528961 116 20 60
0.424287 -0.843438 0.332210 182 20 170
-0.528980 -0.830778 0.040999 59 20 133
0.374134 -0.858126 -0.400146 174 20 77
-0.005490 -0.844522 0.538874 127 20 196
-0.350652 -0.823030 -0.390691 82 20 76
0.546824 -0.861752 0.053609 196 20 134
-0.427837 -0.839374 0.321148 73 20 169
0.098989 -0.843528 -0.528189 140 20 60
0.279989 -0.832556 0.450216 164 20 186
-0.525983 -0.858039 -0.147157 62 20 109
0.479997 -0.845620 -0.243116 189 20 97
-0.184615 -0.823237 0.489970 103 20 192
-0.204199 -0.863130 -0.509335 102 20 64
0.481070 -0.839829 0.231123 189 20 157
-0.512917 -0.843579 0.155161 62 20 147
0.270304 -0.834373 -0.455664 162 20 69
0.111499 -0.857928 0.533001 141 20 194
-0.436286 -0.846703 -0.313415 72 20 88
0.518579 -0.823497 -0.061836 195 20 119
-0.357405 -0.864447 0.415406 83 20 179
-0.016580 -0.840331 -0.532230 125 20 59
0.373032 -0.843594 0.382572 175 20 176
-0.528607 -0.836224 -0.029842 59 20 124
0.420338 -0.857797 -0.343566 180 20 84
-0.076927 -0.847768 0.530768 118 20 195
-0.293155 -0.823812 -0.430629 89 20 71
0.532611 -0.865701 0.125533 194 20 143
-0.463643 -0.840880 0.259440 68 20 161
0.167091 -0.843574 -0.505896 149 20 63
0.217014 -0.838107 0.482552 155 20 190
-0.497104 -0.857650 -0.214018 65 20 101
0.505639 -0.848812 -0.176071 192 20 105
-0.246438 -0.824185 0.457517 95 20 187
-0.133874 -0.866891 -0.529711 111 20 62
0.442961 -0.841475 0.291241 184 20 165
-0.524411 -0.843523 0.084634 60 20 138
0.328009 -0.840017 -0.414737 170 20 74
0.039068 -0.857491 0.538127 132 20 195
-0.388641 -0.849832 -0.366947 78 20 81
0.518367 -0.824617 0.007810 195 20 129
-0.407727 -0.868015 0.362367 77 20 173
0.054180 -0.842117 -0.526205 134 20 60
0.315860 -0.843442 0.425096 168 20 182
-0.518917 -0.841951 -0.099874 61 20 115
0.458123 -0.857322 -0.281817 185 19 92
-0.146262 -0.850825 0.513126 109 19 193
-0.231449 -0.825111 -0.462547 97 19 67
0.508637 -0.869073 0.194487 191 19 152
-0.490914 -0.842803 0.194039 65 19 152
0.230962 -0.843336 -0.474787 157 19 67
0.150448 -0.843903 0.506234 147 19 192
-0.459807 -0.857149 -0.275804 70 19 93
0.521845 -0.851788 -0.106511 194 19 114
-0.303125 -0.825668 0.417646 88 19 182
-0.061726 -0.870063 -0.540059 120 19 60
0.397641 -0.843534 0.345511 178 19 172
-0.526172 -0.843207 0.013823 60 19 129
0.379682 -0.845871 -0.366617 176 19 81
-0.032730 -0.856975 0.533495 123 19 195
-0.334426 -0.852719 -0.413254 85 19 75
0.509235 -0.826290 0.076344 194 19 137
-0.449975 -0.870987 0.303124 72 19 165
0.123097 -0.844307 -0.511096 143 19 62
0.253989 -0.843058 0.459143 160 19 186
-0.500045 -0.847849 -0.167869 64 19 106
0.486998 -0.856804 -0.216163 189 19 100
-0.212198 -0.853615 0.486332 101 19 189
-0.166605 -0.826978 -0.486075 106 19 64
0.475464 -0.871842 0.259106 187 19 160
-0.509292 -0.845122 0.126074 62 19 144
0.289486 -0.842893 -0.435648 165 19 72
0.081449 -0.849833 0.520812 138 19 194
-0.414984 -0.856639 -0.331507 75 19 86
0.528363 -0.854474 -0.035769 195 19 123
-0.353851 -0.827734 0.371127 81 19 176
0.010776 -0.872630 -0.540259 129 19 60
0.345942 -0.845976 0.393092 172 19 178
-0.518390 -0.842715 -0.055933 61 19 120
0.424384 -0.851819 -0.312129 182 19 88
-0.102603 -0.856484 0.519431 115 19 193
-0.274715 -0.855294 -0.451499 93 19 70
0.491474 -0.828557 0.142687 192 19 146
-0.483378 -0.873351 0.238931 67 19 157
0.189037 -0.846868 -0.487247 152 19 65
0.188687 -0.842528 0.484272 152 19 190
-0.472291 -0.853803 -0.232604 67 19 98
0.506662 -0.856343 -0.147889 192 19 109
-0.273496 -0.856072 0.450958 93 19 185
-0.099706 -0.829449 -0.500966 114 19 62
0.433860 -0.874006 0.318136 181 19 167
-0.518552 -0.847795 0.056707 61 19 135
0.341698 -0.842336 -0.389400 172 19 77
0.011250 -0.855780 0.525986 129 19 194
-0.363625 -0.856219 -0.380279 81 19 79
0.525136 -0.856808 0.034789 194 19 132
-0.397894 -0.830409 0.318796 75 19 169
0.082169 -0.874595 -0.530426 138 19 62
0.288789 -0.848755 0.433242 164 19 183
-0.501440 -0.842142 -0.123363 63 19 112
0.461274 -0.857747 -0.252237 186 19 96
-0.169351 -0.856116 0.496419 106 19 191
-0.210702 -0.857499 -0.481008 101 19 67
0.465484 -0.831438 0.205811 188 19 154
-0.507375 -0.875120 0.171144 64 19 149
0.250913 -0.849746 -0.455131 160 19 69
0.121246 -0.841950 0.500239 143 19 192
-0.436129 -0.859697 -0.292883 72 19 90
0.516992 -0.856037 -0.078270 193 19 118
-0.329011 -0.858145 0.407763 86 19 179
-0.031844 -0.832535 -0.507091 123 19 61
0.384775 -0.875582 0.370464 175 19 174
-0.518607 -0.850765 -0.012876 61 19 126
0.386797 -0.841764 -0.337069 178 19 84
-0.058858 -0.861628 0.521627 120 19 193
-0.306797 -0.855984 -0.421427 88 19 74
0.512318 -0.858744 0.103797 192 19 141
-0.434631 -0.833699 0.261555 71 19 162
0.151033 -0.875984 -0.510902 146 19 64
0.227193 -0.851810 0.465332 157 19 187
-0.475864 -0.841588 -0.187297 66 19 103
0.489642 -0.863536 -0.188034 189 19 104
-0.231878 -0.855961 0.465079 98 19 187
-0.143672 -0.859296 -0.501295 109 19 64
0.431766 -0.834930 0.264746 184 18 162
-0.521628 -0.876326 0.101176 63 18 140
0.307692 -0.852876 -0.415353 167 18 74
0.052941 -0.841426 0.506988 134 18 193
-0.392208 -0.865415 -0.347563 78 18 84
0.518033 -0.855970 -0.008552 194 18 126
-0.377723 -0.859799 0.357670 80 18 173
0.035890 -0.836227 -0.504437 132 18 62
0.329311 -0.876611 0.415152 168 18 179
-0.509513 -0.853962 -0.081476 62 18 117
0.424155 -0.841282 -0.279753 183 18 91
-0.127555 -0.867263 0.507790 111 18 191
-0.245615 -0.856015 -0.454418 96 18 70
0.490267 -0.860255 0.169926 190 18 149
-0.463538 -0.837587 0.200360 67 18 154
0.216039 -0.876842 -0.482242 154 18 67
0.162244 -0.855064 0.488852 148 18 190
-0.442339 -0.841160 -0.246682 70 18 95
0.508929 -0.869075 -0.120727 191 18 112
-0.289206 -0.856096 0.426147 91 18 182
-0.074972 -0.860662 -0.512075 118 18 62
0.390919 -0.839010 0.318581 178 18 169
-0.526027 -0.877021 0.030458 62 18 131
0.358415 -0.856179 -0.368645 173 18 80
-0.014992 -0.841063 0.504638 126 18 193
-0.341353 -0.870847 -0.395593 85 18 78
0.509979 -0.856217 0.060064 193 18 135
-0.418768 -0.861020 0.301747 74 18 166
0.102412 -0.840493 -0.493107 141 18 63
0.268689 -0.877150 0.451456 161 18 184
-0.491476 -0.857303 -0.147902 65 18 109
0.453311 -0.840996 -0.218592 186 18 99
-0.193522 -0.872577 0.484728 103 18 188
-0.181222 -0.856380 -0.478873 104 18 66
0.459541 -0.861331 0.231923 186 18 157
-0.484198 -0.842035 0.136219 65 18 145
0.275973 -0.877234 -0.445188 162 18 72
0.095100 -0.858433 0.503432 140 18 192
-0.401661 -0.840961 -0.300594 75 18 88
0.518758 -0.874261 -0.051613 192 18 121
-0.340472 -0.856585 0.380450 84 18 176
-0.005969 -0.861594 -0.513275 127 18 62
0.343641 -0.843632 0.366472 172 18 175
-0.520683 -0.877274 -0.039600 62 18 123
0.402216 -0.859566 -0.315866 179 18 87
-0.081380 -0.840964 0.493463 117 18 192
-0.284548 -0.875895 -0.436038 92 18 73
0.493162 -0.856835 0.126441 191 18 144
-0.451459 -0.861812 0.241178 70 18 158
0.166644 -0.845282 -0.473322 149 18 66
0.204205 -0.877275 0.478836 153 18 187
-0.464859 -0.860699 -0.210980 68 18 101
0.473973 -0.841007 -0.154743 189 18 107
-0.255474 -0.877477 0.452896 96 18 184
-0.114772 -0.857130 -0.494555 113 18 64
0.420879 -0.861984 0.288640 181 18 164
-0.496300 -0.846983 0.070191 63 18 137
0.329774 -0.877239 -0.400647 169 18 77
0.026973 -0.861827 0.508852 131 18 192
-0.354707 -0.841093 -0.348247 81 18 82
0.518945 -0.879003 0.017952 192 18 130
-0.384937 -0.857472 0.328896 78 18 170
0.061981 -0.862113 -0.505032 135 18 63
0.290724 -0.848730 0.407648 165 18 180
-0.505917 -0.877171 -0.107649 64 18 114
0.438338 -0.862948 -0.257995 183 18 95
-0.145130 -0.841227 0.473875 109 18 189
-0.222925 -0.880472 -0.468118 100 18 69
0.468034 -0.857861 0.189510 187 18 152
-0.475304 -0.862200 0.177226 67 18 150
0.227532 -0.850522 -0.445425 157 18 70
0.137199 -0.877073 0.496965 145 18 190
-0.430184 -0.864058 -0.269586 73 18 93
0.485999 -0.841410 -0.089354 191 18 116
-0.312195 -0.881881 0.412947 89 18 179
-0.047414 -0.858298 -0.501371 121 18 63
0.375181 -0.862246 0.339067 175 18 171
-0.499655 -0.852353 0.003373 63 18 128
0.376547 -0.876950 -0.349653 175 17 84
-0.040891 -0.865154 0.505058 122 17 192
-0.302422 -0.841646 -0.388989 88 17 77
0.509522 -0.883228 0.086584 191 17 138
-0.421984 -0.858784 0.272451 73 17 162
0.127576 -0.862255 -0.487686 144 17 65
0.233057 -0.854222 0.441426 158 17 184
-0.482236 -0.876806 -0.172431 67 17 106
0.466156 -0.866232 -0.196116 187 17 103
-0.205236 -0.841938 0.446403 101 17 186
-0.157730 -0.884511 -0.491229 108 17 66
0.435163 -0.859317 0.248277 183 17 159
-0.490016 -0.862229 0.111202 65 17 142
0.284050 -0.856123 -0.409886 164 17 75
0.069009 -0.876644 0.505723 136 17 191
-0.388130 -0.867290 -0.322660 78 17 87
0.489392 -0.842288 -0.023548 192 17 124
-0.362580 -0.885728 0.365721 82 17 173
0.019713 -0.859898 -0.499355 130 17 63
0.323478 -0.862169 0.382357 169 17 176
-0.494202 -0.858053 -0.063100 64 17 119
0.415578 -0.876468 -0.293332 180 17 91
-0.107236 -0.868323 0.492168 114 17 190
-0.245792 -0.842699 -0.422305 95 17 72
0.490734 -0.886879 0.152915 189 17 147
-0.451116 -0.860526 0.212134 70 17 155
0.189599 -0.862079 -0.461765 152 17 68
0.171621 -0.860008 0.467223 150 17 187
-0.450312 -0.876282 -0.232805 71 17 98
0.485198 -0.869330 -0.131406 189 17 111
-0.260792 -0.843172 0.411674 93 17 181
-0.090297 -0.887962 -0.504968 116 17 65
0.395214 -0.861200 0.301830 178 17 166
-0.495511 -0.861962 0.044422 64 17 133
0.335221 -0.861983 -0.367307 170 17 80
0.000946 -0.876091 0.505184 128 17 191
-0.339530 -0.870307 -0.369242 84 17 81
0.484280 -0.843709 0.041588 191 17 133
-0.405664 -0.888977 0.312223 77 17 166
0.085496 -0.861920 -0.488671 138 17 65
0.266896 -0.861820 0.417840 162 17 181
-0.480023 -0.863975 -0.128077 66 17 111
0.446339 -0.875897 -0.232874 184 17 98
-0.170822 -0.871252 0.470484 106 17 187
-0.185830 -0.844312 -0.447805 103 17 69
0.463041 -0.889923 0.215628 185 17 154
-0.471958 -0.862683 0.149006 67 17 147
0.246946 -0.861658 -0.427966 159 17 73
0.107483 -0.865979 0.484571 141 17 189
-0.410953 -0.875705 -0.287767 76 17 91
0.495165 -0.872162 -0.065109 190 17 119
-0.310985 -0.844983 0.370396 87 17 176
-0.022010 -0.890800 -0.509148 125 17 64
0.348949 -0.863490 0.349345 172 17 172
-0.491904 -0.861478 -0.021823 64 17 125
0.380131 -0.867990 -0.318426 176 17 87
-0.065738 -0.875519 0.495604 119 17 190
-0.285356 -0.873035 -0.408494 91 17 76
0.470910 -0.845722 0.105013 189 17 141
-0.440652 -0.891607 0.253600 73 17 159
0.148850 -0.864337 -0.469609 147 17 67
0.206629 -0.861284 0.445034 154 17 185
-0.457350 -0.870005 -0.190398 69 17 103
0.468486 -0.875342 -0.169496 187 17 106
-0.230456 -0.873868 0.440488 98 17 183
-0.123563 -0.846530 -0.465223 111 17 67
0.427104 -0.892346 0.273495 181 17 161
-0.484260 -0.865223 0.084159 65 17 138
0.298651 -0.861080 -0.387123 166 17 78
0.041786 -0.872018 0.493144 133 17 190
-0.365073 -0.875179 -0.336460 81 17 85
0.495939 -0.874659 0.001491 190 17 128
-0.355104 -0.847408 0.323347 81 17 170
0.045741 -0.893017 -0.503800 133 17 65
0.297219 -0.866146 0.390092 166 17 177
-0.479495 -0.860869 -0.086303 66 17 116
0.417958 -0.874025 -0.264109 181 17 94
-0.129874 -0.875032 0.477395 111 17 188
-0.226701 -0.875407 -0.439725 99 16 72
0.449634 -0.848356 0.165739 186 16 149
-0.466943 -0.893621 0.191107 69 16 151
0.208733 -0.867104 -0.442580 154 16 71
0.143898 -0.860655 0.463646 146 16 187
-0.426578 -0.876022 -0.248926 73 16 96
0.481848 -0.874905 -0.104416 189 16 114
-0.285024 -0.876110 0.402839 91 16 179
-0.060027 -0.849374 -0.474405 120 16 65
0.383765 -0.894159 0.325416 175 16 168
-0.487902 -0.868093 0.018708 65 16 130
0.343904 -0.860443 -0.340179 172 16 84
-0.024270 -0.878005 0.492766 124 16 190
-0.313664 -0.874802 -0.378179 88 16 79
0.487602 -0.876767 0.067099 189 16 136
-0.392532 -0.850461 0.271366 76 16 163
0.111595 -0.894632 -0.489178 141 16 67
0.240954 -0.869112 0.423443 158 16 182
-0.458748 -0.860236 -0.147874 68 16 108
0.447989 -0.879969 -0.205351 184 16 102
-0.190388 -0.874725 0.451110 103 16 185
-0.164753 -0.877376 -0.462415 107 16 69
0.420901 -0.851618 0.222831 182 16 157
-0.484147 -0.895043 0.126065 67 16 143
0.264154 -0.870157 -0.408119 161 16 75
0.079922 -0.860038 0.473565 138 16 189
-0.388267 -0.881909 -0.302567 78 16 89
0.486419 -0.874678 -0.038827 189 16 123
-0.333521 -0.877938 0.358360 85 16 173
0.003747 -0.852844 -0.475312 128 16 65
0.334024 -0.895392 0.370444 169 16 174
-0.482896 -0.871226 -0.046219 66 16 122
0.382052 -0.859853 -0.288158 177 16 90
-0.089449 -0.883822 0.483434 116 16 188
-0.257773 -0.874663 -0.412371 95 16 75
0.470427 -0.878450 0.130446 187 16 144
-0.422749 -0.854136 0.215345 72 16 156
0.174261 -0.895683 -0.465739 149 16 70
0.181164 -0.872316 0.448885 151 16 185
-0.430269 -0.859686 -0.205498 72 16 101
0.469653 -0.885703 -0.143255 187 16 109
-0.246316 -0.874684 0.417413 96 16 181
-0.100769 -0.878913 -0.476232 115 16 67
0.385255 -0.855494 0.275413 178 16 163
-0.492088 -0.895918 0.059827 66 16 135
0.314189 -0.873422 -0.366882 168 16 81
0.015888 -0.859540 0.474854 130 16 189
-0.343141 -0.887549 -0.350300 84 16 83
0.482344 -0.874742 0.026116 189 16 131
-0.375080 -0.879326 0.308017 80 16 167
0.066731 -0.856917 -0.468011 136 16 67
0.279000 -0.896098 0.407813 162 16 178
-0.469395 -0.874543 -0.109493 68 16 114
0.412612 -0.859419 -0.232134 181 16 97
-0.152504 -0.889356 0.465326 108 16 186
-0.198479 -0.874839 -0.438635 102 16 71
0.444881 -0.879690 0.190321 184 16 152
-0.445333 -0.858401 0.156223 70 16 148
0.232553 -0.896228 -0.434131 156 16 73
0.118922 -0.875674 0.466029 143 16 187
-0.394779 -0.859327 -0.258262 76 16 94
0.482538 -0.891120 -0.079017 188 16 118
-0.296808 -0.874979 0.377069 90 16 176
-0.036037 -0.880005 -0.481041 123 16 66
0.343330 -0.859946 0.322673 172 16 169
-0.490802 -0.896310 -0.006264 66 16 127
0.357992 -0.876813 -0.319644 173 16 87
-0.047071 -0.859268 0.467729 121 16 188
-0.292080 -0.892837 -0.391207 91 16 78
0.469900 -0.875162 0.089318 188 16 139
-0.408995 -0.880271 0.252896 76 16 160
0.127907 -0.861549 -0.452683 144 16 69
0.219901 -0.896347 0.436949 155 16 182
-0.447697 -0.877955 -0.170005 70 16 106
0.435256 -0.859245 -0.173200 184 16 105
-0.212213 -0.894505 0.438810 101 16 182
-0.136875 -0.875390 -0.456708 110 16 69
0.411609 -0.880490 0.245606 180 16 159
-0.459968 -0.863206 0.094986 68 16 140
0.285419 -0.896342 -0.395163 163 15 78
0.055355 -0.879097 0.474626 135 15 188
-0.353092 -0.859263 -0.305377 81 15 88
0.486411 -0.896120 -0.013899 188 15 126
-0.341132 -0.875664 0.330915 84 15 170
0.028156 -0.880663 -0.476908 131 15 67
0.295848 -0.864915 0.363866 166 15 175
-0.480531 -0.896300 -0.070909 67 15 119
0.394820 -0.880237 -0.267293 178 15 93
-0.107893 -0.859324 0.452545 113 15 187
-0.236107 -0.897679 -0.424507 98 15 74
0.449486 -0.875986 0.149745 185 15 147
-0.434743 -0.880791 0.194169 72 15 152
0.186277 -0.866673 -0.429621 152 15 72
0.157982 -0.896223 0.457478 147 15 185
-0.418250 -0.881369 -0.226679 74 15 99
0.449810 -0.859433 -0.112449 186 15 113
-0.267409 -0.899180 0.404442 94 15 178
-0.074050 -0.876356 -0.466465 118 15 68
0.371414 -0.880876 0.295303 175 15 165
-0.466446 -0.868477 0.032656 67 15 132
0.331959 -0.896115 -0.349776 169 15 84
-0.008373 -0.882491 0.474578 126 15 188
-0.306086 -0.859592 -0.346192 88 15 82
0.481238 -0.900620 0.050803 188 15 134
-0.378671 -0.876774 0.279854 79 15 163
0.090562 -0.880919 -0.464094 139 15 68
0.243622 -0.870323 0.398328 159 15 179
-0.461699 -0.895981 -0.132890 70 15 111
0.424048 -0.883599 -0.210822 181 15 101
-0.165602 -0.859804 0.429775 106 15 184
-0.176363 -0.901998 -0.449577 106 15 71
0.421611 -0.877242 0.206439 182 15 154
-0.451990 -0.880923 0.133061 70 15 144
0.240871 -0.872208 -0.399235 159 15 76
0.094513 -0.895823 0.469226 139 15 186
-0.381648 -0.884691 -0.278501 79 15 92
0.456241 -0.860072 -0.050956 187 15 121
-0.317017 -0.903310 0.362957 88 15 173
-0.011086 -0.877759 -0.467908 126 15 68
0.325232 -0.880890 0.338563 169 15 171
-0.464676 -0.874126 -0.029709 68 15 124
0.371445 -0.895647 -0.299013 174 15 90
-0.071082 -0.885762 0.465949 118 15 187
-0.254688 -0.860399 -0.380183 94 15 78
0.467187 -0.904556 0.113795 186 15 142
-0.408927 -0.878324 0.224837 75 15 156
0.150003 -0.880822 -0.443043 147 15 71
0.187550 -0.876076 0.425486 152 15 182
-0.434898 -0.895455 -0.191091 73 15 103
0.445189 -0.886809 -0.151311 184 15 108
-0.219313 -0.860787 0.399988 99 15 180
-0.114079 -0.905734 -0.465978 113 15 70
0.386881 -0.878938 0.258519 177 15 161
-0.460597 -0.880723 0.070817 69 15 137
0.290758 -0.878052 -0.362057 165 15 81
0.030746 -0.895252 0.472207 131 15 187
-0.338634 -0.887830 -0.324539 85 15 86
0.454641 -0.861239 0.010240 187 15 129
-0.360086 -0.906844 0.315254 83 15 167
0.050960 -0.879600 -0.461162 134 15 68
0.274102 -0.880595 0.374699 163 15 175
-0.454701 -0.880050 -0.091034 69 15 116
0.403325 -0.895042 -0.243983 178 15 97
-0.131601 -0.888822 0.448969 111 15 184
-0.199852 -0.861756 -0.406951 101 15 74
0.444626 -0.907883 0.173821 183 15 149
-0.431518 -0.880308 0.166854 72 15 149
0.205404 -0.880442 -0.414366 154 15 74
0.128612 -0.882065 0.444876 144 15 184
-0.400855 -0.894829 -0.244523 77 15 97
0.457911 -0.889780 -0.089912 186 15 116
-0.268234 -0.862339 0.363838 92 15 175
-0.050543 -0.908853 -0.473468 121 15 69
0.345992 -0.881061 0.305188 172 15 167
-0.460617 -0.880266 0.008666 68 15 129
0.335067 -0.884095 -0.318745 170 15 87
-0.032119 -0.894617 0.466613 123 15 186
-0.290081 -0.890704 -0.363971 91 14 81
0.445217 -0.862991 0.070143 186 14 137
-0.395817 -0.909751 0.262373 78 14 160
0.111060 -0.881859 -0.446472 142 14 70
0.219134 -0.880072 0.403202 156 14 179
-0.436700 -0.886133 -0.150234 72 14 108
0.427221 -0.894410 -0.185831 182 14 104
-0.188795 -0.891591 0.424044 104 14 181
-0.142547 -0.863713 -0.426217 109 14 72
0.414121 -0.910579 0.229696 179 14 156
-0.446181 -0.882699 0.106928 70 14 141
0.255810 -0.879862 -0.378813 160 14 79
0.067858 -0.888175 0.456152 136 14 186
-0.360405 -0.894211 -0.292335 82 14 91
0.462056 -0.892437 -0.027822 186 14 124
-0.311672 -0.864505 0.322048 87 14 170
0.012935 -0.911337 -0.472016 129 14 69
0.299724 -0.883579 0.345736 166 14 172
-0.452282 -0.879641 -0.052213 69 14 121
0.373003 -0.890217 -0.270078 175 14 93
-0.092952 -0.894025 0.452795 116 14 185
-0.236984 -0.893242 -0.396106 97 14 77
0.428280 -0.865369 0.127809 184 14 144
-0.423588 -0.912025 0.205463 75 14 153
0.168224 -0.884497 -0.424195 149 14 73
0.161476 -0.879412 0.423744 148 14 182
-0.411001 -0.892255 -0.206239 75 14 101
0.442928 -0.893855 -0.125711 184 14 112
-0.241595 -0.894003 0.391743 97 14 177
-0.083750 -0.866304 -0.437813 117 14 70
0.376413 -0.912644 0.280350 174 14 162
-0.452773 -0.885451 0.046101 70 14 133
0.300414 -0.879179 -0.337248 166 14 84
0.006397 -0.894283 0.459114 128 14 186
-0.314471 -0.893705 -0.333819 88 14 85
0.457644 -0.894718 0.033746 186 14 132
-0.349024 -0.867310 0.275395 82 14 164
0.075066 -0.913196 -0.461797 137 14 70
0.248935 -0.886438 0.379552 159 14 176
-0.435987 -0.878947 -0.110713 71 14 113
0.403872 -0.896297 -0.216953 179 14 100
-0.150712 -0.893578 0.431240 108 14 182
-0.180434 -0.895386 -0.420409 105 14 74
0.404235 -0.868388 0.182344 180 14 151
-0.442972 -0.913681 0.145752 72 14 146
0.221510 -0.887457 -0.394809 156 14 77
0.102282 -0.878719 0.436171 141 14 184
-0.378086 -0.898293 -0.258013 80 14 95
0.450400 -0.893477 -0.064758 185 14 119
-0.289026 -0.896007 0.352795 91 14 172
-0.024433 -0.869537 -0.441681 124 14 70
0.332400 -0.914102 0.324846 169 14 168
-0.451276 -0.888503 -0.014570 70 14 126
0.338556 -0.878499 -0.290619 171 14 90
-0.054622 -0.900267 0.453713 121 14 185
-0.264028 -0.893406 -0.368418 94 14 81
0.444880 -0.896578 0.093591 184 14 139
-0.379783 -0.870755 0.224710 78 14 157
0.134614 -0.914459 -0.443183 144 14 72
0.194553 -0.889573 0.406129 152 14 179
-0.412269 -0.878292 -0.165826 74 14 106
0.427103 -0.902213 -0.160375 181 14 107
-0.204463 -0.893367 0.402550 101 14 179
-0.121593 -0.897099 -0.436517 112 14 72
0.373576 -0.872043 0.232914 176 14 158
-0.453743 -0.914757 0.084505 71 14 138
0.270037 -0.890666 -0.358899 162 14 82
0.042681 -0.878101 0.440498 133 14 185
-0.338589 -0.904128 -0.304583 85 14 89
0.449737 -0.893363 -0.004072 185 14 127
-0.330237 -0.897570 0.308069 86 14 167
0.034436 -0.873398 -0.437865 132 14 70
0.283102 -0.914996 0.362413 163 14 173
-0.441802 -0.891777 -0.074030 71 14 118
0.369738 -0.877931 -0.239927 175 14 96
-0.114038 -0.906009 0.440069 113 14 183
-0.210090 -0.893397 -0.395715 101 14 77
0.424150 -0.897990 0.150561 181 14 147
-0.403538 -0.874819 0.170867 75 14 150
0.190434 -0.915179 -0.416734 151 13 76
0.137569 -0.892903 0.425075 145 13 182
-0.381781 -0.877785 -0.216656 78 13 99
0.442270 -0.907850 -0.101438 183 13 115
-0.253374 -0.893471 0.367424 95 13 174
-0.061663 -0.898360 -0.444249 120 13 71
0.336882 -0.876305 0.278747 171 13 164
-0.455879 -0.915310 0.022988 71 13 130
0.312997 -0.894041 -0.317165 167 13 87
-0.016240 -0.877669 0.436894 125 13 184
-0.293295 -0.909648 -0.345065 91 13 84
0.441172 -0.893587 0.055297 184 13 135
-0.364521 -0.898680 0.258554 81 13 160
0.091902 -0.877852 -0.426514 139 13 72
0.229633 -0.915391 0.392459 156 13 176
-0.424599 -0.895188 -0.131235 73 13 111
0.393612 -0.877584 -0.186202 179 13 103
-0.170700 -0.911399 0.418479 106 13 180
-0.153685 -0.893747 -0.415435 108 13 74
0.396014 -0.898950 0.203579 178 13 153
-0.419973 -0.879458 0.114780 73 13 142
0.241499 -0.915425 -0.383169 158 13 80
0.079024 -0.896339 0.436127 138 13 183
-0.345272 -0.877537 -0.262431 83 13 93
0.449109 -0.913101 -0.041305 184 13 122
-0.296729 -0.893953 0.326640 90 13 169
-0.001853 -0.899172 -0.443615 127 13 71
0.294813 -0.881122 0.319134 166 13 169
-0.449552 -0.915416 -0.037562 71 13 123
0.349672 -0.897491 -0.270413 172 13 93
-0.073462 -0.877529 0.425662 118 13 183
-0.243121 -0.914749 -0.378694 97 13 80
0.425059 -0.894206 0.112364 182 13 142
-0.391340 -0.899345 0.205327 78 13 154
0.147031 -0.882839 -0.407883 147 13 75
0.173163 -0.915367 0.414581 149 13 179
-0.400050 -0.898640 -0.185174 77 13 104
0.409981 -0.877565 -0.130478 181 13 110
-0.223506 -0.916342 0.389413 100 13 176
-0.095842 -0.894506 -0.427431 115 13 73
0.361184 -0.899473 0.251679 173 13 160
-0.428874 -0.884608 0.057398 72 13 135
0.286923 -0.915282 -0.343339 163 13 85
0.019998 -0.899784 0.439159 130 13 183
-0.303557 -0.877649 -0.302505 88 13 88
0.447539 -0.917875 0.018822 183 13 130
-0.333927 -0.894856 0.281033 85 13 163
0.056656 -0.899556 -0.434811 135 13 72
0.248113 -0.886423 0.353442 160 13 173
-0.435118 -0.915165 -0.095980 73 13 115
0.379451 -0.900918 -0.219544 176 13 100
-0.128045 -0.877783 0.407225 111 13 181
-0.189105 -0.919348 -0.404846 104 13 77
0.401855 -0.895256 0.166211 179 13 149
-0.410331 -0.899596 0.149526 75 13 147
0.198911 -0.888283 -0.382335 153 13 78
0.114884 -0.915019 0.428564 142 13 181
-0.368679 -0.902039 -0.234887 81 13 98
0.418784 -0.877970 -0.073774 182 13 118
-0.271426 -0.920756 0.353513 94 13 172
-0.037580 -0.895706 -0.431683 123 13 72
0.320506 -0.899595 0.294024 168 13 165
-0.430138 -0.890182 -0.000302 72 13 127
0.325978 -0.914849 -0.298201 168 13 90
-0.038413 -0.903144 0.434193 123 13 183
-0.257504 -0.878214 -0.336357 94 13 84
0.437665 -0.922099 0.077734 182 13 137
-0.364477 -0.896206 0.231491 81 13 157
0.112738 -0.899556 -0.418208 142 13 74
0.197601 -0.892118 0.381122 153 13 177
-0.413091 -0.914658 -0.151189 76 13 109
0.401851 -0.904228 -0.165548 179 13 106
-0.179135 -0.878518 0.382102 104 13 177
-0.132373 -0.923374 -0.423067 111 13 75
0.372113 -0.896755 0.215997 175 13 155
-0.421316 -0.899482 0.092315 74 13 139
0.246672 -0.894087 -0.350342 159 13 82
0.055979 -0.914451 0.434377 135 13 182
-0.331144 -0.905290 -0.279487 85 12 92
0.420086 -0.878883 -0.017076 182 12 125
-0.313543 -0.924580 0.311579 88 12 166
0.020106 -0.897355 -0.428287 130 12 73
0.274932 -0.899374 0.329931 163 12 170
-0.423781 -0.896083 -0.057322 73 12 120
0.358102 -0.914232 -0.248785 173 12 96
-0.095114 -0.906325 0.421410 115 12 181
-0.208006 -0.879313 -0.363590 100 12 80
0.419782 -0.925716 0.134247 180 12 144
-0.388003 -0.898003 0.178936 78 12 150
0.165359 -0.899236 -0.394338 149 12 77
0.144173 -0.898103 0.401723 146 12 179
-0.384124 -0.914004 -0.202229 79 12 102
0.416529 -0.907330 -0.109483 180 12 114
-0.225971 -0.879808 0.350896 98 12 173
-0.074116 -0.926781 -0.433084 118 12 74
0.336471 -0.898699 0.260961 171 12 161
-0.424299 -0.899071 0.034852 73 12 132
0.289492 -0.900142 -0.312492 165 12 87
-0.002412 -0.913772 0.432160 127 12 182
-0.288231 -0.908304 -0.318181 91 12 87
0.414064 -0.880372 0.038669 182 12 133
-0.349073 -0.927775 0.264548 84 12 160
0.076246 -0.899442 -0.417453 137 12 74
0.225486 -0.898883 0.358879 156 12 174
-0.409943 -0.902196 -0.112658 75 12 113
0.382903 -0.913540 -0.196160 176 12 103
-0.149041 -0.909242 0.401147 109 12 178
-0.155976 -0.881005 -0.383923 107 12 77
0.394371 -0.928696 0.187239 176 12 151
-0.404238 -0.900230 0.124320 76 12 143
0.213595 -0.898674 -0.363876 155 12 81
0.088791 -0.904261 0.414903 139 12 180
-0.348981 -0.913312 -0.248269 83 12 96
0.423297 -0.910142 -0.052453 181 12 121
-0.267886 -0.881709 0.314276 92 12 169
-0.015551 -0.929545 -0.434815 126 12 73
0.295646 -0.901061 0.300427 165 12 166
-0.419458 -0.898449 -0.021743 74 12 125
0.326623 -0.906331 -0.269486 169 12 93
-0.059208 -0.913091 0.422209 120 12 181
-0.240839 -0.911003 -0.350299 97 12 83
0.400996 -0.882484 0.092565 180 12 140
-0.377393 -0.930323 0.213466 81 12 154
0.129912 -0.901935 -0.399499 144 12 76
0.173239 -0.898212 0.380519 150 12 176
-0.388902 -0.908401 -0.165315 78 12 106
0.400150 -0.912883 -0.141409 178 12 110
-0.199182 -0.911821 0.373900 102 12 175
-0.102329 -0.883333 -0.397183 114 12 76
0.362083 -0.931029 0.235683 172 12 157
-0.413033 -0.902847 0.068613 75 12 136
0.256654 -0.897965 -0.327606 161 12 85
0.032472 -0.910469 0.420449 132 12 181
-0.308512 -0.912690 -0.288614 88 12 91
0.422136 -0.912595 0.004415 181 12 128
-0.304302 -0.884254 0.272968 88 12 163
0.042114 -0.931664 -0.428376 133 12 74
0.250427 -0.903798 0.333811 160 12 170
-0.407127 -0.897714 -0.076415 75 12 118
0.357401 -0.912528 -0.222133 173 12 99
-0.113415 -0.912516 0.404955 113 12 179
-0.189963 -0.913323 -0.375308 103 12 80
0.381251 -0.885248 0.143769 177 12 146
-0.398060 -0.932230 0.159462 78 12 147
0.180218 -0.904782 -0.374853 151 12 80
0.119273 -0.897461 0.394670 143 12 178
-0.361076 -0.914574 -0.214327 82 12 100
0.409770 -0.912365 -0.085604 180 12 117
-0.244611 -0.914003 0.340312 96 12 171
-0.047979 -0.886315 -0.403305 121 12 75
0.323720 -0.932728 0.278674 168 12 162
-0.414354 -0.905799 0.012795 74 12 129
0.293887 -0.897212 -0.286402 165 12 90
-0.023729 -0.916602 0.418290 124 12 180
-0.263625 -0.912240 -0.322712 94 12 86
0.413197 -0.914635 0.060001 180 12 135
-0.334737 -0.887454 0.227743 84 12 157
0.097713 -0.933160 -0.414071 140 11 76
0.201666 -0.906846 0.360626 153 11 174
-0.387782 -0.896971 -0.128197 77 11 111
0.381276 -0.918609 -0.171343 176 11 106
-0.164131 -0.912144 0.380946 107 11 176
-0.136671 -0.915216 -0.392834 110 11 78
0.355283 -0.888665 0.191495 174 11 153
-0.410819 -0.933527 0.103708 76 11 140
0.226338 -0.907918 -0.344043 156 11 84
0.064655 -0.896741 0.401312 136 11 179
-0.327023 -0.920589 -0.258782 86 11 95
0.411832 -0.912080 -0.029786 180 11 124
-0.284508 -0.915747 0.301164 91 11 166
0.006171 -0.889947 -0.402320 128 11 75
0.280208 -0.933831 0.315456 162 11 167
-0.408286 -0.909013 -0.042151 75 11 122
0.324793 -0.896527 -0.241194 170 11 96
-0.078738 -0.922538 0.408504 118 11 179
-0.215265 -0.912052 -0.350149 100 11 83
0.396803 -0.916227 0.113222 178 11 142
-0.358796 -0.891299 0.179412 81 11 151
0.150157 -0.934075 -0.392381 146 11 79
0.150274 -0.910128 0.380493 147 11 176
-0.362015 -0.896333 -0.176226 81 11 105
0.397826 -0.924453 -0.118112 178 11 113
-0.210561 -0.912062 0.350822 101 11 172
-0.082073 -0.916655 -0.402672 117 11 76
0.323624 -0.892718 0.235018 170 11 158
-0.415603 -0.934262 0.047387 76 11 133
0.267511 -0.911260 -0.307703 162 11 88
0.010414 -0.896163 0.400576 129 11 180
-0.287442 -0.926328 -0.297847 91 11 90
0.406535 -0.912112 0.025052 179 11 131
-0.318187 -0.917031 0.257350 87 11 160
0.059232 -0.894203 -0.394359 135 11 76
0.232567 -0.934395 0.345439 156 11 171
-0.395039 -0.912404 -0.095259 77 11 115
0.349019 -0.896021 -0.192947 173 11 102
-0.131492 -0.928161 0.391332 111 11 177
-0.164397 -0.912204 -0.370644 107 11 80
0.373438 -0.917356 0.163061 175 11 148
-0.376179 -0.895752 0.128823 79 11 144
0.198461 -0.934475 -0.363945 152 11 82
0.097210 -0.913558 0.393151 140 11 178
-0.330514 -0.895912 -0.219755 84 11 99
0.406780 -0.929947 -0.063502 178 11 120
-0.252017 -0.912341 0.315301 95 11 168
-0.027293 -0.917631 -0.404792 124 11 76
0.286882 -0.897362 0.273676 165 11 163
-0.412536 -0.934507 -0.008341 76 11 126
0.303061 -0.914717 -0.266564 166 11 94
-0.042482 -0.895839 0.392725 122 11 179
-0.243155 -0.931683 -0.330792 97 11 86
0.394195 -0.912524 0.077976 178 11 137
-0.345113 -0.917855 0.209856 84 11 154
0.110334 -0.899031 -0.379651 142 11 78
0.181878 -0.934494 0.368206 150 11 173
-0.374952 -0.915879 -0.145588 80 11 109
0.366358 -0.895806 -0.142630 175 11 109
-0.180960 -0.933365 0.367179 105 11 173
-0.111985 -0.912755 -0.384046 113 11 78
0.343737 -0.918030 0.208596 171 11 154
-0.386682 -0.900755 0.076851 77 11 137
0.241772 -0.934440 -0.329531 158 11 86
0.043465 -0.917039 0.398463 133 11 178
-0.294037 -0.895816 -0.258158 89 11 94
0.408026 -0.934991 -0.008616 178 11 126
-0.287921 -0.913035 0.275162 91 11 163
0.026565 -0.918158 -0.399341 131 11 77
0.245737 -0.902533 0.306879 159 11 167
-0.401912 -0.934348 -0.062372 77 11 120
0.332410 -0.918194 -0.221446 170 11 99
-0.093138 -0.895874 0.378140 115 11 177
-0.195100 -0.936558 -0.357017 103 11 83
0.375229 -0.913364 0.128121 176 11 144
-0.364915 -0.918240 0.159730 81 11 148
0.158635 -0.904360 -0.358523 148 11 81
0.129251 -0.934222 0.383523 144 11 176
-0.348486 -0.919340 -0.192243 83 10 103
0.376734 -0.895983 -0.091203 177 10 116
-0.226182 -0.938063 0.336607 99 10 169
-0.058984 -0.913745 -0.390322 120 10 78
0.308461 -0.918278 0.249026 167 10 159
-0.390203 -0.906232 0.024397 77 10 131
0.279380 -0.934065 -0.290015 163 10 91
-0.009950 -0.920473 0.396433 126 10 178
-0.253390 -0.896146 -0.290932 94 10 89
0.401631 -0.939503 0.045429 178 10 133
-0.317805 -0.914176 0.231229 87 10 157
0.078442 -0.918273 -0.386631 138 10 78
0.200942 -0.908146 0.334115 153 10 171
-0.384186 -0.933883 -0.113687 79 10 113
0.355093 -0.921591 -0.173251 173 10 105
-0.140743 -0.896365 0.357299 109 10 174
-0.144302 -0.940876 -0.376071 110 10 81
0.350146 -0.914658 0.174694 172 10 150
-0.377394 -0.918229 0.108051 79 10 141
0.203331 -0.910099 -0.331404 154 10 85
0.075792 -0.933679 0.391329 137 10 177
-0.316233 -0.922689 -0.234397 87 10 98
0.380194 -0.896645 -0.039596 177 10 122
-0.266287 -0.942181 0.300327 94 10 165
-0.006325 -0.915191 -0.389554 127 10 78
0.268478 -0.918148 0.283685 162 10 164
-0.386747 -0.912085 -0.027623 78 10 124
0.310732 -0.933457 -0.246345 167 10 97
-0.062026 -0.923765 0.387203 120 10 177
-0.209411 -0.896987 -0.317692 100 10 86
0.387835 -0.943416 0.097535 176 10 140
-0.341309 -0.915776 0.184359 84 10 151
0.127360 -0.918032 -0.367132 144 10 81
0.153314 -0.914101 0.354961 147 10 173
-0.359943 -0.933221 -0.161368 82 10 107
0.370775 -0.924814 -0.122944 175 10 112
-0.184574 -0.897393 0.330759 103 10 171
-0.091851 -0.944580 -0.387671 116 10 79
0.319536 -0.916410 0.216981 168 10 155
-0.382524 -0.917884 0.055898 79 10 135
0.243664 -0.916143 -0.298825 159 10 89
0.022575 -0.932975 0.391727 130 10 177
-0.278899 -0.925834 -0.271308 92 10 93
0.376897 -0.897867 0.011300 177 10 129
-0.300530 -0.945671 0.259181 90 10 160
0.045088 -0.917093 -0.381930 133 10 79
0.224731 -0.917708 0.312063 156 10 167
-0.376436 -0.918205 -0.078287 79 10 117
0.335436 -0.932725 -0.199515 170 10 102
-0.111776 -0.926822 0.371065 113 10 175
-0.162955 -0.898410 -0.338166 106 10 83
0.367050 -0.946690 0.146657 173 10 146
-0.358182 -0.917824 0.135437 82 10 145
0.172440 -0.917508 -0.341448 150 10 84
0.103730 -0.920284 0.369099 141 10 175
-0.329883 -0.932473 -0.204620 86 10 102
0.379264 -0.927775 -0.071538 176 10 118
-0.224001 -0.899023 0.299145 98 10 167
-0.038865 -0.947634 -0.391711 123 10 79
0.284061 -0.918602 0.254351 164 10 160
-0.380442 -0.917286 0.004321 79 10 128
0.278942 -0.922374 -0.261422 163 10 94
-0.029384 -0.932224 0.384972 124 10 176
-0.237299 -0.928689 -0.302340 97 10 89
0.367099 -0.899709 0.060643 176 10 135
-0.328311 -0.948506 0.214120 87 10 154
0.094392 -0.919425 -0.367743 140 10 80
0.178210 -0.917046 0.333809 150 10 170
-0.359513 -0.924471 -0.126685 82 10 111
0.353254 -0.931982 -0.150536 172 10 108
-0.158263 -0.929564 0.348453 107 10 172
-0.114878 -0.900467 -0.352192 112 10 81
0.339852 -0.949303 0.191829 170 10 151
-0.368280 -0.920291 0.085361 80 10 138
0.212925 -0.916792 -0.310295 155 10 88
0.053118 -0.926571 0.376322 134 10 175
-0.294789 -0.931751 -0.242776 90 10 97
0.380520 -0.930396 -0.020067 176 10 125
-0.258483 -0.901299 0.263135 94 9 162
0.013537 -0.950028 -0.388268 129 9 79
0.244449 -0.921198 0.286259 159 9 164
-0.371439 -0.916528 -0.045688 80 9 122
0.308552 -0.928668 -0.219925 167 9 100
-0.079143 -0.931535 0.371453 117 9 175
-0.192336 -0.931184 -0.326987 103 9 86
0.351146 -0.902206 0.107647 173 9 142
-0.349192 -0.950681 0.166174 84 9 148
0.140768 -0.922144 -0.347384 146 9 83
0.129922 -0.916258 0.348730 144 9 172
-0.336351 -0.930757 -0.171930 85 9 106
0.364101 -0.931338 -0.100412 174 9 115
-0.200623 -0.931924 0.319944 102 9 168
-0.066033 -0.903186 -0.359706 119 9 80
0.306959 -0.951262 0.232197 166 9 156
-0.371569 -0.923125 0.035037 80 9 132
0.248190 -0.915986 -0.274475 160 9 92
0.002440 -0.932835 0.376556 128 9 175
-0.255503 -0.931162 -0.275306 95 9 93
0.374662 -0.932617 0.030436 175 9 131
-0.287570 -0.904242 0.223448 90 9 157
0.064271 -0.951774 -0.377594 135 9 81
0.201485 -0.924141 0.312255 153 9 167
-0.355941 -0.915716 -0.093216 82 9 115
0.331984 -0.934895 -0.175160 170 9 105
-0.125853 -0.931013 0.351669 112 9 172
-0.144986 -0.933260 -0.344885 109 9 84
0.329461 -0.905371 0.151580 171 9 147
-0.362910 -0.952217 0.116418 82 9 142
0.183451 -0.925186 -0.321339 151 9 86
0.080866 -0.915453 0.356789 138 9 174
-0.307450 -0.936935 -0.213186 89 9 101
0.368030 -0.930893 -0.050118 174 9 121
-0.238088 -0.933853 0.286239 97 9 164
-0.017260 -0.906574 -0.360744 125 9 80
0.269209 -0.952594 0.267043 161 9 161
-0.368127 -0.926260 -0.014633 80 9 126
0.277752 -0.915201 -0.234851 163 9 97
-0.047327 -0.938949 0.369861 122 9 174
-0.212908 -0.930805 -0.301811 100 9 89
0.361967 -0.934394 0.078970 173 9 138
-0.310903 -0.907850 0.180840 87 9 151
0.112320 -0.952906 -0.360112 141 9 83
0.156006 -0.927357 0.331989 147 9 170
-0.334489 -0.914964 -0.137446 84 9 110
0.348842 -0.940932 -0.128030 171 9 111
-0.168760 -0.930752 0.326214 106 9 169
-0.096264 -0.934882 -0.355825 115 9 82
0.302542 -0.909196 0.191773 167 9 153
-0.369380 -0.953157 0.065948 82 9 136
0.221745 -0.928476 -0.290188 156 9 90
0.032005 -0.914746 0.358096 132 9 174
-0.273436 -0.942881 -0.249686 93 9 96
0.365220 -0.930737 -0.000585 174 9 127
-0.270013 -0.935319 0.248150 93 9 159
0.030620 -0.910613 -0.355431 131 9 81
0.227536 -0.953348 0.295799 156 9 164
-0.358146 -0.929612 -0.062760 82 9 119
0.301270 -0.914552 -0.192321 167 9 103
-0.095208 -0.944791 0.356445 116 9 172
-0.167903 -0.930763 -0.322025 106 9 86
0.342863 -0.935702 0.124591 171 9 143
-0.328209 -0.912097 0.136095 85 9 145
0.156762 -0.953482 -0.336393 147 9 86
0.108890 -0.930763 0.345221 141 9 172
-0.307718 -0.914385 -0.177671 88 9 104
0.358868 -0.946659 -0.079499 173 9 118
-0.207221 -0.930831 0.295756 101 9 165
-0.047206 -0.936033 -0.359763 122 9 82
0.270957 -0.913646 0.227622 163 9 157
-0.368695 -0.953563 0.015838 82 9 129
0.255029 -0.931924 -0.254601 160 9 95
-0.015752 -0.914250 0.352886 125 9 173
-0.235052 -0.948480 -0.280756 98 9 92
0.355963 -0.930944 0.047314 173 9 134
-0.295889 -0.936312 0.206575 90 9 154
0.076808 -0.915259 -0.343988 137 9 83
0.182933 -0.953594 0.318061 150 9 167
-0.341933 -0.933091 -0.108483 84 8 114
0.318539 -0.914152 -0.147792 169 8 108
-0.140264 -0.950250 0.336667 110 8 170
-0.121389 -0.931104 -0.335804 112 8 85
0.317922 -0.936540 0.166442 168 8 149
-0.339309 -0.916933 0.090022 83 8 139
0.196791 -0.953578 -0.307135 152 8 89
0.061045 -0.934262 0.351827 135 8 172
-0.276333 -0.914093 -0.213301 91 8 100
0.361950 -0.951967 -0.030570 173 8 124
-0.240695 -0.931313 0.261022 97 8 161
0.001169 -0.936718 -0.356816 128 8 82
0.235336 -0.918664 0.258590 158 8 161
-0.361110 -0.953519 -0.032885 82 8 123
0.282772 -0.935432 -0.215329 164 8 100
-0.061564 -0.914078 0.341512 119 8 172
-0.193146 -0.953627 -0.305840 103 8 89
0.340649 -0.931571 0.092772 171 8 139
-0.315359 -0.936847 0.162476 87 8 148
0.120534 -0.920450 -0.326723 143 8 85
0.136425 -0.953420 0.333595 145 8 169
-0.319911 -0.936598 -0.150985 87 8 108
0.329487 -0.914110 -0.102162 170 8 114
-0.181612 -0.955228 0.311029 105 8 166
-0.074256 -0.931879 -0.343121 118 8 84
0.287834 -0.936928 0.203771 164 8 153
-0.344121 -0.922287 0.043447 83 8 133
0.231738 -0.953285 -0.273140 157 8 93
0.013393 -0.937756 0.351807 129 8 172
-0.241090 -0.914193 -0.243862 96 8 96
0.358138 -0.956765 0.017737 172 8 130
-0.268751 -0.932239 0.222780 93 8 156
0.047883 -0.936964 -0.347261 134 8 83
0.196372 -0.924171 0.284218 153 8 164
-0.347032 -0.953119 -0.079267 84 8 118
0.304553 -0.938902 -0.173192 166 8 105
-0.104671 -0.914330 0.324419 114 8 170
-0.148648 -0.958237 -0.324520 109 8 87
0.319758 -0.932652 0.135054 168 8 145
-0.328228 -0.936956 0.116843 86 8 142
0.161067 -0.926100 -0.304037 148 8 88
0.089038 -0.952925 0.342331 139 8 170
-0.292620 -0.940033 -0.189511 90 8 103
0.334158 -0.914525 -0.056301 171 8 120
-0.218453 -0.959642 0.280172 100 8 162
-0.027369 -0.933116 -0.344059 124 8 83
0.253391 -0.936907 0.235957 160 8 158
-0.342659 -0.928068 -0.002795 83 8 127
0.261080 -0.952708 -0.235283 160 8 98
-0.033143 -0.941145 0.345293 123 8 171
-0.202773 -0.914780 -0.268997 101 8 92
0.347640 -0.960978 0.064421 171 8 136
-0.291062 -0.933632 0.181832 90 8 151
0.092025 -0.936820 -0.331519 139 8 85
0.154818 -0.930072 0.304132 147 8 167
-0.326999 -0.952471 -0.122451 86 8 112
0.320065 -0.942234 -0.129073 168 8 111
-0.144402 -0.915098 0.302136 109 8 167
-0.102548 -0.962242 -0.336527 115 8 86
0.293843 -0.934201 0.173504 165 8 150
-0.334460 -0.936696 0.070676 85 8 137
0.197726 -0.932108 -0.276426 153 8 92
0.041771 -0.952219 0.344357 133 8 171
-0.260705 -0.943298 -0.223384 94 8 99
0.332708 -0.915481 -0.011041 171 8 126
-0.250102 -0.963434 0.244858 96 8 158
0.018437 -0.934820 -0.338802 130 8 84
0.215462 -0.936540 0.262518 155 8 161
-0.335046 -0.934170 -0.047865 85 8 121
0.284443 -0.951957 -0.194485 163 8 103
-0.077668 -0.944332 0.332552 118 8 170
-0.162183 -0.915933 -0.288460 106 8 90
0.330827 -0.964552 0.108523 169 8 141
-0.307405 -0.935490 0.138998 88 8 145
0.132779 -0.936353 -0.310142 145 8 88
0.111476 -0.936255 0.318052 142 8 168
-0.301656 -0.951687 -0.161695 89 8 107
0.329135 -0.945335 -0.083894 169 8 117
-0.180174 -0.916454 0.275251 104 7 164
-0.055869 -0.965596 -0.341757 121 7 85
0.263524 -0.936209 0.207548 161 7 154
-0.334174 -0.936141 0.024943 85 7 131
0.229889 -0.938358 -0.244473 157 7 96
-0.004431 -0.951416 0.339906 127 7 170
-0.224908 -0.946302 -0.252029 99 7 96
0.325387 -0.917047 0.032835 170 7 132
-0.276004 -0.966566 0.205951 93 7 153
0.062368 -0.936977 -0.327634 135 7 85
0.174959 -0.935906 0.283125 150 7 164
-0.321516 -0.940473 -0.090940 86 7 116
0.301607 -0.951147 -0.151685 166 7 108
-0.119327 -0.947232 0.313983 112 7 167
-0.120123 -0.917713 -0.302111 112 7 88
0.308218 -0.967460 0.149161 166 7 146
-0.317664 -0.937790 0.095109 87 7 140
0.169441 -0.935651 -0.283789 149 7 91
0.067188 -0.942597 0.325804 136 7 169
-0.271729 -0.950883 -0.196378 93 7 103
0.331730 -0.948121 -0.038598 170 7 123
-0.211493 -0.918453 0.244404 100 7 160
-0.009631 -0.968279 -0.340276 126 7 85
0.229482 -0.938648 0.236696 157 7 158
-0.327637 -0.935381 -0.019433 85 7 125
0.257012 -0.944725 -0.208852 160 7 101
-0.048690 -0.950630 0.329338 121 7 169
-0.186055 -0.948967 -0.274984 104 7 93
0.312530 -0.919269 0.074601 168 7 137
-0.295754 -0.969023 0.164391 91 7 148
0.103679 -0.939549 -0.310929 141 7 88
0.132818 -0.935100 0.297595 145 7 166
-0.302419 -0.946851 -0.131222 89 7 111
0.312492 -0.950391 -0.107818 167 7 114
-0.157334 -0.949768 0.290112 108 7 164
-0.077386 -0.920160 -0.309910 117 7 87
0.280468 -0.969693 0.185549 162 7 151
-0.321824 -0.940489 0.050999 86 7 134
0.201430 -0.934812 -0.253205 153 7 95
0.022828 -0.948971 0.327334 130 7 169
-0.238008 -0.950170 -0.226007 97 7 99
0.327961 -0.950523 0.005875 169 7 128
-0.237958 -0.921127 0.210276 96 7 155
0.035173 -0.970291 -0.332313 132 7 86
0.192449 -0.941467 0.260551 152 7 161
-0.315244 -0.934521 -0.061605 87 7 120
0.278642 -0.951080 -0.170317 163 7 106
-0.090219 -0.949971 0.313126 116 7 167
-0.145035 -0.951228 -0.291924 109 7 90
0.294548 -0.922170 0.113588 166 7 142
-0.309112 -0.970817 0.121163 89 7 143
0.141678 -0.942480 -0.289149 146 7 90
0.089963 -0.934231 0.305898 139 7 167
-0.278219 -0.953173 -0.167962 92 7 106
0.317156 -0.949797 -0.063793 168 7 119
-0.190994 -0.951883 0.261582 103 7 161
-0.034751 -0.923289 -0.311910 123 7 87
0.248344 -0.971273 0.217030 158 7 154
-0.319976 -0.943525 0.007494 87 7 128
0.228300 -0.933947 -0.219192 157 7 99
-0.020721 -0.955246 0.322711 125 7 168
-0.201315 -0.949652 -0.250221 102 7 96
0.318086 -0.952487 0.048613 168 7 134
-0.259255 -0.924483 0.173575 94 7 150
0.077610 -0.971660 -0.318253 137 7 88
0.153197 -0.944599 0.278810 147 7 163
-0.297503 -0.933672 -0.100817 89 7 114
0.294437 -0.957293 -0.129689 165 7 111
-0.128322 -0.949539 0.291829 111 7 165
-0.102777 -0.953039 -0.302663 114 7 89
0.271923 -0.925751 0.149191 163 7 147
-0.316000 -0.971981 0.077271 88 7 137
0.175739 -0.945699 -0.262843 150 7 94
0.047291 -0.933412 0.308139 134 7 167
-0.249496 -0.959311 -0.200474 96 7 102
0.315777 -0.949462 -0.020474 168 7 125
-0.219722 -0.953537 0.229140 100 7 157
0.007026 -0.927092 -0.308252 128 7 87
0.212703 -0.972239 0.243084 154 7 158
-0.312316 -0.946821 -0.034598 88 6 123
0.249740 -0.933170 -0.182587 160 6 104
-0.062581 -0.961294 0.312141 120 6 167
-0.162495 -0.949422 -0.268784 107 6 93
0.302504 -0.953982 0.088759 166 6 139
-0.275159 -0.928504 0.135037 92 6 145
0.116837 -0.972435 -0.298624 142 6 90
0.112536 -0.947961 0.291277 142 6 165
-0.275010 -0.932951 -0.136417 92 6 110
0.304179 -0.963239 -0.087847 166 6 116
-0.162410 -0.949423 0.266082 107 6 161
-0.060227 -0.954373 -0.307169 120 6 89
0.245196 -0.929986 0.180870 159 6 151
-0.316506 -0.972573 0.033700 88 6 132
0.205314 -0.949117 -0.232638 154 6 98
0.005647 -0.932760 0.304549 128 6 167
-0.216933 -0.965142 -0.228165 100 6 99
0.308643 -0.949467 0.021330 167 6 130
-0.243062 -0.954711 0.193610 97 6 152
0.047217 -0.931536 -0.299168 134 6 89
0.174460 -0.972655 0.263347 149 6 160
-0.299149 -0.950285 -0.074500 89 6 118
0.265572 -0.932600 -0.144241 162 6 109
-0.101907 -0.966998 0.295962 115 6 165
-0.122390 -0.949557 -0.281580 112 6 92
0.281744 -0.954995 0.125531 163 6 143
-0.285535 -0.933150 0.095410 90 6 140
0.152116 -0.972685 -0.274075 146 6 93
0.071297 -0.951461 0.297861 137 6 165
-0.248433 -0.932475 -0.167863 95 6 106
0.307785 -0.968803 -0.045701 166 6 122
-0.191997 -0.949693 0.236573 103 6 158
-0.018315 -0.955227 -0.305561 125 6 89
0.214970 -0.934828 0.208157 155 6 155
-0.310876 -0.972667 -0.008604 89 6 126
0.229942 -0.952640 -0.199231 157 6 102
-0.034191 -0.932390 0.295470 123 6 166
-0.181307 -0.970555 -0.250544 105 6 96
0.296139 -0.949879 0.060877 165 6 135
-0.260698 -0.955408 0.155875 94 6 147
0.085126 -0.936565 -0.284970 139 6 91
0.134563 -0.972603 0.277610 144 6 162
-0.280884 -0.953820 -0.111479 92 6 113
0.275743 -0.932349 -0.104992 163 6 114
-0.137911 -0.972250 0.274647 110 6 162
-0.081827 -0.950114 -0.288608 117 6 91
0.256449 -0.955538 0.158253 160 6 148
-0.290337 -0.938358 0.055457 90 6 135
0.182838 -0.972498 -0.245350 150 6 97
0.030321 -0.954997 0.298593 131 6 166
-0.218487 -0.932355 -0.194730 99 6 102
0.305321 -0.973884 -0.004171 166 6 127
-0.216702 -0.950402 0.204030 100 6 154
0.022063 -0.955620 -0.298105 130 6 90
0.181898 -0.940205 0.230659 151 6 157
-0.299495 -0.972356 -0.048767 90 6 121
0.249260 -0.956167 -0.163384 159 6 107
-0.071523 -0.932412 0.281338 118 6 164
-0.143470 -0.975455 -0.267252 110 6 94
0.278731 -0.950741 0.097498 163 6 140
-0.272464 -0.955654 0.116850 93 6 142
0.120102 -0.942101 -0.266059 143 6 93
0.093959 -0.972180 0.285823 139 6 163
-0.258034 -0.957325 -0.144864 95 6 109
0.280320 -0.932524 -0.065654 164 6 119
-0.169882 -0.976960 0.248795 106 6 159
-0.041611 -0.951134 -0.289974 122 6 90
0.227357 -0.955644 0.186365 156 6 151
-0.289619 -0.944043 0.015942 90 6 130
0.208534 -0.971975 -0.213267 154 6 101
-0.009560 -0.958469 0.293619 126 6 165
-0.185917 -0.932693 -0.216703 103 6 99
0.296997 -0.978397 0.035837 165 6 132
-0.236248 -0.951579 0.169211 97 6 149
0.060080 -0.955591 -0.285203 135 6 91
0.146685 -0.946026 0.248067 146 6 159
-0.282876 -0.971745 -0.086006 92 6 117
0.263020 -0.959594 -0.125910 161 6 111
-0.105734 -0.932923 0.262666 114 5 162
-0.104327 -0.979763 -0.278069 115 5 93
0.256960 -0.952078 0.130603 160 5 144
-0.278345 -0.955497 0.077452 92 5 137
0.151543 -0.948047 -0.242916 147 5 96
0.053572 -0.971494 0.288085 134 5 164
-0.231209 -0.960698 -0.174061 98 5 105
0.279471 -0.933217 -0.027002 164 5 124
-0.197214 -0.981058 0.219113 103 5 155
-0.002511 -0.952630 -0.285881 127 5 91
0.195274 -0.955367 0.209439 152 5 154
-0.283530 -0.950101 -0.022376 91 5 125
0.228874 -0.971227 -0.178687 156 5 105
-0.047535 -0.961776 0.283213 121 5 163
-0.151482 -0.933577 -0.233579 108 5 97
0.283174 -0.982279 0.073463 163 5 137
-0.250464 -0.953235 0.132888 95 5 145
0.094994 -0.955202 -0.267381 140 5 93
0.110076 -0.952184 0.260165 142 5 161
-0.261630 -0.970948 -0.119643 95 5 112
0.271095 -0.962825 -0.087654 162 5 116
-0.136299 -0.934005 0.240028 110 5 159
-0.064810 -0.983425 -0.282926 119 5 92
0.231427 -0.953891 0.159683 157 5 148
-0.278473 -0.955006 0.038576 92 5 132
0.178912 -0.954291 -0.216105 150 5 100
0.014276 -0.970660 0.284635 129 5 163
-0.201106 -0.963842 -0.198570 102 5 102
0.273464 -0.934505 0.010239 163 5 129
-0.219427 -0.984495 0.186404 100 5 151
0.034749 -0.954597 -0.276627 132 5 92
0.161053 -0.954782 0.227191 148 5 157
-0.272325 -0.956418 -0.058756 93 5 120
0.243677 -0.970370 -0.142489 158 5 110
-0.082842 -0.964825 0.267769 117 5 161
-0.115942 -0.935077 -0.245262 112 5 95
0.264349 -0.985489 0.107914 160 5 141
-0.259279 -0.955353 0.095837 94 5 140
0.126168 -0.954534 -0.245266 144 5 96
0.072850 -0.958558 0.266837 137 5 162
-0.236454 -0.970080 -0.149119 98 5 109
0.273488 -0.965769 -0.049478 162 5 121
-0.162784 -0.935723 0.214048 106 5 156
-0.025850 -0.986407 -0.281911 124 5 92
0.202788 -0.956157 0.184319 153 5 151
-0.273118 -0.954265 0.001066 92 5 128
0.201746 -0.960709 -0.186269 153 5 104
-0.023123 -0.969795 0.275834 125 5 162
-0.168495 -0.966673 -0.218004 106 5 100
0.262648 -0.936444 0.045402 162 5 133
-0.236179 -0.987248 0.151536 98 5 146
0.069494 -0.957007 -0.262600 136 5 94
0.125566 -0.953980 0.239480 144 5 158
-0.256365 -0.962864 -0.092491 95 5 116
0.252896 -0.969520 -0.105549 160 5 114
-0.114783 -0.967534 0.247799 113 5 159
-0.080045 -0.937242 -0.251751 117 5 95
0.241146 -0.988013 0.138494 157 5 145
-0.262722 -0.957900 0.058835 94 5 135
0.153085 -0.953683 -0.219565 147 5 99
0.035804 -0.965020 0.268079 132 5 162
-0.208100 -0.969258 -0.174002 101 5 105
0.270341 -0.968349 -0.012237 162 5 126
-0.184844 -0.938117 0.185387 103 5 152
0.011652 -0.988702 -0.275266 129 5 93
0.171743 -0.958835 0.204179 150 5 154
-0.262673 -0.953376 -0.034299 94 5 123
0.219674 -0.967170 -0.154120 155 5 108
-0.057900 -0.969014 0.262149 120 5 161
-0.134203 -0.969117 -0.232098 110 5 98
0.247446 -0.939069 0.077879 160 5 138
-0.247281 -0.989317 0.115424 97 5 142
0.101108 -0.959809 -0.244266 140 5 96
0.089678 -0.953066 0.246303 139 5 159
-0.236115 -0.969310 -0.122921 98 5 112
0.256618 -0.968791 -0.068716 160 5 119
-0.142747 -0.969836 0.223921 109 5 156
-0.044523 -0.940099 -0.253140 122 5 94
0.214291 -0.989858 0.164625 154 5 148
-0.260926 -0.960819 0.022643 94 4 130
0.175354 -0.952756 -0.191043 150 4 103
-0.000257 -0.971435 0.264006 127 4 161
-0.177354 -0.968592 -0.193980 105 4 103
0.261927 -0.970504 0.023244 161 4 130
-0.202227 -0.941206 0.154731 101 4 148
0.046853 -0.990327 -0.263379 133 4 95
0.139029 -0.961863 0.219030 145 4 156
-0.247639 -0.952450 -0.066829 95 4 119
0.232430 -0.973541 -0.120428 157 4 112
-0.089428 -0.968423 0.244136 116 4 159
-0.099093 -0.971120 -0.240724 115 4 97
0.228349 -0.942390 0.107129 157 4 142
-0.252698 -0.990726 0.078991 96 4 137
0.129043 -0.962936 -0.222173 144 4 99
0.054224 -0.952154 0.247793 135 4 160
-0.212144 -0.975622 -0.149454 101 4 109
0.255047 -0.968285 -0.032798 160 4 123
-0.166230 -0.971682 0.196845 106 4 152
-0.010079 -0.943650 -0.249613 126 4 95
0.184595 -0.991057 0.185860 150 4 151
-0.254124 -0.964037 -0.011999 95 4 126
0.192714 -0.951871 -0.160500 152 4 107
-0.034543 -0.977673 0.254854 123 4 160
-0.145024 -0.968182 -0.208870 109 4 101
0.248654 -0.972191 0.056193 159 4 135
-0.214768 -0.944984 0.122789 99 4 144
0.078991 -0.991322 -0.246770 137 4 97
0.105412 -0.965162 0.228738 141 4 157
-0.228604 -0.951605 -0.095934 98 4 115
0.239865 -0.979692 -0.086011 158 4 117
-0.117175 -0.968117 0.222421 113 4 156
-0.064036 -0.972645 -0.243895 119 4 97
0.205907 -0.946392 0.132680 154 4 145
-0.252551 -0.991524 0.043150 96 4 133
0.152828 -0.966306 -0.196940 147 4 102
0.019992 -0.951362 0.244204 130 4 159
-0.185116 -0.981672 -0.171585 104 4 106
0.248497 -0.968094 0.001454 159 4 128
-0.184849 -0.973044 0.167357 104 4 149
0.022614 -0.947872 -0.241439 130 4 96
0.152922 -0.991666 0.201896 147 4 153
-0.242650 -0.967468 -0.044387 97 4 122
0.205034 -0.951146 -0.128747 154 4 111
-0.066298 -0.983609 0.240990 119 4 158
-0.111915 -0.968113 -0.218604 113 4 100
0.231047 -0.973389 0.085914 157 4 138
-0.222395 -0.949420 0.090282 99 4 139
0.107410 -0.991750 -0.226073 141 4 99
0.071673 -0.968642 0.233276 137 4 157
-0.206227 -0.950960 -0.121130 101 4 112
0.241963 -0.985501 -0.051712 158 4 121
-0.140717 -0.968178 0.197687 110 4 153
-0.029892 -0.973679 -0.241767 124 4 97
0.180725 -0.951036 0.154133 151 4 148
-0.247111 -0.991781 0.008770 97 4 129
0.172081 -0.969825 -0.169251 149 4 106
-0.012292 -0.950810 0.235896 126 4 158
-0.155779 -0.987342 -0.188912 108 4 104
0.237373 -0.968291 0.033354 158 4 132
-0.198354 -0.973916 0.136294 102 4 145
0.052920 -0.952717 -0.228970 134 4 98
0.120168 -0.991760 0.212584 143 4 154
-0.226939 -0.971014 -0.073866 99 4 118
0.212304 -0.950699 -0.096586 155 4 115
-0.094822 -0.989129 0.222900 116 4 155
-0.078818 -0.968453 -0.223229 117 4 99
0.209741 -0.974100 0.111806 154 4 142
-0.225125 -0.954459 0.057935 98 4 135
0.131572 -0.991693 -0.202016 144 4 102
0.038596 -0.972203 0.232732 132 4 157
-0.181212 -0.950631 -0.142045 104 4 109
0.238840 -0.990858 -0.018381 157 4 125
-0.159732 -0.968666 0.170652 107 4 149
0.002518 -0.974232 -0.234634 128 4 98
0.153458 -0.956259 0.171167 147 4 150
-0.236781 -0.991583 -0.023343 98 4 125
0.186517 -0.973391 -0.139847 151 4 110
-0.041979 -0.950611 0.223324 122 3 157
-0.124947 -0.992527 -0.201156 112 3 102
0.222165 -0.968932 0.062286 156 3 135
-0.206639 -0.974315 0.104520 101 3 141
0.080252 -0.958114 -0.212640 138 3 100
0.087229 -0.991433 0.217920 138 3 155
-0.207523 -0.974572 -0.099840 101 3 115
0.214630 -0.950642 -0.064800 156 3 119
-0.119494 -0.994131 0.201187 113 3 153
-0.046501 -0.969250 -0.222896 122 3 99
0.185460 -0.974349 0.133382 151 3 144
-0.223073 -0.960021 0.026476 99 3 131
0.151072 -0.991249 -0.175395 146 3 106
0.006957 -0.975742 0.227306 128 3 156
-0.154297 -0.950727 -0.158416 107 3 107
0.230756 -0.995670 0.013153 156 3 129
-0.174003 -0.969622 0.142065 105 3 146
0.032433 -0.974336 -0.222922 132 3 99
0.124806 -0.961976 0.183548 144 3 151
-0.222086 -0.991033 -0.052472 100 3 121
0.195962 -0.976899 -0.109514 152 3 114
-0.068501 -0.950871 0.207019 119 3 155
-0.093483 -0.997139 -0.208172 116 3 102
0.203436 -0.970049 0.087716 154 3 139
-0.209736 -0.974279 0.072906 101 3 137
0.104074 -0.963974 -0.192964 141 3 103
0.054981 -0.990791 0.218045 134 3 155
-0.185022 -0.978038 -0.121793 104 3 112
0.212223 -0.951076 -0.034132 155 3 123
-0.139794 -0.998537 0.176559 110 3 149
-0.015697 -0.970530 -0.217855 125 3 100
0.158992 -0.974181 0.150281 148 3 147
-0.216451 -0.966011 -0.003379 100 3 127
0.165639 -0.990527 -0.147050 148 3 109
-0.022496 -0.979155 0.217319 125 3 155
-0.126237 -0.951344 -0.170088 111 3 105
0.218109 -0.999863 0.042101 155 3 133
-0.183414 -0.971065 0.112691 104 3 142
0.059174 -0.974044 -0.207169 135 3 101
0.095508 -0.968083 0.191131 140 3 152
-0.203649 -0.990244 -0.077996 102 3 118
0.200357 -0.980248 -0.079067 153 3 117
-0.091375 -0.951680 0.187580 116 3 152
-0.062273 -1.001113 -0.209959 120 3 101
0.181810 -0.971653 0.109189 151 3 141
-0.207822 -0.973871 0.042300 101 3 133
0.123916 -0.970186 -0.170536 143 3 106
0.024254 -0.989948 0.213233 131 3 154
-0.160142 -0.981312 -0.139300 107 3 110
0.205388 -0.952085 -0.005284 154 3 127
-0.155317 -1.002288 0.149809 108 3 146
0.012902 -0.972295 -0.208452 129 3 101
0.131173 -0.973666 0.162273 144 3 148
-0.205570 -0.972314 -0.030933 101 3 124
0.175139 -0.989643 -0.117843 150 3 113
-0.049059 -0.982344 0.203206 121 3 153
-0.097793 -0.952562 -0.177010 115 3 104
0.201426 -1.003385 0.067742 153 3 136
-0.187949 -0.972989 0.083303 103 3 138
0.082158 -0.973431 -0.188017 138 3 103
0.066333 -0.974464 0.193873 136 3 152
-0.182175 -0.989334 -0.099406 105 3 115
0.199772 -0.983342 -0.049338 153 3 121
-0.110205 -0.953112 0.165652 113 3 149
-0.032204 -1.004405 -0.206662 123 3 102
0.157967 -0.973733 0.126331 148 3 144
-0.201200 -0.973171 0.013511 102 3 129
0.139380 -0.976629 -0.146026 145 3 109
-0.004177 -0.989024 0.203876 127 3 153
-0.133657 -0.984301 -0.152041 111 3 108
0.194516 -0.953737 0.021095 153 3 130
-0.165792 -1.005347 0.121799 107 3 143
0.038652 -0.974526 -0.195117 132 3 102
0.102862 -0.972888 0.169263 141 3 149
-0.190848 -0.978806 -0.055520 103 3 120
0.179570 -0.988718 -0.088639 150 3 116
-0.072090 -0.985220 0.185514 118 3 151
-0.069720 -0.954439 -0.179226 118 3 104
0.181354 -1.006211 0.089440 150 2 139
-0.187694 -0.975366 0.054675 103 2 135
0.100911 -0.972588 -0.166185 140 2 106
0.038073 -0.980989 0.191840 132 2 152
-0.158430 -0.988421 -0.116304 107 2 113
0.194401 -0.986096 -0.021152 152 2 125
-0.124679 -0.955219 0.141928 111 2 146
-0.004139 -1.006997 -0.198571 127 2 103
0.132634 -0.976252 0.138860 144 2 145
-0.190295 -0.972274 -0.012711 103 2 126
0.150158 -0.983173 -0.120174 147 2 112
-0.029612 -0.988136 0.190474 124 2 152
-0.106400 -0.986926 -0.159810 114 2 107
0.180074 -0.956077 0.044405 151 2 133
-0.171084 -1.007706 0.093432 106 2 139
0.060957 -0.977181 -0.178366 135 2 105
0.074919 -0.971951 0.171285 137 2 150
-0.172806 -0.985353 -0.076517 106 2 118
0.179050 -0.987868 -0.060287 150 2 120
-0.091024 -0.987708 0.164896 116 2 148
-0.042767 -0.957013 -0.176870 122 2 104
0.158643 -1.008338 0.106662 147 2 141
-0.182830 -0.978150 0.027578 104 2 131
0.115068 -0.971622 -0.142453 142 2 109
0.011530 -0.987524 0.185207 129 2 151
-0.133221 -0.987621 -0.128406 111 2 111
0.184567 -0.988440 0.004683 151 2 128
-0.134565 -0.958029 0.117136 110 2 143
0.021103 -1.008896 -0.186114 130 2 104
0.106584 -0.979157 0.146575 141 2 146
-0.175633 -0.971292 -0.035683 105 2 123
0.156034 -0.989681 -0.093784 147 2 116
-0.051425 -0.987398 0.173609 121 2 150
-0.079241 -0.989121 -0.162524 117 2 107
0.162599 -0.959124 0.064100 149 2 136
-0.171201 -1.009379 0.065638 106 2 136
0.079279 -0.980198 -0.158794 138 2 107
0.048191 -0.970965 0.168493 134 2 149
-0.152066 -0.991820 -0.093356 108 2 116
0.173808 -0.987204 -0.033614 150 2 123
-0.105381 -0.989749 0.142093 114 2 146
-0.017675 -0.960297 -0.170162 125 2 105
0.134127 -1.009790 0.118989 144 2 142
-0.173634 -0.981271 0.002772 105 2 128
0.124376 -0.970647 -0.117645 144 2 112
-0.012494 -0.993934 0.174269 126 2 150
-0.107386 -0.987041 -0.135530 114 2 110
0.170715 -0.990323 0.027394 149 2 131
-0.139707 -0.961548 0.092035 109 2 140
0.042762 -1.010132 -0.169842 133 2 106
0.080627 -0.982373 0.149364 138 2 147
-0.157827 -0.970341 -0.054799 107 2 120
0.156896 -0.996020 -0.067716 147 2 119
-0.069063 -0.986913 0.153939 119 2 147
-0.053080 -0.990843 -0.160224 121 2 107
0.142693 -0.962875 0.079678 146 2 138
-0.166284 -1.010406 0.039350 107 2 132
0.093134 -0.983500 -0.137073 139 2 110
0.023504 -0.970051 0.161147 131 2 148
-0.129348 -0.998073 -0.105529 111 2 114
0.164167 -0.986823 -0.009416 148 2 126
-0.114779 -0.991307 0.117927 113 2 142
0.004822 -0.964278 -0.159397 128 2 107
0.108702 -1.010614 0.126114 141 2 143
-0.160475 -0.984648 -0.018989 107 2 125
0.128676 -0.969784 -0.092613 144 2 115
-0.033203 -1.000089 0.159435 123 2 148
-0.081784 -0.986774 -0.137584 117 2 110
0.153399 -0.991715 0.046254 147 2 133
-0.140016 -0.965754 0.067424 109 2 136
0.060146 -1.010761 -0.150413 135 2 109
0.055614 -0.985814 0.147198 135 2 146
-0.137557 -0.969542 -0.069517 110 2 118
0.152734 -1.002062 -0.042879 147 2 122
-0.082038 -0.986769 0.132180 117 2 144
-0.028827 -0.992067 -0.153059 124 2 108
0.121022 -0.967301 0.090673 143 2 139
-0.156593 -1.010848 0.015494 108 2 129
0.102084 -0.986995 -0.113946 141 2 113
0.001658 -0.969331 0.149590 128 1 147
-0.105464 -1.003989 -0.112593 114 1 113
0.150525 -0.986809 0.011530 147 1 129
-0.118920 -0.992364 0.093285 112 1 139
0.023984 -0.968917 -0.144941 131 1 109
0.083318 -1.010879 0.127827 138 1 143
-0.143807 -0.988185 -0.036954 109 1 123
0.127888 -0.969155 -0.068231 144 1 119
-0.049806 -1.005865 0.141219 121 1 145
-0.057292 -0.986898 -0.134544 120 1 110
0.133267 -0.992606 0.060572 144 1 135
-0.135449 -0.970599 0.044140 110 1 133
0.072615 -1.010858 -0.128567 137 1 111
0.032436 -0.989382 0.140113 132 1 145
-0.115554 -0.969018 -0.079339 112 1 117
0.143624 -1.007687 -0.020233 145 1 125
-0.089896 -0.987036 0.109095 116 1 141
-0.007412 -0.992794 -0.141275 127 1 110
0.098314 -0.972345 0.096628 140 1 140
-0.142476 -1.010788 -0.005006 110 1 127
0.105720 -0.990581 -0.090229 141 1 116
-0.016547 -0.968924 0.134221 125 1 145
-0.081313 -1.009452 -0.114147 117 1 113
0.133327 -0.987226 0.028445 145 1 131
-0.117566 -0.992929 0.069110 113 1 136
0.039035 -0.974152 -0.127209 133 1 111
0.058960 -1.010673 0.123984 135 1 143
-0.124150 -0.991779 -0.050348 112 1 121
0.121962 -0.968877 -0.045400 143 1 122
-0.061496 -1.011156 0.120226 120 1 143
-0.034824 -0.987469 -0.126407 123 1 111
0.111036 -0.993013 0.069668 142 1 136
-0.125979 -0.976015 0.023091 111 1 130
0.079549 -1.010517 -0.105103 137 1 114
0.012051 -0.992971 0.128176 129 1 144
-0.092582 -0.968881 -0.083762 115 1 117
0.129698 -1.012795 -0.000805 144 1 127
-0.092160 -0.987766 0.085484 116 1 138
0.010202 -0.993047 -0.125157 129 1 112
0.075361 -0.977932 0.097041 137 1 140
-0.124317 -1.010324 -0.021195 112 1 125
0.103601 -0.994154 -0.066809 141 1 119
-0.030267 -0.968941 0.115444 124 1 143
-0.057879 -1.014367 -0.109772 120 1 114
0.113025 -0.988118 0.040483 142 1 133
-0.110464 -0.993033 0.046403 113 1 133
0.049097 -0.979898 -0.106638 134 1 114
0.036670 -1.010099 0.114419 132 1 142
-0.102057 -0.995324 -0.058301 115 1 120
0.110791 -0.969058 -0.025079 142 1 124
-0.067375 -1.015870 0.097109 119 1 140
-0.015371 -0.988525 -0.113102 126 1 113
0.087451 -0.992973 0.072780 139 1 137
-0.111504 -0.981910 0.005305 113 1 128
0.080233 -1.009845 -0.080840 138 1 117
-0.004458 -0.996476 0.111396 127 1 142
-0.069420 -0.969237 -0.082147 118 1 117
0.111038 -1.017300 0.014239 141 1 129
-0.088196 -0.988987 0.062181 116 1 135
0.022923 -0.992870 -0.104931 130 1 114
0.053026 -0.983963 0.091220 134 1 139
-0.102421 -1.009567 -0.031976 115 1 123
0.095103 -0.997608 -0.044658 140 1 122
-0.038475 -0.969480 0.093562 122 1 140
-0.036253 -1.018657 -0.098861 123 1 115
0.089968 -0.989504 0.046574 139 1 133
-0.097163 -0.992727 0.026258 115 1 131
0.053014 -0.986053 -0.083585 134 1 117
0.017599 -1.009270 0.098728 130 1 140
-0.078019 -0.998715 -0.059651 118 1 120
0.093988 -0.969791 -0.008374 140 1 126
-0.066217 -1.019938 0.072476 119 1 137
-0.000125 -0.990077 -0.094248 127 1 115
0.063196 -0.992547 0.068801 136 1 136
-0.091597 -0.988175 -0.007916 116 1 126
0.073545 -1.008958 -0.056541 137 1 120
-0.015700 -0.999793 0.089450 126 1 139
-0.046813 -0.970172 -0.073377 121 1 118
0.087382 -1.021141 0.023366 138 0 130
-0.076815 -0.990703 0.040024 118 0 133
0.029258 -0.992333 -0.080448 131 0 117
0.032254 -0.990324 0.077844 132 0 137
-0.076684 -1.008636 -0.035761 118 0 123
0.078919 -1.000841 -0.024869 138 0 124
-0.039546 -0.970625 0.068449 122 0 136
-0.017709 -1.022267 -0.080045 125 0 118
0.064070 -0.991383 0.044916 136 0 133
-0.076370 -0.992088 0.010000 118 0 129
0.048742 -0.992496 -0.057989 134 0 120
0.003225 -1.008308 0.075547 128 0 137
-0.052107 -1.001853 -0.052223 121 0 121
0.070099 -0.971153 0.003148 137 0 128
-0.055600 -1.023313 0.046523 121 0 133
0.009092 -0.992114 -0.068259 129 0 119
0.038560 -0.991816 0.055263 132 0 135
-0.064498 -0.994686 -0.014420 119 0 126
0.056726 -1.007978 -0.032606 135 0 123
-0.019226 -1.002828 0.060542 125 0 135
-0.025234 -0.971757 -0.054425 124 0 120
0.056802 -1.024281 0.023683 135 0 130
-0.054523 -0.992897 0.019693 121 0 130
0.026060 -0.991520 -0.049745 131 0 121
0.014004 -0.996889 0.052841 129 0 134
-0.044935 -1.007652 -0.028809 122 0 124
0.050481 -1.003762 -0.008745 134 0 126
-0.029147 -0.972439 0.037739 124 0 132
-0.004037 -1.025168 -0.047956 127 0 122
0.032688 -0.993727 0.030159 132 0 131
-0.042082 -0.991205 -0.000149 122 0 127
0.029582 -0.999099 -0.026907 131 0 124
-0.003430 -1.007333 0.037555 127 0 132
-0.021087 -1.004653 -0.027707 125 0 124
0.030298 -0.973199 0.005470 131 0 128
-0.024548 -1.025976 0.015493 124 0 129
0.006410 -0.994605 -0.023511 128 0 124
0.009073 -0.990876 0.017622 129 0 130
-0.013285 -1.001311 -0.004905 126 0 127
0.000000 -1.007025 0.000000 128 0 128
